-- MySQL dump 10.11
--
-- Host: localhost    Database: cacti
-- ------------------------------------------------------
-- Server version	5.0.77-log

/*!40101 SET @OLD_CHARACTER_SET_CLIENT=@@CHARACTER_SET_CLIENT */;
/*!40101 SET @OLD_CHARACTER_SET_RESULTS=@@CHARACTER_SET_RESULTS */;
/*!40101 SET @OLD_COLLATION_CONNECTION=@@COLLATION_CONNECTION */;
/*!40101 SET NAMES utf8 */;
/*!40103 SET @OLD_TIME_ZONE=@@TIME_ZONE */;
/*!40103 SET TIME_ZONE='+00:00' */;
/*!40014 SET @OLD_UNIQUE_CHECKS=@@UNIQUE_CHECKS, UNIQUE_CHECKS=0 */;
/*!40014 SET @OLD_FOREIGN_KEY_CHECKS=@@FOREIGN_KEY_CHECKS, FOREIGN_KEY_CHECKS=0 */;
/*!40101 SET @OLD_SQL_MODE=@@SQL_MODE, SQL_MODE='NO_AUTO_VALUE_ON_ZERO' */;
/*!40111 SET @OLD_SQL_NOTES=@@SQL_NOTES, SQL_NOTES=0 */;

--
-- Table structure for table `cdef`
--

DROP TABLE IF EXISTS `cdef`;
SET @saved_cs_client     = @@character_set_client;
SET character_set_client = utf8;
CREATE TABLE `cdef` (
  `id` mediumint(8) unsigned NOT NULL auto_increment,
  `hash` varchar(32) NOT NULL default '',
  `name` varchar(255) NOT NULL default '',
  PRIMARY KEY  (`id`)
) ENGINE=MyISAM AUTO_INCREMENT=17 DEFAULT CHARSET=latin1;
SET character_set_client = @saved_cs_client;

--
-- Dumping data for table `cdef`
--

LOCK TABLES `cdef` WRITE;
/*!40000 ALTER TABLE `cdef` DISABLE KEYS */;
INSERT INTO `cdef` VALUES (3,'3d352eed9fa8f7b2791205b3273708c7','Make Stack Negative'),(4,'e961cc8ec04fda6ed4981cf5ad501aa5','Make Per 5 Minutes'),(12,'f1ac79f05f255c02f914c920f1038c54','Total All Data Sources'),(2,'73f95f8b77b5508157d64047342c421e','Turn Bytes into Bits'),(14,'634a23af5e78af0964e8d33b1a4ed26b','Multiply by 1024'),(15,'068984b5ccdfd2048869efae5166f722','Total All Data Sources, Multiply by 1024'),(16,'4281cf63dfde6f44b46a59f022cf82b2','X Negate CDEF');
/*!40000 ALTER TABLE `cdef` ENABLE KEYS */;
UNLOCK TABLES;

--
-- Table structure for table `cdef_items`
--

DROP TABLE IF EXISTS `cdef_items`;
SET @saved_cs_client     = @@character_set_client;
SET character_set_client = utf8;
CREATE TABLE `cdef_items` (
  `id` mediumint(8) unsigned NOT NULL auto_increment,
  `hash` varchar(32) NOT NULL default '',
  `cdef_id` mediumint(8) unsigned NOT NULL default '0',
  `sequence` mediumint(8) unsigned NOT NULL default '0',
  `type` tinyint(2) NOT NULL default '0',
  `value` varchar(150) NOT NULL default '',
  PRIMARY KEY  (`id`),
  KEY `cdef_id` (`cdef_id`)
) ENGINE=MyISAM AUTO_INCREMENT=27 DEFAULT CHARSET=latin1;
SET character_set_client = @saved_cs_client;

--
-- Dumping data for table `cdef_items`
--

LOCK TABLES `cdef_items` WRITE;
/*!40000 ALTER TABLE `cdef_items` DISABLE KEYS */;
INSERT INTO `cdef_items` VALUES (7,'9bbf6b792507bb9bb17d2af0970f9be9',2,1,4,'CURRENT_DATA_SOURCE'),(9,'a4b8eb2c3bf4920a3ef571a7a004be53',2,2,6,'8'),(8,'caa4e023ac2d7b1c4b4c8c4adfd55dfe',2,3,2,'3'),(10,'c888c9fe6b62c26c4bfe23e18991731d',3,1,4,'CURRENT_DATA_SOURCE'),(11,'1e1d0b29a94e08b648c8f053715442a0',3,3,2,'3'),(12,'4355c197998c7f8b285be7821ddc6da4',3,2,6,'-1'),(13,'40bb7a1143b0f2e2efca14eb356236de',4,1,4,'CURRENT_DATA_SOURCE'),(14,'42686ea0925c0220924b7d333599cd67',4,3,2,'3'),(15,'faf1b148b2c0e0527362ed5b8ca1d351',4,2,6,'300'),(16,'0ef6b8a42dc83b4e43e437960fccd2ea',12,1,4,'ALL_DATA_SOURCES_NODUPS'),(18,'86370cfa0008fe8c56b28be80ee39a40',14,1,4,'CURRENT_DATA_SOURCE'),(19,'9a35cc60d47691af37f6fddf02064e20',14,2,6,'1024'),(20,'5d7a7941ec0440b257e5598a27dd1688',14,3,2,'3'),(21,'44fd595c60539ff0f5817731d9f43a85',15,1,4,'ALL_DATA_SOURCES_NODUPS'),(22,'aa38be265e5ac31783e57ce6f9314e9a',15,2,6,'1024'),(23,'204423d4b2598f1f7252eea19458345c',15,3,2,'3'),(24,'39d460ccabbb1f19bfebf71e84b15070',16,1,4,'CURRENT_DATA_SOURCE'),(25,'390f3e01ab124c1e22ed522de3221183',16,2,6,'-1'),(26,'fe6ddc8f638831cd799b3b19f964a3f8',16,3,2,'3');
/*!40000 ALTER TABLE `cdef_items` ENABLE KEYS */;
UNLOCK TABLES;

--
-- Table structure for table `colors`
--

DROP TABLE IF EXISTS `colors`;
SET @saved_cs_client     = @@character_set_client;
SET character_set_client = utf8;
CREATE TABLE `colors` (
  `id` mediumint(8) unsigned NOT NULL auto_increment,
  `hex` varchar(6) NOT NULL default '',
  PRIMARY KEY  (`id`)
) ENGINE=MyISAM AUTO_INCREMENT=162 DEFAULT CHARSET=latin1;
SET character_set_client = @saved_cs_client;

--
-- Dumping data for table `colors`
--

LOCK TABLES `colors` WRITE;
/*!40000 ALTER TABLE `colors` DISABLE KEYS */;
INSERT INTO `colors` VALUES (1,'000000'),(2,'FFFFFF'),(4,'FAFD9E'),(5,'C0C0C0'),(6,'74C366'),(7,'6DC8FE'),(8,'EA8F00'),(9,'FF0000'),(10,'4444FF'),(11,'FF00FF'),(12,'00FF00'),(13,'8D85F3'),(14,'AD3B6E'),(15,'EACC00'),(16,'12B3B5'),(17,'157419'),(18,'C4FD3D'),(19,'817C4E'),(20,'002A97'),(21,'0000FF'),(22,'00CF00'),(24,'F9FD5F'),(25,'FFF200'),(26,'CCBB00'),(27,'837C04'),(28,'EAAF00'),(29,'FFD660'),(30,'FFC73B'),(31,'FFAB00'),(33,'FF7D00'),(34,'ED7600'),(35,'FF5700'),(36,'EE5019'),(37,'B1441E'),(38,'FFC3C0'),(39,'FF897C'),(40,'FF6044'),(41,'FF4105'),(42,'DA4725'),(43,'942D0C'),(44,'FF3932'),(45,'862F2F'),(46,'FF5576'),(47,'562B29'),(48,'F51D30'),(49,'DE0056'),(50,'ED5394'),(51,'B90054'),(52,'8F005C'),(53,'F24AC8'),(54,'E8CDEF'),(55,'D8ACE0'),(56,'A150AA'),(57,'750F7D'),(58,'8D00BA'),(59,'623465'),(60,'55009D'),(61,'3D168B'),(62,'311F4E'),(63,'D2D8F9'),(64,'9FA4EE'),(65,'6557D0'),(66,'4123A1'),(67,'4668E4'),(68,'0D006A'),(69,'00004D'),(70,'001D61'),(71,'00234B'),(72,'002A8F'),(73,'2175D9'),(74,'7CB3F1'),(75,'005199'),(76,'004359'),(77,'00A0C1'),(78,'007283'),(79,'00BED9'),(80,'AFECED'),(81,'55D6D3'),(82,'00BBB4'),(83,'009485'),(84,'005D57'),(85,'008A77'),(86,'008A6D'),(87,'00B99B'),(88,'009F67'),(89,'00694A'),(90,'00A348'),(91,'00BF47'),(92,'96E78A'),(93,'00BD27'),(94,'35962B'),(95,'7EE600'),(96,'6EA100'),(97,'CAF100'),(98,'F5F800'),(99,'CDCFC4'),(100,'BCBEB3'),(101,'AAABA1'),(102,'8F9286'),(103,'797C6E'),(104,'2E3127'),(105,'3D1500'),(106,'EDAA41'),(107,'AA3B27'),(108,'13343B'),(109,'402204'),(110,'B3092B'),(111,'FFBF00'),(112,'0ABFCC'),(113,'793A57'),(114,'8C873E'),(115,'A38A5F'),(116,'306078'),(117,'686240'),(118,'4B2744'),(119,'E4C576'),(120,'D6883A'),(121,'E6D883'),(122,'55AD84'),(123,'6E3803'),(124,'5B8257'),(125,'AB4253'),(126,'D09887'),(127,'4A6959'),(128,'1D1159'),(129,'53777A'),(130,'C02942'),(131,'0C4E5D'),(132,'D9C7A3'),(133,'D1C5A5'),(134,'4D3339'),(135,'E97F02'),(136,'23B0BA'),(137,'D99362'),(138,'663344'),(139,'201A33'),(140,'661100'),(141,'784890'),(142,'D1642E'),(143,'487860'),(144,'907890'),(145,'1693A7'),(146,'783030'),(147,'FF7F00'),(148,'54382A'),(149,'B83A04'),(150,'B56414'),(151,'6E645A'),(152,'521808'),(153,'194240'),(154,'4D4A47'),(155,'C79F71'),(156,'BDB8B3'),(157,'8C286E'),(158,'BAB27F'),(159,'FA6900'),(160,'5A3D31'),(161,'69D2E7');
/*!40000 ALTER TABLE `colors` ENABLE KEYS */;
UNLOCK TABLES;

--
-- Table structure for table `data_input`
--

DROP TABLE IF EXISTS `data_input`;
SET @saved_cs_client     = @@character_set_client;
SET character_set_client = utf8;
CREATE TABLE `data_input` (
  `id` mediumint(8) unsigned NOT NULL auto_increment,
  `hash` varchar(32) NOT NULL default '',
  `name` varchar(200) NOT NULL default '',
  `input_string` varchar(255) default NULL,
  `type_id` tinyint(2) NOT NULL default '0',
  PRIMARY KEY  (`id`),
  KEY `name` (`name`)
) ENGINE=MyISAM AUTO_INCREMENT=48 DEFAULT CHARSET=latin1;
SET character_set_client = @saved_cs_client;

--
-- Dumping data for table `data_input`
--

LOCK TABLES `data_input` WRITE;
/*!40000 ALTER TABLE `data_input` DISABLE KEYS */;
INSERT INTO `data_input` VALUES (1,'3eb92bb845b9660a7445cf9740726522','Get SNMP Data','',2),(2,'bf566c869ac6443b0c75d1c32b5a350e','Get SNMP Data (Indexed)','',3),(3,'274f4685461170b9eb1b98d22567ab5e','Unix - Get Free Disk Space','<path_cacti>/scripts/diskfree.sh <partition>',1),(4,'95ed0993eb3095f9920d431ac80f4231','Unix - Get Load Average','perl <path_cacti>/scripts/loadavg_multi.pl',1),(5,'79a284e136bb6b061c6f96ec219ac448','Unix - Get Logged In Users','perl <path_cacti>/scripts/unix_users.pl <username>',1),(6,'362e6d4768937c4f899dd21b91ef0ff8','Linux - Get Memory Usage','perl <path_cacti>/scripts/linux_memory.pl <grepstr>',1),(7,'a637359e0a4287ba43048a5fdf202066','Unix - Get System Processes','perl <path_cacti>/scripts/unix_processes.pl',1),(8,'47d6bfe8be57a45171afd678920bd399','Unix - Get TCP Connections','perl <path_cacti>/scripts/unix_tcp_connections.pl <grepstr>',1),(9,'cc948e4de13f32b6aea45abaadd287a3','Unix - Get Web Hits','perl <path_cacti>/scripts/webhits.pl <log_path>',1),(10,'8bd153aeb06e3ff89efc73f35849a7a0','Unix - Ping Host','perl <path_cacti>/scripts/ping.pl <ip>',1),(11,'80e9e4c4191a5da189ae26d0e237f015','Get Script Data (Indexed)','',4),(12,'332111d8b54ac8ce939af87a7eac0c06','Get Script Server Data (Indexed)','',6),(13,'d1b12a92fd0acac4fc87d2f086d91dce','X Get MySQL Stats/MyISAM Indexes IM','<path_php_binary> -q <path_cacti>/scripts/ss_get_mysql_stats.php --host <hostname> --items a0,a1,a2,a3 --user <username> --pass <password> --port <port>',1),(14,'231d49fbc13ec1e8647b2e3f7c0a7d3d','X Get MySQL Stats/InnoDB Buffer Pool IM','<path_php_binary> -q <path_cacti>/scripts/ss_get_mysql_stats.php --host <hostname> --items aa,ab,ac,ad --user <username> --pass <password> --port <port>',1),(15,'e37409e763d5a679b6c43d0b916c126f','X Get MySQL Stats/InnoDB I/O IM','<path_php_binary> -q <path_cacti>/scripts/ss_get_mysql_stats.php --host <hostname> --items ah,ai,aj,ak --user <username> --pass <password> --port <port>',1),(16,'44767ecb1a4dd260e28b808f6a83b947','X Get MySQL Stats/InnoDB Insert Buffer IM','<path_php_binary> -q <path_cacti>/scripts/ss_get_mysql_stats.php --host <hostname> --items au,av,aw --user <username> --pass <password> --port <port>',1),(17,'3c695560127d9b9a761f4b184addbb52','X Get MySQL Stats/InnoDB Insert Buffer Usage IM','<path_php_binary> -q <path_cacti>/scripts/ss_get_mysql_stats.php --host <hostname> --items e4,e5,e6 --user <username> --pass <password> --port <port>',1),(18,'02bf481387c0239d454cde4995bf967f','X Get MySQL Stats/InnoDB Semaphores IM','<path_php_binary> -q <path_cacti>/scripts/ss_get_mysql_stats.php --host <hostname> --items ax,ay,az --user <username> --pass <password> --port <port>',1),(19,'b4d7a42295e8108c7262a354ffddfa9f','X Get MySQL Stats/InnoDB Row Operations IM','<path_php_binary> -q <path_cacti>/scripts/ss_get_mysql_stats.php --host <hostname> --items b0,b1,b2,b3 --user <username> --pass <password> --port <port>',1),(20,'ed9f6a0a1a5b45c4f3411ab0163827f6','X Get MySQL Stats/MySQL Table Locks IM','<path_php_binary> -q <path_cacti>/scripts/ss_get_mysql_stats.php --host <hostname> --items b4,b5,b6 --user <username> --pass <password> --port <port>',1),(21,'af6494c205b93e3334b3afa5cd9ca8da','X Get MySQL Stats/MySQL Connections IM','<path_php_binary> -q <path_cacti>/scripts/ss_get_mysql_stats.php --host <hostname> --items bd,be,bf,bi,bl,bn --user <username> --pass <password> --port <port>',1),(22,'a95669f400e719527118719668146d3b','X Get MySQL Stats/MySQL Replication IM','<path_php_binary> -q <path_cacti>/scripts/ss_get_mysql_stats.php --host <hostname> --items bo,bp,bq,br,bs --user <username> --pass <password> --port <port>',1),(23,'6d8ae2475297ae2ff6c02c3ea6bd8639','X Get MySQL Stats/MySQL Query Cache IM','<path_php_binary> -q <path_cacti>/scripts/ss_get_mysql_stats.php --host <hostname> --items bv,bw,bx,by,bz --user <username> --pass <password> --port <port>',1),(24,'41195b7890061718c953d1f791b8ec9b','X Get MySQL Stats/MySQL Query Cache Memory IM','<path_php_binary> -q <path_cacti>/scripts/ss_get_mysql_stats.php --host <hostname> --items bt,bu,c0,c1 --user <username> --pass <password> --port <port>',1),(25,'363119d8d8dd804750c9923095395390','X Get MySQL Stats/MySQL Command Counters IM','<path_php_binary> -q <path_cacti>/scripts/ss_get_mysql_stats.php --host <hostname> --items c2,c3,c4,c5,c6,c7,c8,c9,ca,cb,cc --user <username> --pass <password> --port <port>',1),(26,'4dea5c67ce9985cad087bf167842fe2a','X Get MySQL Stats/MySQL Select Types IM','<path_php_binary> -q <path_cacti>/scripts/ss_get_mysql_stats.php --host <hostname> --items cd,ce,cf,cg,ch --user <username> --pass <password> --port <port>',1),(27,'b751b80e28614ff0ad03ab349a67f592','X Get MySQL Stats/MySQL Sorts IM','<path_php_binary> -q <path_cacti>/scripts/ss_get_mysql_stats.php --host <hostname> --items ci,cj,ck,cl --user <username> --pass <password> --port <port>',1),(28,'6b613d54822aade1424b14a3c139d6ef','X Get MySQL Stats/MySQL Temporary Objects IM','<path_php_binary> -q <path_cacti>/scripts/ss_get_mysql_stats.php --host <hostname> --items cm,cn,co --user <username> --pass <password> --port <port>',1),(29,'75f443ceedce0945d6ef143d7a725d03','X Get MySQL Stats/MySQL Network Traffic IM','<path_php_binary> -q <path_cacti>/scripts/ss_get_mysql_stats.php --host <hostname> --items cp,cq --user <username> --pass <password> --port <port>',1),(30,'80e998630b4ceb3ca92acd31450a6c94','X Get MySQL Stats/InnoDB Buffer Pool Activity IM','<path_php_binary> -q <path_cacti>/scripts/ss_get_mysql_stats.php --host <hostname> --items ae,af,ag --user <username> --pass <password> --port <port>',1),(31,'05be6970cf4d2712485e6573200f700e','X Get MySQL Stats/InnoDB I/O Pending IM','<path_php_binary> -q <path_cacti>/scripts/ss_get_mysql_stats.php --host <hostname> --items al,am,an,ao,ap,aq,ar,as,at --user <username> --pass <password> --port <port>',1),(32,'6be56dde8a71fd0ee250b38efa5fd401','X Get MySQL Stats/InnoDB Log IM','<path_php_binary> -q <path_cacti>/scripts/ss_get_mysql_stats.php --host <hostname> --items cr,cs,ct,cu --user <username> --pass <password> --port <port>',1),(33,'a667016388f534eb2a1664f044be5022','X Get MySQL Stats/MySQL Binary/Relay Logs IM','<path_php_binary> -q <path_cacti>/scripts/ss_get_mysql_stats.php --host <hostname> --items cv,cx,cy,cz --user <username> --pass <password> --port <port>',1),(34,'f88f0a77e7b489afe7b0c5b5a247fde7','X Get MySQL Stats/InnoDB Transactions IM','<path_php_binary> -q <path_cacti>/scripts/ss_get_mysql_stats.php --host <hostname> --items a4,a5,a6,a7 --user <username> --pass <password> --port <port>',1),(35,'98648d46e7d41bc3b78e7a0995bb3df2','X Get MySQL Stats/InnoDB Active/Locked Transactions IM','<path_php_binary> -q <path_cacti>/scripts/ss_get_mysql_stats.php --host <hostname> --items a8,a9 --user <username> --pass <password> --port <port>',1),(36,'6cfd9269d744f7ddd3b7306b78f8a62d','X Get MySQL Stats/MySQL Files and Tables IM','<path_php_binary> -q <path_cacti>/scripts/ss_get_mysql_stats.php --host <hostname> --items b7,b8,b9,bc --user <username> --pass <password> --port <port>',1),(37,'975b8e9265c5b0ea6321e0bfed61e737','X Get MySQL Stats/MySQL Threads IM','<path_php_binary> -q <path_cacti>/scripts/ss_get_mysql_stats.php --host <hostname> --items bj,bm --user <username> --pass <password> --port <port>',1),(38,'c6895660cb2ba1363ec97aee4b143c3c','X Get MySQL Stats/InnoDB Memory Allocation IM','<path_php_binary> -q <path_cacti>/scripts/ss_get_mysql_stats.php --host <hostname> --items e1,e2 --user <username> --pass <password> --port <port>',1),(39,'5a5fba179d44fdd8fb0518f75ee45f89','X Get MySQL Stats/InnoDB Adaptive Hash Index IM','<path_php_binary> -q <path_cacti>/scripts/ss_get_mysql_stats.php --host <hostname> --items dz,e0 --user <username> --pass <password> --port <port>',1),(40,'3160a63780b70c58cfdf9f46187fb9ac','X Get MySQL Stats/InnoDB Internal Hash Memory Usage IM','<path_php_binary> -q <path_cacti>/scripts/ss_get_mysql_stats.php --host <hostname> --items e7,e8,e9,ea,eb,ec,ed --user <username> --pass <password> --port <port>',1),(41,'4f47f7afbd31085b3a1d3bc1907fb44e','X Get MySQL Stats/InnoDB Tables In Use IM','<path_php_binary> -q <path_cacti>/scripts/ss_get_mysql_stats.php --host <hostname> --items d0,dx --user <username> --pass <password> --port <port>',1),(42,'5c14988926b8662337ce572e756613bf','X Get MySQL Stats/InnoDB Current Lock Waits IM','<path_php_binary> -q <path_cacti>/scripts/ss_get_mysql_stats.php --host <hostname> --items dy --user <username> --pass <password> --port <port>',1),(43,'96fe4a1a6f0492a84bcf6833c1f5cb9a','X Get MySQL Stats/InnoDB Lock Structures IM','<path_php_binary> -q <path_cacti>/scripts/ss_get_mysql_stats.php --host <hostname> --items d1 --user <username> --pass <password> --port <port>',1),(44,'aae528e1e3a5ba3da5d11559c36f1434','X Get MySQL Stats/InnoDB Checkpoint Age IM','<path_php_binary> -q <path_cacti>/scripts/ss_get_mysql_stats.php --host <hostname> --items e3 --user <username> --pass <password> --port <port>',1),(45,'5120205476e66b2a437ffab9c95c3e56','X Get MySQL Stats/MySQL Processlist IM','<path_php_binary> -q <path_cacti>/scripts/ss_get_mysql_stats.php --host <hostname> --items d2,d3,d4,d5,d6,d7,d8,d9,da,db,dc,dd,de,df,dg,dh --user <username> --pass <password> --port <port>',1),(46,'8fab7d5049b9440dadd5a8fa4d2b28d0','X Get MySQL Stats/MySQL Transaction Handler IM','<path_php_binary> -q <path_cacti>/scripts/ss_get_mysql_stats.php --host <hostname> --items di,ds,dt,du --user <username> --pass <password> --port <port>',1),(47,'e04942bc533e105eb605f9c14a8f440c','X Get MySQL Stats/MySQL Handlers IM','<path_php_binary> -q <path_cacti>/scripts/ss_get_mysql_stats.php --host <hostname> --items dj,dm,dn,do,dp,dq,dr,dv,dw --user <username> --pass <password> --port <port>',1);
/*!40000 ALTER TABLE `data_input` ENABLE KEYS */;
UNLOCK TABLES;

--
-- Table structure for table `data_input_data`
--

DROP TABLE IF EXISTS `data_input_data`;
SET @saved_cs_client     = @@character_set_client;
SET character_set_client = utf8;
CREATE TABLE `data_input_data` (
  `data_input_field_id` mediumint(8) unsigned NOT NULL default '0',
  `data_template_data_id` mediumint(8) unsigned NOT NULL default '0',
  `t_value` char(2) default NULL,
  `value` text,
  PRIMARY KEY  (`data_input_field_id`,`data_template_data_id`),
  KEY `t_value` (`t_value`)
) ENGINE=MyISAM DEFAULT CHARSET=latin1;
SET character_set_client = @saved_cs_client;

--
-- Dumping data for table `data_input_data`
--

LOCK TABLES `data_input_data` WRITE;
/*!40000 ALTER TABLE `data_input_data` DISABLE KEYS */;
INSERT INTO `data_input_data` VALUES (14,1,'on',''),(13,1,'on',''),(12,1,'on',''),(14,2,'on',''),(13,2,'on',''),(12,2,'on',''),(14,3,'on',''),(13,3,'on',''),(12,3,'on',''),(1,4,'',''),(1,5,'',''),(1,6,'',''),(14,7,'on',''),(13,7,'on',''),(12,7,'on',''),(14,8,'on',''),(13,8,'on',''),(12,8,'on',''),(14,9,'on',''),(13,9,'on',''),(12,9,'on',''),(14,10,'on',''),(13,10,'on',''),(12,10,'on',''),(22,12,'','Buffers:'),(22,13,'','MemFree:'),(22,14,'','^Cached:'),(22,15,'','SwapFree:'),(29,18,'',''),(1,19,'',''),(2,19,'',''),(6,21,'','.1.3.6.1.2.1.25.3.3.1.2.1'),(1,27,'',''),(6,28,'','.1.3.6.1.4.1.9.9.109.1.1.1.1.3.1'),(6,29,'','.1.3.6.1.4.1.9.9.109.1.1.1.1.4.1'),(1,30,'',''),(1,31,'',''),(1,32,'',''),(1,33,'',''),(1,34,'',''),(14,35,'on',''),(13,35,'on',''),(12,35,'on',''),(14,36,'on',''),(13,36,'on',''),(12,36,'on',''),(1,22,'',''),(1,23,'',''),(1,24,'',''),(1,25,'',''),(1,26,'',''),(33,37,'on',''),(32,37,'on',''),(31,37,'on',''),(14,38,'on',''),(13,38,'on',''),(12,38,'on',''),(14,39,'on',''),(13,39,'on',''),(12,39,'on',''),(14,40,'on',''),(13,40,'on',''),(12,40,'on',''),(14,41,'on',''),(13,41,'on',''),(12,41,'on',''),(14,55,'on',''),(13,55,'on',''),(12,55,'on',''),(37,56,'on',''),(36,56,'on',''),(35,56,'on',''),(37,57,'on',''),(36,57,'on',''),(35,57,'on',''),(1,58,'',''),(1,59,'',''),(1,20,'',''),(5,6,'',''),(22,62,NULL,'MemFree:'),(22,63,NULL,'SwapFree:'),(4,6,'',''),(3,6,'',''),(2,6,'',''),(6,69,'on',''),(1,68,'',''),(2,68,'',''),(6,6,'','.1.3.6.1.4.1.2021.11.51.0'),(2,27,'',''),(3,27,'',''),(4,27,'',''),(5,27,'',''),(6,27,'','.1.3.6.1.4.1.9.2.1.58.0'),(2,59,'',''),(3,59,'',''),(4,59,'',''),(5,59,'',''),(6,59,'','.1.3.6.1.2.1.25.1.5.0'),(2,58,'',''),(3,58,'',''),(4,58,'',''),(5,58,'',''),(6,58,'','.1.3.6.1.2.1.25.1.6.0'),(2,24,'',''),(3,24,'',''),(4,24,'',''),(5,24,'',''),(6,24,'','.1.3.6.1.4.1.23.2.28.2.5.0'),(2,25,'',''),(3,25,'',''),(4,25,'',''),(5,25,'',''),(6,25,'','.1.3.6.1.4.1.23.2.28.2.6.0'),(2,22,'',''),(3,22,'',''),(4,22,'',''),(5,22,'',''),(6,22,'','.1.3.6.1.4.1.23.2.28.2.1.0'),(2,23,'',''),(3,23,'',''),(4,23,'',''),(5,23,'',''),(6,23,'','.1.3.6.1.4.1.23.2.28.2.2.0'),(2,26,'',''),(3,26,'',''),(4,26,'',''),(5,26,'',''),(6,26,'','.1.3.6.1.4.1.23.2.28.2.7.0'),(2,20,'',''),(3,20,'',''),(4,20,'',''),(5,20,'',''),(6,20,'','.1.3.6.1.4.1.23.2.28.3.2.0'),(3,19,'',''),(4,19,'',''),(5,19,'',''),(6,19,'','.1.3.6.1.4.1.23.2.28.3.1'),(2,4,'',''),(3,4,'',''),(4,4,'',''),(5,4,'',''),(6,4,'','.1.3.6.1.4.1.2021.11.52.0'),(2,5,'',''),(3,5,'',''),(4,5,'',''),(5,5,'',''),(6,5,'','.1.3.6.1.4.1.2021.11.50.0'),(2,30,'',''),(3,30,'',''),(4,30,'',''),(5,30,'',''),(6,30,'','.1.3.6.1.4.1.2021.10.1.3.1'),(2,32,'',''),(3,32,'',''),(4,32,'',''),(5,32,'',''),(6,32,'','.1.3.6.1.4.1.2021.10.1.3.3'),(2,31,'',''),(3,31,'',''),(4,31,'',''),(5,31,'',''),(6,31,'','.1.3.6.1.4.1.2021.10.1.3.2'),(2,33,'',''),(3,33,'',''),(4,33,'',''),(5,33,'',''),(6,33,'','.1.3.6.1.4.1.2021.4.14.0'),(3,68,'',''),(4,68,'',''),(5,68,'',''),(6,68,'','.1.3.6.1.4.1.2021.4.15.0'),(2,34,'',''),(3,34,'',''),(4,34,'',''),(5,34,'',''),(6,34,'','.1.3.6.1.4.1.2021.4.6.0'),(20,17,'',''),(20,65,NULL,''),(47,70,'',''),(48,70,'',''),(49,70,'',''),(50,70,'',''),(55,71,'',''),(56,71,'',''),(57,71,'',''),(58,71,'',''),(63,72,'',''),(64,72,'',''),(65,72,'',''),(66,72,'',''),(71,73,'',''),(72,73,'',''),(73,73,'',''),(74,73,'',''),(78,74,'',''),(79,74,'',''),(80,74,'',''),(81,74,'',''),(85,75,'',''),(86,75,'',''),(87,75,'',''),(88,75,'',''),(92,76,'',''),(93,76,'',''),(94,76,'',''),(95,76,'',''),(100,77,'',''),(101,77,'',''),(102,77,'',''),(103,77,'',''),(107,78,'',''),(108,78,'',''),(109,78,'',''),(110,78,'',''),(117,79,'',''),(118,79,'',''),(119,79,'',''),(120,79,'',''),(126,80,'',''),(127,80,'',''),(128,80,'',''),(129,80,'',''),(135,81,'',''),(136,81,'',''),(137,81,'',''),(138,81,'',''),(143,82,'',''),(144,82,'',''),(145,82,'',''),(146,82,'',''),(158,83,'',''),(159,83,'',''),(160,83,'',''),(161,83,'',''),(167,84,'',''),(168,84,'',''),(169,84,'',''),(170,84,'',''),(175,85,'',''),(176,85,'',''),(177,85,'',''),(178,85,'',''),(182,86,'',''),(183,86,'',''),(184,86,'',''),(185,86,'',''),(188,87,'',''),(189,87,'',''),(190,87,'',''),(191,87,'',''),(195,88,'',''),(196,88,'',''),(197,88,'',''),(198,88,'',''),(208,89,'',''),(209,89,'',''),(210,89,'',''),(211,89,'',''),(216,90,'',''),(217,90,'',''),(218,90,'',''),(219,90,'',''),(224,91,'',''),(225,91,'',''),(226,91,'',''),(227,91,'',''),(232,92,'',''),(233,92,'',''),(234,92,'',''),(235,92,'',''),(238,93,'',''),(239,93,'',''),(240,93,'',''),(241,93,'',''),(246,94,'',''),(247,94,'',''),(248,94,'',''),(249,94,'',''),(252,95,'',''),(253,95,'',''),(254,95,'',''),(255,95,'',''),(258,96,'',''),(259,96,'',''),(260,96,'',''),(261,96,'',''),(264,97,'',''),(265,97,'',''),(266,97,'',''),(267,97,'',''),(275,98,'',''),(276,98,'',''),(277,98,'',''),(278,98,'',''),(281,99,'',''),(282,99,'',''),(283,99,'',''),(284,99,'',''),(286,100,'',''),(287,100,'',''),(288,100,'',''),(289,100,'',''),(291,101,'',''),(292,101,'',''),(293,101,'',''),(294,101,'',''),(296,102,'',''),(297,102,'',''),(298,102,'',''),(299,102,'',''),(316,103,'',''),(317,103,'',''),(318,103,'',''),(319,103,'',''),(324,104,'',''),(325,104,'',''),(326,104,'',''),(327,104,'',''),(55,105,NULL,'127.0.0.1'),(56,105,'',''),(57,105,'',''),(58,105,'',''),(143,106,NULL,'127.0.0.1'),(144,106,'',''),(145,106,'',''),(146,106,'',''),(107,107,NULL,'127.0.0.1'),(108,107,'',''),(109,107,'',''),(110,107,'',''),(238,108,NULL,'127.0.0.1'),(239,108,'',''),(240,108,'',''),(241,108,'',''),(182,109,NULL,'127.0.0.1'),(183,109,'',''),(184,109,'',''),(185,109,'',''),(126,110,NULL,'127.0.0.1'),(127,110,'',''),(128,110,'',''),(129,110,'',''),(175,111,NULL,'127.0.0.1'),(176,111,'',''),(177,111,'',''),(178,111,'',''),(100,112,NULL,'127.0.0.1'),(101,112,'',''),(102,112,'',''),(103,112,'',''),(22,113,'','MemFree:'),(22,114,'','SwapFree:'),(20,116,'',''),(55,118,NULL,'192.168.100.48'),(56,118,'',''),(57,118,'',''),(58,118,'',''),(143,119,NULL,'192.168.100.48'),(144,119,'',''),(145,119,'',''),(146,119,'',''),(182,120,NULL,'192.168.100.48'),(183,120,'',''),(184,120,'',''),(185,120,'',''),(126,121,NULL,'192.168.100.48'),(127,121,'',''),(128,121,'',''),(129,121,'',''),(100,122,NULL,'192.168.100.48'),(101,122,'',''),(102,122,'',''),(103,122,'',''),(175,123,NULL,'192.168.100.48'),(176,123,'',''),(177,123,'',''),(178,123,'',''),(1,124,NULL,'192.168.100.48'),(5,124,NULL,'1'),(4,124,NULL,''),(3,124,NULL,''),(2,124,NULL,'addv-db2'),(6,124,'','.1.3.6.1.4.1.2021.11.51.0'),(1,125,NULL,'192.168.100.48'),(2,125,NULL,'addv-db2'),(3,125,NULL,''),(4,125,NULL,''),(5,125,NULL,'1'),(6,125,'','.1.3.6.1.4.1.2021.11.52.0'),(1,126,NULL,'192.168.100.48'),(2,126,NULL,'addv-db2'),(3,126,NULL,''),(4,126,NULL,''),(5,126,NULL,'1'),(6,126,'','.1.3.6.1.4.1.2021.11.50.0'),(40,124,NULL,'161'),(41,124,NULL,''),(42,124,NULL,''),(43,124,NULL,''),(40,125,NULL,'161'),(41,125,NULL,''),(42,125,NULL,''),(43,125,NULL,''),(40,126,NULL,'161'),(41,126,NULL,''),(42,126,NULL,''),(43,126,NULL,''),(1,127,NULL,'192.168.100.48'),(2,127,NULL,'addv-db2'),(3,127,NULL,''),(4,127,NULL,''),(5,127,NULL,'1'),(6,127,'','.1.3.6.1.4.1.2021.10.1.3.1'),(1,128,NULL,'192.168.100.48'),(2,128,NULL,'addv-db2'),(3,128,NULL,''),(4,128,NULL,''),(5,128,NULL,'1'),(6,128,'','.1.3.6.1.4.1.2021.10.1.3.3'),(1,129,NULL,'192.168.100.48'),(2,129,NULL,'addv-db2'),(3,129,NULL,''),(4,129,NULL,''),(5,129,NULL,'1'),(6,129,'','.1.3.6.1.4.1.2021.10.1.3.2'),(40,127,NULL,'161'),(41,127,NULL,''),(42,127,NULL,''),(43,127,NULL,''),(40,128,NULL,'161'),(41,128,NULL,''),(42,128,NULL,''),(43,128,NULL,''),(40,129,NULL,'161'),(41,129,NULL,''),(42,129,NULL,''),(43,129,NULL,''),(1,130,NULL,'192.168.100.48'),(2,130,NULL,'addv-db2'),(3,130,NULL,''),(4,130,NULL,''),(5,130,NULL,'1'),(6,130,'','.1.3.6.1.4.1.2021.4.14.0'),(1,131,NULL,'192.168.100.48'),(2,131,NULL,'addv-db2'),(3,131,NULL,''),(4,131,NULL,''),(5,131,NULL,'1'),(6,131,'','.1.3.6.1.4.1.2021.4.15.0'),(1,132,NULL,'192.168.100.48'),(2,132,NULL,'addv-db2'),(3,132,NULL,''),(4,132,NULL,''),(5,132,NULL,'1'),(6,132,'','.1.3.6.1.4.1.2021.4.6.0'),(40,130,NULL,'161'),(41,130,NULL,''),(42,130,NULL,''),(43,130,NULL,''),(40,131,NULL,'161'),(41,131,NULL,''),(42,131,NULL,''),(43,131,NULL,''),(40,132,NULL,'161'),(41,132,NULL,''),(42,132,NULL,''),(43,132,NULL,''),(143,133,NULL,'192.168.100.48'),(144,133,'',''),(145,133,'',''),(146,133,'',''),(14,134,'','13'),(13,134,'','eth1'),(12,134,'','ifDescr'),(7,134,NULL,'192.168.100.48'),(8,134,NULL,'addv-db2'),(9,134,NULL,''),(10,134,NULL,''),(11,134,NULL,'1'),(39,134,NULL,'161'),(44,134,NULL,''),(45,134,NULL,''),(46,134,NULL,''),(1,135,NULL,'192.168.100.42'),(5,135,NULL,'1'),(4,135,NULL,''),(3,135,NULL,''),(2,135,NULL,'webserv1-addv'),(6,135,'','.1.3.6.1.4.1.2021.11.51.0'),(1,136,NULL,'192.168.100.42'),(2,136,NULL,'webserv1-addv'),(3,136,NULL,''),(4,136,NULL,''),(5,136,NULL,'1'),(6,136,'','.1.3.6.1.4.1.2021.11.52.0'),(1,137,NULL,'192.168.100.42'),(2,137,NULL,'webserv1-addv'),(3,137,NULL,''),(4,137,NULL,''),(5,137,NULL,'1'),(6,137,'','.1.3.6.1.4.1.2021.11.50.0'),(40,135,NULL,'161'),(41,135,NULL,''),(42,135,NULL,''),(43,135,NULL,''),(40,136,NULL,'161'),(41,136,NULL,''),(42,136,NULL,''),(43,136,NULL,''),(40,137,NULL,'161'),(41,137,NULL,''),(42,137,NULL,''),(43,137,NULL,''),(1,138,NULL,'192.168.100.42'),(2,138,NULL,'webserv1-addv'),(3,138,NULL,''),(4,138,NULL,''),(5,138,NULL,'1'),(6,138,'','.1.3.6.1.4.1.2021.10.1.3.1'),(1,139,NULL,'192.168.100.42'),(2,139,NULL,'webserv1-addv'),(3,139,NULL,''),(4,139,NULL,''),(5,139,NULL,'1'),(6,139,'','.1.3.6.1.4.1.2021.10.1.3.3'),(1,140,NULL,'192.168.100.42'),(2,140,NULL,'webserv1-addv'),(3,140,NULL,''),(4,140,NULL,''),(5,140,NULL,'1'),(6,140,'','.1.3.6.1.4.1.2021.10.1.3.2'),(40,138,NULL,'161'),(41,138,NULL,''),(42,138,NULL,''),(43,138,NULL,''),(40,139,NULL,'161'),(41,139,NULL,''),(42,139,NULL,''),(43,139,NULL,''),(40,140,NULL,'161'),(41,140,NULL,''),(42,140,NULL,''),(43,140,NULL,''),(1,141,NULL,'192.168.100.42'),(2,141,NULL,'webserv1-addv'),(3,141,NULL,''),(4,141,NULL,''),(5,141,NULL,'1'),(6,141,'','.1.3.6.1.4.1.2021.4.14.0'),(1,142,NULL,'192.168.100.42'),(2,142,NULL,'webserv1-addv'),(3,142,NULL,''),(4,142,NULL,''),(5,142,NULL,'1'),(6,142,'','.1.3.6.1.4.1.2021.4.15.0'),(1,143,NULL,'192.168.100.42'),(2,143,NULL,'webserv1-addv'),(3,143,NULL,''),(4,143,NULL,''),(5,143,NULL,'1'),(6,143,'','.1.3.6.1.4.1.2021.4.6.0'),(40,141,NULL,'161'),(41,141,NULL,''),(42,141,NULL,''),(43,141,NULL,''),(40,142,NULL,'161'),(41,142,NULL,''),(42,142,NULL,''),(43,142,NULL,''),(40,143,NULL,'161'),(41,143,NULL,''),(42,143,NULL,''),(43,143,NULL,''),(20,144,'',''),(14,145,'','13'),(13,145,'','eth1'),(12,145,'','ifDescr'),(7,145,NULL,'192.168.100.42'),(8,145,NULL,'webserv1-addv'),(9,145,NULL,''),(10,145,NULL,''),(11,145,NULL,'1'),(39,145,NULL,'161'),(44,145,NULL,''),(45,145,NULL,''),(46,145,NULL,''),(1,146,NULL,'192.168.100.44'),(5,146,NULL,'1'),(4,146,NULL,''),(3,146,NULL,''),(2,146,NULL,'web2-addventures'),(6,146,'','.1.3.6.1.4.1.2021.11.51.0'),(1,147,NULL,'192.168.100.44'),(2,147,NULL,'web2-addventures'),(3,147,NULL,''),(4,147,NULL,''),(5,147,NULL,'1'),(6,147,'','.1.3.6.1.4.1.2021.11.52.0'),(1,148,NULL,'192.168.100.44'),(2,148,NULL,'web2-addventures'),(3,148,NULL,''),(4,148,NULL,''),(5,148,NULL,'1'),(6,148,'','.1.3.6.1.4.1.2021.11.50.0'),(40,146,NULL,'161'),(41,146,NULL,''),(42,146,NULL,''),(43,146,NULL,''),(40,147,NULL,'161'),(41,147,NULL,''),(42,147,NULL,''),(43,147,NULL,''),(40,148,NULL,'161'),(41,148,NULL,''),(42,148,NULL,''),(43,148,NULL,''),(1,149,NULL,'192.168.100.44'),(2,149,NULL,'web2-addventures'),(3,149,NULL,''),(4,149,NULL,''),(5,149,NULL,'1'),(6,149,'','.1.3.6.1.4.1.2021.10.1.3.1'),(1,150,NULL,'192.168.100.44'),(2,150,NULL,'web2-addventures'),(3,150,NULL,''),(4,150,NULL,''),(5,150,NULL,'1'),(6,150,'','.1.3.6.1.4.1.2021.10.1.3.3'),(1,151,NULL,'192.168.100.44'),(2,151,NULL,'web2-addventures'),(3,151,NULL,''),(4,151,NULL,''),(5,151,NULL,'1'),(6,151,'','.1.3.6.1.4.1.2021.10.1.3.2'),(40,149,NULL,'161'),(41,149,NULL,''),(42,149,NULL,''),(43,149,NULL,''),(40,150,NULL,'161'),(41,150,NULL,''),(42,150,NULL,''),(43,150,NULL,''),(40,151,NULL,'161'),(41,151,NULL,''),(42,151,NULL,''),(43,151,NULL,''),(1,152,NULL,'192.168.100.44'),(2,152,NULL,'web2-addventures'),(3,152,NULL,''),(4,152,NULL,''),(5,152,NULL,'1'),(6,152,'','.1.3.6.1.4.1.2021.4.14.0'),(1,153,NULL,'192.168.100.44'),(2,153,NULL,'web2-addventures'),(3,153,NULL,''),(4,153,NULL,''),(5,153,NULL,'1'),(6,153,'','.1.3.6.1.4.1.2021.4.15.0'),(1,154,NULL,'192.168.100.44'),(2,154,NULL,'web2-addventures'),(3,154,NULL,''),(4,154,NULL,''),(5,154,NULL,'1'),(6,154,'','.1.3.6.1.4.1.2021.4.6.0'),(40,152,NULL,'161'),(41,152,NULL,''),(42,152,NULL,''),(43,152,NULL,''),(40,153,NULL,'161'),(41,153,NULL,''),(42,153,NULL,''),(43,153,NULL,''),(40,154,NULL,'161'),(41,154,NULL,''),(42,154,NULL,''),(43,154,NULL,''),(14,155,'','13'),(13,155,'','eth0'),(12,155,'','ifDescr'),(7,155,NULL,'192.168.100.44'),(8,155,NULL,'web2-addventures'),(9,155,NULL,''),(10,155,NULL,''),(11,155,NULL,'1'),(39,155,NULL,'161'),(44,155,NULL,''),(45,155,NULL,''),(46,155,NULL,''),(43,172,NULL,''),(42,172,NULL,''),(41,172,NULL,''),(40,172,NULL,'161'),(43,171,NULL,''),(42,171,NULL,''),(41,171,NULL,''),(40,171,NULL,'161'),(14,158,'','13'),(13,158,'','eth0'),(12,158,'','ifDescr'),(7,158,NULL,'192.168.100.38'),(8,158,NULL,'dev1app-addv'),(9,158,NULL,''),(10,158,NULL,''),(11,158,NULL,'1'),(39,158,NULL,'161'),(44,158,NULL,''),(45,158,NULL,''),(46,158,NULL,''),(6,173,'','.1.3.6.1.4.1.2021.11.50.0'),(5,173,NULL,'1'),(4,173,NULL,''),(3,173,NULL,''),(2,173,NULL,'dev1db.addventures'),(1,173,NULL,'207.21.210.40'),(6,172,'','.1.3.6.1.4.1.2021.11.52.0'),(5,172,NULL,'1'),(4,172,NULL,''),(3,172,NULL,''),(2,172,NULL,'dev1db.addventures'),(1,172,NULL,'207.21.210.40'),(6,171,'','.1.3.6.1.4.1.2021.11.51.0'),(2,171,NULL,'dev1db.addventures'),(3,171,NULL,''),(4,171,NULL,''),(5,171,NULL,'1'),(1,171,NULL,'207.21.210.40'),(1,161,NULL,'192.168.100.38'),(5,161,NULL,'1'),(4,161,NULL,''),(3,161,NULL,''),(2,161,NULL,'dev1app-addv'),(6,161,'','.1.3.6.1.4.1.2021.11.51.0'),(1,162,NULL,'192.168.100.38'),(2,162,NULL,'dev1app-addv'),(3,162,NULL,''),(4,162,NULL,''),(5,162,NULL,'1'),(6,162,'','.1.3.6.1.4.1.2021.11.52.0'),(1,163,NULL,'192.168.100.38'),(2,163,NULL,'dev1app-addv'),(3,163,NULL,''),(4,163,NULL,''),(5,163,NULL,'1'),(6,163,'','.1.3.6.1.4.1.2021.11.50.0'),(40,161,NULL,'161'),(41,161,NULL,''),(42,161,NULL,''),(43,161,NULL,''),(40,162,NULL,'161'),(41,162,NULL,''),(42,162,NULL,''),(43,162,NULL,''),(40,163,NULL,'161'),(41,163,NULL,''),(42,163,NULL,''),(43,163,NULL,''),(1,164,NULL,'192.168.100.38'),(2,164,NULL,'dev1app-addv'),(3,164,NULL,''),(4,164,NULL,''),(5,164,NULL,'1'),(6,164,'','.1.3.6.1.4.1.2021.10.1.3.1'),(1,165,NULL,'192.168.100.38'),(2,165,NULL,'dev1app-addv'),(3,165,NULL,''),(4,165,NULL,''),(5,165,NULL,'1'),(6,165,'','.1.3.6.1.4.1.2021.10.1.3.3'),(1,166,NULL,'192.168.100.38'),(2,166,NULL,'dev1app-addv'),(3,166,NULL,''),(4,166,NULL,''),(5,166,NULL,'1'),(6,166,'','.1.3.6.1.4.1.2021.10.1.3.2'),(40,164,NULL,'161'),(41,164,NULL,''),(42,164,NULL,''),(43,164,NULL,''),(40,165,NULL,'161'),(41,165,NULL,''),(42,165,NULL,''),(43,165,NULL,''),(40,166,NULL,'161'),(41,166,NULL,''),(42,166,NULL,''),(43,166,NULL,''),(1,167,NULL,'192.168.100.38'),(2,167,NULL,'dev1app-addv'),(3,167,NULL,''),(4,167,NULL,''),(5,167,NULL,'1'),(6,167,'','.1.3.6.1.4.1.2021.4.14.0'),(1,168,NULL,'192.168.100.38'),(2,168,NULL,'dev1app-addv'),(3,168,NULL,''),(4,168,NULL,''),(5,168,NULL,'1'),(6,168,'','.1.3.6.1.4.1.2021.4.15.0'),(1,169,NULL,'192.168.100.38'),(2,169,NULL,'dev1app-addv'),(3,169,NULL,''),(4,169,NULL,''),(5,169,NULL,'1'),(6,169,'','.1.3.6.1.4.1.2021.4.6.0'),(40,167,NULL,'161'),(41,167,NULL,''),(42,167,NULL,''),(43,167,NULL,''),(40,168,NULL,'161'),(41,168,NULL,''),(42,168,NULL,''),(43,168,NULL,''),(40,169,NULL,'161'),(41,169,NULL,''),(42,169,NULL,''),(43,169,NULL,''),(232,170,NULL,'192.168.100.38'),(233,170,'',''),(234,170,'',''),(235,170,'',''),(40,173,NULL,'161'),(41,173,NULL,''),(42,173,NULL,''),(43,173,NULL,''),(1,174,NULL,'207.21.210.40'),(2,174,NULL,'dev1db.addventures'),(3,174,NULL,''),(4,174,NULL,''),(5,174,NULL,'1'),(6,174,'','.1.3.6.1.4.1.2021.10.1.3.1'),(1,175,NULL,'207.21.210.40'),(2,175,NULL,'dev1db.addventures'),(3,175,NULL,''),(4,175,NULL,''),(5,175,NULL,'1'),(6,175,'','.1.3.6.1.4.1.2021.10.1.3.3'),(1,176,NULL,'207.21.210.40'),(2,176,NULL,'dev1db.addventures'),(3,176,NULL,''),(4,176,NULL,''),(5,176,NULL,'1'),(6,176,'','.1.3.6.1.4.1.2021.10.1.3.2'),(40,174,NULL,'161'),(41,174,NULL,''),(42,174,NULL,''),(43,174,NULL,''),(40,175,NULL,'161'),(41,175,NULL,''),(42,175,NULL,''),(43,175,NULL,''),(40,176,NULL,'161'),(41,176,NULL,''),(42,176,NULL,''),(43,176,NULL,''),(1,177,NULL,'207.21.210.40'),(2,177,NULL,'dev1db.addventures'),(3,177,NULL,''),(4,177,NULL,''),(5,177,NULL,'1'),(6,177,'','.1.3.6.1.4.1.2021.4.14.0'),(1,178,NULL,'207.21.210.40'),(2,178,NULL,'dev1db.addventures'),(3,178,NULL,''),(4,178,NULL,''),(5,178,NULL,'1'),(6,178,'','.1.3.6.1.4.1.2021.4.15.0'),(1,179,NULL,'207.21.210.40'),(2,179,NULL,'dev1db.addventures'),(3,179,NULL,''),(4,179,NULL,''),(5,179,NULL,'1'),(6,179,'','.1.3.6.1.4.1.2021.4.6.0'),(40,177,NULL,'161'),(41,177,NULL,''),(42,177,NULL,''),(43,177,NULL,''),(40,178,NULL,'161'),(41,178,NULL,''),(42,178,NULL,''),(43,178,NULL,''),(40,179,NULL,'161'),(41,179,NULL,''),(42,179,NULL,''),(43,179,NULL,''),(6,183,'','.1.3.6.1.4.1.2021.11.51.0'),(2,183,NULL,'storage.addventures'),(3,183,NULL,''),(4,183,NULL,''),(5,183,NULL,'1'),(1,183,NULL,'207.21.210.52'),(1,184,NULL,'207.21.210.52'),(2,184,NULL,'storage.addventures'),(3,184,NULL,''),(4,184,NULL,''),(5,184,NULL,'1'),(6,184,'','.1.3.6.1.4.1.2021.11.52.0'),(1,185,NULL,'207.21.210.52'),(2,185,NULL,'storage.addventures'),(3,185,NULL,''),(4,185,NULL,''),(5,185,NULL,'1'),(6,185,'','.1.3.6.1.4.1.2021.11.50.0'),(40,183,NULL,'161'),(41,183,NULL,''),(42,183,NULL,''),(43,183,NULL,''),(40,184,NULL,'161'),(41,184,NULL,''),(42,184,NULL,''),(43,184,NULL,''),(40,185,NULL,'161'),(41,185,NULL,''),(42,185,NULL,''),(43,185,NULL,''),(1,186,NULL,'207.21.210.52'),(2,186,NULL,'storage.addventures'),(3,186,NULL,''),(4,186,NULL,''),(5,186,NULL,'1'),(6,186,'','.1.3.6.1.4.1.2021.10.1.3.1'),(1,187,NULL,'207.21.210.52'),(2,187,NULL,'storage.addventures'),(3,187,NULL,''),(4,187,NULL,''),(5,187,NULL,'1'),(6,187,'','.1.3.6.1.4.1.2021.10.1.3.3'),(1,188,NULL,'207.21.210.52'),(2,188,NULL,'storage.addventures'),(3,188,NULL,''),(4,188,NULL,''),(5,188,NULL,'1'),(6,188,'','.1.3.6.1.4.1.2021.10.1.3.2'),(40,186,NULL,'161'),(41,186,NULL,''),(42,186,NULL,''),(43,186,NULL,''),(40,187,NULL,'161'),(41,187,NULL,''),(42,187,NULL,''),(43,187,NULL,''),(40,188,NULL,'161'),(41,188,NULL,''),(42,188,NULL,''),(43,188,NULL,''),(1,189,NULL,'207.21.210.52'),(2,189,NULL,'storage.addventures'),(3,189,NULL,''),(4,189,NULL,''),(5,189,NULL,'1'),(6,189,'','.1.3.6.1.4.1.2021.4.14.0'),(1,190,NULL,'207.21.210.52'),(2,190,NULL,'storage.addventures'),(3,190,NULL,''),(4,190,NULL,''),(5,190,NULL,'1'),(6,190,'','.1.3.6.1.4.1.2021.4.15.0'),(1,191,NULL,'207.21.210.52'),(2,191,NULL,'storage.addventures'),(3,191,NULL,''),(4,191,NULL,''),(5,191,NULL,'1'),(6,191,'','.1.3.6.1.4.1.2021.4.6.0'),(40,189,NULL,'161'),(41,189,NULL,''),(42,189,NULL,''),(43,189,NULL,''),(40,190,NULL,'161'),(41,190,NULL,''),(42,190,NULL,''),(43,190,NULL,''),(40,191,NULL,'161'),(41,191,NULL,''),(42,191,NULL,''),(43,191,NULL,'');
/*!40000 ALTER TABLE `data_input_data` ENABLE KEYS */;
UNLOCK TABLES;

--
-- Table structure for table `data_input_fields`
--

DROP TABLE IF EXISTS `data_input_fields`;
SET @saved_cs_client     = @@character_set_client;
SET character_set_client = utf8;
CREATE TABLE `data_input_fields` (
  `id` mediumint(8) unsigned NOT NULL auto_increment,
  `hash` varchar(32) NOT NULL default '',
  `data_input_id` mediumint(8) unsigned NOT NULL default '0',
  `name` varchar(200) NOT NULL default '',
  `data_name` varchar(50) NOT NULL default '',
  `input_output` char(3) NOT NULL default '',
  `update_rra` char(2) default '0',
  `sequence` smallint(5) NOT NULL default '0',
  `type_code` varchar(40) default NULL,
  `regexp_match` varchar(200) default NULL,
  `allow_nulls` char(2) default NULL,
  PRIMARY KEY  (`id`),
  KEY `data_input_id` (`data_input_id`),
  KEY `type_code` (`type_code`)
) ENGINE=MyISAM AUTO_INCREMENT=337 DEFAULT CHARSET=latin1;
SET character_set_client = @saved_cs_client;

--
-- Dumping data for table `data_input_fields`
--

LOCK TABLES `data_input_fields` WRITE;
/*!40000 ALTER TABLE `data_input_fields` DISABLE KEYS */;
INSERT INTO `data_input_fields` VALUES (1,'92f5906c8dc0f964b41f4253df582c38',1,'SNMP IP Address','management_ip','in','',0,'hostname','',''),(2,'32285d5bf16e56c478f5e83f32cda9ef',1,'SNMP Community','snmp_community','in','',0,'snmp_community','',''),(3,'ad14ac90641aed388139f6ba86a2e48b',1,'SNMP Username','snmp_username','in','',0,'snmp_username','','on'),(4,'9c55a74bd571b4f00a96fd4b793278c6',1,'SNMP Password','snmp_password','in','',0,'snmp_password','','on'),(5,'012ccb1d3687d3edb29c002ea66e72da',1,'SNMP Version (1, 2, or 3)','snmp_version','in','',0,'snmp_version','','on'),(6,'4276a5ec6e3fe33995129041b1909762',1,'OID','oid','in','',0,'snmp_oid','',''),(7,'617cdc8a230615e59f06f361ef6e7728',2,'SNMP IP Address','management_ip','in','',0,'hostname','',''),(8,'acb449d1451e8a2a655c2c99d31142c7',2,'SNMP Community','snmp_community','in','',0,'snmp_community','',''),(9,'f4facc5e2ca7ebee621f09bc6d9fc792',2,'SNMP Username (v3)','snmp_username','in','',0,'snmp_username','','on'),(10,'1cc1493a6781af2c478fa4de971531cf',2,'SNMP Password (v3)','snmp_password','in','',0,'snmp_password','','on'),(11,'b5c23f246559df38662c255f4aa21d6b',2,'SNMP Version (1, 2, or 3)','snmp_version','in','',0,'snmp_version','',''),(12,'6027a919c7c7731fbe095b6f53ab127b',2,'Index Type','index_type','in','',0,'index_type','',''),(13,'cbbe5c1ddfb264a6e5d509ce1c78c95f',2,'Index Value','index_value','in','',0,'index_value','',''),(14,'e6deda7be0f391399c5130e7c4a48b28',2,'Output Type ID','output_type','in','',0,'output_type','',''),(15,'edfd72783ad02df128ff82fc9324b4b9',3,'Disk Partition','partition','in','',1,'','',''),(16,'8b75fb61d288f0b5fc0bd3056af3689b',3,'Kilobytes Free','kilobytes','out','on',0,'','',''),(17,'363588d49b263d30aecb683c52774f39',4,'1 Minute Average','1min','out','on',0,'','',''),(18,'ad139a9e1d69881da36fca07889abf58',4,'5 Minute Average','5min','out','on',0,'','',''),(19,'5db9fee64824c08258c7ff6f8bc53337',4,'10 Minute Average','10min','out','on',0,'','',''),(20,'c0cfd0beae5e79927c5a360076706820',5,'Username (Optional)','username','in','',1,'','','on'),(21,'52c58ad414d9a2a83b00a7a51be75a53',5,'Logged In Users','users','out','on',0,'','',''),(22,'05eb5d710f0814871b8515845521f8d7',6,'Grep String','grepstr','in','',1,'','',''),(23,'86cb1cbfde66279dbc7f1144f43a3219',6,'Result (in Kilobytes)','kilobytes','out','on',0,'','',''),(24,'d5a8dd5fbe6a5af11667c0039af41386',7,'Number of Processes','proc','out','on',0,'','',''),(25,'8848cdcae831595951a3f6af04eec93b',8,'Grep String','grepstr','in','',1,'','','on'),(26,'3d1288d33008430ce354e8b9c162f7ff',8,'Connections','connections','out','on',0,'','',''),(27,'c6af570bb2ed9c84abf32033702e2860',9,'(Optional) Log Path','log_path','in','',1,'','','on'),(28,'f9389860f5c5340c9b27fca0b4ee5e71',9,'Web Hits','webhits','out','on',0,'','',''),(29,'5fbadb91ad66f203463c1187fe7bd9d5',10,'IP Address','ip','in','',1,'hostname','',''),(30,'6ac4330d123c69067d36a933d105e89a',10,'Milliseconds','out_ms','out','on',0,'','',''),(31,'d39556ecad6166701bfb0e28c5a11108',11,'Index Type','index_type','in','',0,'index_type','',''),(32,'3b7caa46eb809fc238de6ef18b6e10d5',11,'Index Value','index_value','in','',0,'index_value','',''),(33,'74af2e42dc12956c4817c2ef5d9983f9',11,'Output Type ID','output_type','in','',0,'output_type','',''),(34,'8ae57f09f787656bf4ac541e8bd12537',11,'Output Value','output','out','on',0,'','',''),(35,'172b4b0eacee4948c6479f587b62e512',12,'Index Type','index_type','in','',0,'index_type','',''),(36,'30fb5d5bcf3d66bb5abe88596f357c26',12,'Index Value','index_value','in','',0,'index_value','',''),(37,'31112c85ae4ff821d3b288336288818c',12,'Output Type ID','output_type','in','',0,'output_type','',''),(38,'5be8fa85472d89c621790b43510b5043',12,'Output Value','output','out','on',0,'','',''),(39,'c1f36ee60c3dc98945556d57f26e475b',2,'SNMP Port','snmp_port','in','',0,'snmp_port','',''),(40,'fc64b99742ec417cc424dbf8c7692d36',1,'SNMP Port','snmp_port','in','',0,'snmp_port','',''),(41,'20832ce12f099c8e54140793a091af90',1,'SNMP Authenticaion Protocol (v3)','snmp_auth_protocol','in','',0,'snmp_auth_protocol','',''),(42,'c60c9aac1e1b3555ea0620b8bbfd82cb',1,'SNMP Privacy Passphrase (v3)','snmp_priv_passphrase','in','',0,'snmp_priv_passphrase','',''),(43,'feda162701240101bc74148415ef415a',1,'SNMP Privacy Protocol (v3)','snmp_priv_protocol','in','',0,'snmp_priv_protocol','',''),(44,'2cf7129ad3ff819a7a7ac189bee48ce8',2,'SNMP Authenticaion Protocol (v3)','snmp_auth_protocol','in','',0,'snmp_auth_protocol','',''),(45,'6b13ac0a0194e171d241d4b06f913158',2,'SNMP Privacy Passphrase (v3)','snmp_priv_passphrase','in','',0,'snmp_priv_passphrase','',''),(46,'3a33d4fc65b8329ab2ac46a36da26b72',2,'SNMP Privacy Protocol (v3)','snmp_priv_protocol','in','',0,'snmp_priv_protocol','',''),(47,'68ebfc19c164ccce4bfbddae89de3f6d',13,'Hostname','hostname','in','',2,'hostname','',''),(48,'bd2e0dabd1c2acb6217d1afd4a39c2ad',13,'Port','port','in','',5,'','','on'),(49,'25fad55f5a38ea0c8307f572cfe14776',13,'Username','username','in','',3,'','','on'),(50,'14a060883ab1526d5eee244598da5093',13,'Password','password','in','',4,'','','on'),(51,'744750ba74f76128825af0421da2fc5e',13,'Key Reads','a1','out','on',0,'','',''),(52,'f883de2e830958a1b3472f1bb8209b16',13,'Key Write Requests','a2','out','on',0,'','',''),(53,'b1c52bc482f979e5098096f60a346d96',13,'Key Read Requests','a0','out','on',0,'','',''),(54,'edc5905b12c0765d8b244467bf90ef13',13,'Key Writes','a3','out','on',0,'','',''),(55,'6f7c5360b3740488205234c37cabc170',14,'Hostname','hostname','in','',2,'hostname','',''),(56,'b318cdfbb07dd212d365fb24778255c0',14,'Port','port','in','',5,'','','on'),(57,'8f61d79095da2804a447d6fb12c61dc2',14,'Username','username','in','',3,'','','on'),(58,'f03ce5d0e04eeb8b6d53e80789fa9fc3',14,'Password','password','in','',4,'','','on'),(59,'a20d995282519d16fc752a83eef5a3cc',14,'Free Pages','ab','out','on',0,'','',''),(60,'7fd4378c273fa2bd1a40fcee558169db',14,'Modified Pages','ad','out','on',0,'','',''),(61,'1541608aedbc3f66f8964f545cfbadd3',14,'Database Pages','ac','out','on',0,'','',''),(62,'e8e63bb323d0fdad091c36c34175776d',14,'Pool Size','aa','out','on',0,'','',''),(63,'8a36437b66b171f9c7e9923afacedf81',15,'Hostname','hostname','in','',2,'hostname','',''),(64,'93c51cd520d25057cfa1daa653d23a6a',15,'Port','port','in','',5,'','','on'),(65,'2e34a48066d626cfce44319625d3caae',15,'Username','username','in','',3,'','','on'),(66,'9f6f6c395b0de43096c8e35c00132e82',15,'Password','password','in','',4,'','','on'),(67,'bd1957bb74760e72094707f078f44217',15,'Log Writes','ak','out','on',0,'','',''),(68,'e4419947e30b9bc7840b0dcfcc69e95a',15,'File Reads','ai','out','on',0,'','',''),(69,'2d0066b72fa27a71d2b7fb17c6684533',15,'File Writes','aj','out','on',0,'','',''),(70,'338fe39f1812b7153d5f9cbb88d60a38',15,'File Fsyncs','ah','out','on',0,'','',''),(71,'894cd4d20ee23828f0bd74040be70700',16,'Hostname','hostname','in','',2,'hostname','',''),(72,'78931dd25d38006ccfefc077202c52fb',16,'Port','port','in','',5,'','','on'),(73,'641892846c602f3de869e7afaa3f93a2',16,'Username','username','in','',3,'','','on'),(74,'5ba7b87ff535b4251847749695876961',16,'Password','password','in','',4,'','','on'),(75,'e64d32c93cfee9363a08a94bebeee12c',16,'Ibuf Merges','aw','out','on',0,'','',''),(76,'318e8cd8d2b8819a2b014907dfa2c518',16,'Ibuf Inserts','au','out','on',0,'','',''),(77,'4d89fa70976ef750c1cc791059ec7892',16,'Ibuf Merged','av','out','on',0,'','',''),(78,'883d7aef7bff95b48dde382b0bbf0b51',17,'Hostname','hostname','in','',2,'hostname','',''),(79,'8fef6faec623f20978e11181ada95bae',17,'Port','port','in','',5,'','','on'),(80,'350b5652f726f7c87b54edee392bd556',17,'Username','username','in','',3,'','','on'),(81,'61ec73310cace1b8e0f2fa46d9195cbc',17,'Password','password','in','',4,'','','on'),(82,'af210dfa133a405ec94c7c4f6ff7b357',17,'Ibuf Cell Count','e6','out','on',0,'','',''),(83,'14736a4af45c543245bda9f649598035',17,'Ibuf Used Cells','e4','out','on',0,'','',''),(84,'fd38ab6c2dccadac35079d48a5171ab8',17,'Ibuf Free Cells','e5','out','on',0,'','',''),(85,'6d87071320ca6a177540f8dedc16710a',18,'Hostname','hostname','in','',2,'hostname','',''),(86,'dbd66e807c1559e868f5ccd737e86445',18,'Port','port','in','',5,'','','on'),(87,'85ec7931c8491e880430f209ef36a12a',18,'Username','username','in','',3,'','','on'),(88,'fa1f4fa2772b12dc55e159193c49e157',18,'Password','password','in','',4,'','','on'),(89,'cff71ad21c7d95ecf3043be784ec2502',18,'Os Waits','az','out','on',0,'','',''),(90,'49230ca679f7ef5a0ddff3323eb9c46e',18,'Spin Waits','ax','out','on',0,'','',''),(91,'475d54378bf332f88341c03c73acd5f3',18,'Spin Rounds','ay','out','on',0,'','',''),(92,'27c352f3a8b85b14c0080a9bbce113d6',19,'Hostname','hostname','in','',2,'hostname','',''),(93,'54abb9a01da4ea5de2ec3e12d00fad9e',19,'Port','port','in','',5,'','','on'),(94,'278d94b7343993f1a5edad9e71b4801f',19,'Username','username','in','',3,'','','on'),(95,'54f8e0f49e8dd893ea61e35ae80f8203',19,'Password','password','in','',4,'','','on'),(96,'0b5522e2956470a5ca78c0f1ce7f334d',19,'Rows Deleted','b2','out','on',0,'','',''),(97,'5b48ba3c3a988f25757cfe44c3741e50',19,'Rows Inserted','b0','out','on',0,'','',''),(98,'79b393539feac8db3a0b993805f1b8f3',19,'Rows Updated','b1','out','on',0,'','',''),(99,'9f6faa993da08c83488ba60448256a44',19,'Rows Read','b3','out','on',0,'','',''),(100,'7dc3b610df8580d56a68010947ecba74',20,'Hostname','hostname','in','',2,'hostname','',''),(101,'7871ad1323b3d040c3e55182109a616c',20,'Port','port','in','',5,'','','on'),(102,'27d178d778f463ef35a4987f5bafa93e',20,'Username','username','in','',3,'','','on'),(103,'675c75265ecf918f709a60b4d858891c',20,'Password','password','in','',4,'','','on'),(104,'99dfcebcfaa0a280eb131fb4d8a45f4b',20,'Table Locks Immediate','b5','out','on',0,'','',''),(105,'73b510ddd4c5709d62169d01bc2a92d2',20,'Slow Queries','b6','out','on',0,'','',''),(106,'841b475aa6f2a008eed6611f275b136f',20,'Table Locks Waited','b4','out','on',0,'','',''),(107,'55f6fa9e6001546fb74dc811e075a3a7',21,'Hostname','hostname','in','',2,'hostname','',''),(108,'d44843a5105166b222c4d767bba36353',21,'Port','port','in','',5,'','','on'),(109,'4d0b00b7b687ba5e25c24158e29a147f',21,'Username','username','in','',3,'','','on'),(110,'75bdb3dbc6e11280c2ec95c0b2d47b97',21,'Password','password','in','',4,'','','on'),(111,'95162a78295564e41ef944f3a3187587',21,'Threads Connected','bi','out','on',0,'','',''),(112,'8bc4cf68ea89224e7c328c9ad02cca53',21,'Connections','bn','out','on',0,'','',''),(113,'11485b409d6dfabcad2dbc51091ace72',21,'Max Connections','bl','out','on',0,'','',''),(114,'2f241c0517d2360b95c7a4e77b02f566',21,'Max Used Connections','bf','out','on',0,'','',''),(115,'c44a197ff40a95758cf75c0cade30652',21,'Aborted Clients','bd','out','on',0,'','',''),(116,'caf8529043654bbe8ecd836b5ba5025e',21,'Aborted Connects','be','out','on',0,'','',''),(117,'c48be767069b158fc53720b0dbc7ce79',22,'Hostname','hostname','in','',2,'hostname','',''),(118,'e960e72f880ace7910bd8be8f2805499',22,'Port','port','in','',5,'','','on'),(119,'b6ba37c63954a6c52b8d77010830a1b5',22,'Username','username','in','',3,'','','on'),(120,'06cc8cc53d86d78aa9c16f9c7dc29915',22,'Password','password','in','',4,'','','on'),(121,'8ae23d9b7b2f593774a0ab3e228a7974',22,'Slave Running','bo','out','on',0,'','',''),(122,'9211e4b40b6d6e408537ede1edcb4733',22,'Slave Retried Transactions','bq','out','on',0,'','',''),(123,'22d491113778e27af564a683bb7a9aaa',22,'Slave Stopped','bp','out','on',0,'','',''),(124,'07074dcbc6e98894eb1d9716e4e734b7',22,'Slave Open Temp Tables','bs','out','on',0,'','',''),(125,'79a4a74739a9d8a1a158c464991900d8',22,'Slave Lag','br','out','on',0,'','',''),(126,'b7f8380c399f9e1876ba39e7c8e9c940',23,'Hostname','hostname','in','',2,'hostname','',''),(127,'9702720cac2b6f4652fa21e5fe88b26f',23,'Port','port','in','',5,'','','on'),(128,'9d4a6b49d3eedd2cf7293fd9dd1a3867',23,'Username','username','in','',3,'','','on'),(129,'1d777e6b8362f3a811c4491f7a09a68b',23,'Password','password','in','',4,'','','on'),(130,'1365c62fcc94ca0b21c794ca180d4230',23,'Qcache Inserts','bw','out','on',0,'','',''),(131,'3ac840ce2ed61d846498fd9b491140ff',23,'Qcache Lowmem Prunes','bx','out','on',0,'','',''),(132,'a83fff8fbab9d321b6507b7de9cc3f0b',23,'Qcache Queries In Cache','bz','out','on',0,'','',''),(133,'731e989154c89df3299c53349abef2cb',23,'Qcache Not Cached','by','out','on',0,'','',''),(134,'8da89cd1f21dab5ea12c0cc4b7701d5b',23,'Qcache Hits','bv','out','on',0,'','',''),(135,'071c632be15643a2d27232b55055f451',24,'Hostname','hostname','in','',2,'hostname','',''),(136,'516f3c16403124509f326d28b2038d07',24,'Port','port','in','',5,'','','on'),(137,'bf2fbaa0e474e668cd3b2e5282b7d7b3',24,'Username','username','in','',3,'','','on'),(138,'a516b48941a50977c88bc604117152c6',24,'Password','password','in','',4,'','','on'),(139,'4120fd863eabefdf58dd98affcbcc551',24,'Query Cache Size','c1','out','on',0,'','',''),(140,'ef60bf6d7d4fd17b112b09b364430ab0',24,'Qcache Free Blocks','bt','out','on',0,'','',''),(141,'657857bf4b2f263566e7beaf95b487e8',24,'Qcache Total Blocks','c0','out','on',0,'','',''),(142,'ee91f0cd96ad45f08b4792c0a8d1059a',24,'Qcache Free Memory','bu','out','on',0,'','',''),(143,'9e55fdfd78017369a9a59dea15a4b895',25,'Hostname','hostname','in','',2,'hostname','',''),(144,'41617569e25a87f033b27b86679b37ee',25,'Port','port','in','',5,'','','on'),(145,'3d814d96701f570fc7f55c5a882aad36',25,'Username','username','in','',3,'','','on'),(146,'6f306a8bb4bcd5471363995dc7ebc48d',25,'Password','password','in','',4,'','','on'),(147,'2c4385f257e7384c58be804659009a46',25,'Com Select','c5','out','on',0,'','',''),(148,'4571b33e73edc8a4ebefb8d2b6085a79',25,'Com Delete Multi','cb','out','on',0,'','',''),(149,'891099bd129763b3412d744092fcdbb4',25,'Com Delete','c6','out','on',0,'','',''),(150,'0c6d622de93e4e3ab8458519861acd48',25,'Com Insert','c4','out','on',0,'','',''),(151,'d54d723196fd07a6c0a75a0266102d31',25,'Com Replace','c7','out','on',0,'','',''),(152,'0831a668b303b953e052de2f02b9d490',25,'Com Update Multi','c9','out','on',0,'','',''),(153,'89e7f4c2ca696a0d4255d9b62ad8e5ad',25,'Com Replace Select','cc','out','on',0,'','',''),(154,'03f0f68e3b8b49668f7c9f0c4d7f1b78',25,'Com Insert Select','ca','out','on',0,'','',''),(155,'7f2ce11c4fd45b83beb44d6f2a892fff',25,'Com Update','c3','out','on',0,'','',''),(156,'7d78fbce8c4ce121ff9891e1fd897ac9',25,'Questions','c2','out','on',0,'','',''),(157,'bfaaaa13aaec878ddd0ff575390f65d0',25,'Com Load','c8','out','on',0,'','',''),(158,'dec422daae0c377da679bcab4920de61',26,'Hostname','hostname','in','',2,'hostname','',''),(159,'8e8864a9cb3325c74caa98b27779a5e0',26,'Port','port','in','',5,'','','on'),(160,'4ed1cb0dcf1cefd76d97a436765b0388',26,'Username','username','in','',3,'','','on'),(161,'e0bca349ff69b48b95d075f40dffc345',26,'Password','password','in','',4,'','','on'),(162,'32b2a53c7b0615ebe5d44fc075ecc2bc',26,'Select Range','cf','out','on',0,'','',''),(163,'70d0234c09971d1a20e0d8bad319e532',26,'Select Full Join','cd','out','on',0,'','',''),(164,'d5f491ed562a52ed6fe1789c0fc8b741',26,'Select Scan','ch','out','on',0,'','',''),(165,'bf7ae11296a3c3cbf2cc39cbcded29da',26,'Select Full Range Join','ce','out','on',0,'','',''),(166,'7306a476765aa65150655e1332832234',26,'Select Range Check','cg','out','on',0,'','',''),(167,'2175fb2fa9146916bc567d3ffe52e789',27,'Hostname','hostname','in','',2,'hostname','',''),(168,'59c8b656716a3c6173ecef97a629402c',27,'Port','port','in','',5,'','','on'),(169,'c1d82f896c90284088c6827af1bc0473',27,'Username','username','in','',3,'','','on'),(170,'d29726578dec7024e197ca31f8bb26cf',27,'Password','password','in','',4,'','','on'),(171,'2caa274e3e57b8dadbcdd0efb86528d7',27,'Sort Rows','ck','out','on',0,'','',''),(172,'14323bed3477892bdff5a41bfdd62681',27,'Sort Merge Passes','ci','out','on',0,'','',''),(173,'c2ca75726d5fab8e4bb5d2309d339db6',27,'Sort Scan','cl','out','on',0,'','',''),(174,'65befa80dc277f27f1e833ad1a3b2457',27,'Sort Range','cj','out','on',0,'','',''),(175,'e59975710ce0c270f6ebad39eb4bd1ca',28,'Hostname','hostname','in','',2,'hostname','',''),(176,'38907b5cd238a578d7c6c3546a4ad865',28,'Port','port','in','',5,'','','on'),(177,'647126b5164b96ed5ce2b3344a4a42fd',28,'Username','username','in','',3,'','','on'),(178,'9fc1a8e9351e4da575c996139e1bd986',28,'Password','password','in','',4,'','','on'),(179,'bb72056a8d0d303a689c0fc2f0ce819d',28,'Created Tmp Tables','cm','out','on',0,'','',''),(180,'e743e79638fe54f83f02753b4fee904d',28,'Created Tmp Files','co','out','on',0,'','',''),(181,'4065eb94dd7c608d5263733304fb4af2',28,'Created Tmp Disk Tables','cn','out','on',0,'','',''),(182,'426da040d8cb159d1223e28e5d4237e5',29,'Hostname','hostname','in','',2,'hostname','',''),(183,'81e07ca4b47d8744b91b2acf4f8137b1',29,'Port','port','in','',5,'','','on'),(184,'ce193ca8601ccaf2eb5fa4d77c41f906',29,'Username','username','in','',3,'','','on'),(185,'75a676c18d4d0fddeddcfdb23f48018c',29,'Password','password','in','',4,'','','on'),(186,'df10d36e573ba98662f6e0418640ae3d',29,'Bytes Received','cq','out','on',0,'','',''),(187,'8690bb38429a73eaf7cd4f99d7fd6e89',29,'Bytes Sent','cp','out','on',0,'','',''),(188,'1c86de67b31d7a010336492f442aae21',30,'Hostname','hostname','in','',2,'hostname','',''),(189,'20b01ae9f4e22696c7925bb9256a5144',30,'Port','port','in','',5,'','','on'),(190,'c14f348fb70bfb37b16ae7b9769899d2',30,'Username','username','in','',3,'','','on'),(191,'18a354ae8f0adbf2019049254b236e63',30,'Password','password','in','',4,'','','on'),(192,'a74fef18073e5f400ce9cc0440bcc58c',30,'Pages Written','ag','out','on',0,'','',''),(193,'464d8fc2c9da8d0657979ac35df748f6',30,'Pages Read','ae','out','on',0,'','',''),(194,'3405fec44aa54f12cc5714ac32ec89ce',30,'Pages Created','af','out','on',0,'','',''),(195,'534151fa2e87a811b407c9c18990d18d',31,'Hostname','hostname','in','',2,'hostname','',''),(196,'3f53d2758952976e5aa8afae0a62bcb5',31,'Port','port','in','',5,'','','on'),(197,'ea487e142b97455aa40bcdfdfc72b705',31,'Username','username','in','',3,'','','on'),(198,'3f0fa6fccd2e5e9b3c26ba801ff62c9c',31,'Password','password','in','',4,'','','on'),(199,'c9c24c937fc0efaed0e638d7fa10a394',31,'Pending Ibuf Aio Reads','ap','out','on',0,'','',''),(200,'37aa9ae6504656e5f2ba6c598a11f304',31,'Pending Aio Sync Ios','am','out','on',0,'','',''),(201,'4c77de01a2b867b2449054a995ffa86c',31,'Pending Chkp Writes','ao','out','on',0,'','',''),(202,'a792f9c07de8cd7fc11517d0ebbc17bd',31,'Pending Normal Aio Reads','as','out','on',0,'','',''),(203,'9f629f86602278d8234b6b189ff3888f',31,'Pending Buf Pool Flushes','an','out','on',0,'','',''),(204,'271505777b4d851f19e0a6fa4377a4fc',31,'Pending Aio Log Ios','al','out','on',0,'','',''),(205,'d59b515f6f10bf78315700e95f8b4d74',31,'Pending Log Writes','ar','out','on',0,'','',''),(206,'eb60bf2127ad12b3adfbc4d3ca8f81ae',31,'Pending Normal Aio Writes','at','out','on',0,'','',''),(207,'4922ad225498f768bbb67c7d1291816a',31,'Pending Log Flushes','aq','out','on',0,'','',''),(208,'5600e2253c40df0834e1df7f5f4b2d47',32,'Hostname','hostname','in','',2,'hostname','',''),(209,'a0ae1e7dabd0ac7a10e56befb6b34613',32,'Port','port','in','',5,'','','on'),(210,'adf91abaff765ebc3ca0887645253331',32,'Username','username','in','',3,'','','on'),(211,'d45e0ee030730469f03e78d4a6b95ede',32,'Password','password','in','',4,'','','on'),(212,'13f0bccec0c2682a2dd1c0a0264496f2',32,'Unflushed Log','cs','out','on',0,'','',''),(213,'4e446d1bce7eb301907ecb9eb583e463',32,'Log Bytes Written','cu','out','on',0,'','',''),(214,'5c8a253f867050eed551de5f6f09ffd8',32,'Log Bytes Flushed','ct','out','on',0,'','',''),(215,'19aa4b0546368636cbd482b6fdadf499',32,'Innodb Log Buffer Size','cr','out','on',0,'','',''),(216,'ef6bf7b3b20b4da67652587ab8b0cbb8',33,'Hostname','hostname','in','',2,'hostname','',''),(217,'8f063a64d6218798c3a587817b3ded79',33,'Port','port','in','',5,'','','on'),(218,'744a7438942429e8ddac69136d97475d',33,'Username','username','in','',3,'','','on'),(219,'e005378302f84c07a7ba6f878bcbb08a',33,'Password','password','in','',4,'','','on'),(220,'6697a312ccb02b101c6e66cec76e648b',33,'Binlog Cache Use','cy','out','on',0,'','',''),(221,'a7f15a36a6f796eb883ffa7e32de98d6',33,'Binary Log Space','cz','out','on',0,'','',''),(222,'5b2975e68247d14e05d9d362cdd78342',33,'Relay Log Space','cv','out','on',0,'','',''),(223,'0ff552934f7b897db8ed4097faecab41',33,'Binlog Cache Disk Use','cx','out','on',0,'','',''),(224,'5775d022989f8881e653083d9dd658e5',34,'Hostname','hostname','in','',2,'hostname','',''),(225,'b8986b623b00464f2ee9120e86b89a3d',34,'Port','port','in','',5,'','','on'),(226,'6ec7bab230bfee8bc5a37d7a2189351d',34,'Username','username','in','',3,'','','on'),(227,'e51ca326a2030c0317998c9509bf1397',34,'Password','password','in','',4,'','','on'),(228,'e1808374ce89fd8f25cfa7fa25072b89',34,'Innodb Transactions','a5','out','on',0,'','',''),(229,'f5c87aa6244412ca753e87551d14af23',34,'Current Transactions','a7','out','on',0,'','',''),(230,'ae98e905a45b9298d9aac7eca6d73f2a',34,'History List','a4','out','on',0,'','',''),(231,'e748884fa51ecc1378b12dd92cdbfc0f',34,'Read Views','a6','out','on',0,'','',''),(232,'d4484877eab118df8dcfc55c08589eb4',35,'Hostname','hostname','in','',2,'hostname','',''),(233,'63770977d596240a46db34833166735f',35,'Port','port','in','',5,'','','on'),(234,'ace84bc203a4e9d40f1af2f5f8f6b654',35,'Username','username','in','',3,'','','on'),(235,'be9095d6eeecc89c62f53ca8861a8f94',35,'Password','password','in','',4,'','','on'),(236,'ec87c5871210e8a04e7269087d181128',35,'Locked Transactions','a8','out','on',0,'','',''),(237,'f76d5d5f23b9ae65c27430ce58f38e56',35,'Active Transactions','a9','out','on',0,'','',''),(238,'e4aa9709a8df235c0e25dc0897b2225e',36,'Hostname','hostname','in','',2,'hostname','',''),(239,'709aa5de2033708068b91c60186d4f40',36,'Port','port','in','',5,'','','on'),(240,'b6465e75969012ad998840f2e12e62ab',36,'Username','username','in','',3,'','','on'),(241,'e0ed2cc2d6928b2dc356a1ed4b9727e9',36,'Password','password','in','',4,'','','on'),(242,'b45b6f6e212413aef805156e68b25afe',36,'Opened Tables','b9','out','on',0,'','',''),(243,'1ef2adc0d376e3e1fdc4ce9259c2c196',36,'Open Files','b7','out','on',0,'','',''),(244,'6b886ca6d3e23c6e4b1e105c524023ad',36,'Open Tables','b8','out','on',0,'','',''),(245,'9c2ffd79f53ce8ddf309a6883c4064dc',36,'Table Cache','bc','out','on',0,'','',''),(246,'7d424098241c9f9aab0c090f791a4278',37,'Hostname','hostname','in','',2,'hostname','',''),(247,'3c5d337628952a79cac4d2d45dd07255',37,'Port','port','in','',5,'','','on'),(248,'93ed8bd7f843167703384c644b60b914',37,'Username','username','in','',3,'','','on'),(249,'55a0e43d6f914c49474a774393ccb788',37,'Password','password','in','',4,'','','on'),(250,'2f6575618e56c8347fdc06fe8202ec36',37,'Threads Created','bj','out','on',0,'','',''),(251,'a12707d396d3414a4ebed49ccc83b4d8',37,'Thread Cache Size','bm','out','on',0,'','',''),(252,'89051e16136651380df99772f507fdb0',38,'Hostname','hostname','in','',2,'hostname','',''),(253,'335904c7ff7206c434cdcedd6ff5ccbf',38,'Port','port','in','',5,'','','on'),(254,'a794516ddad927292d8188cd52f90fdd',38,'Username','username','in','',3,'','','on'),(255,'cad342fc9675fccfa628880ae5922088',38,'Password','password','in','',4,'','','on'),(256,'1d206b17c718abd0057e727a9ca5e5bb',38,'Total Mem Alloc','e1','out','on',0,'','',''),(257,'a8accdd0169e6324c99bdb867cae2c03',38,'Additional Pool Alloc','e2','out','on',0,'','',''),(258,'857ea40afeb993a8b4b380dbafaea3a6',39,'Hostname','hostname','in','',2,'hostname','',''),(259,'461d9bf23af3cd895288a4665e4ba42f',39,'Port','port','in','',5,'','','on'),(260,'4da4e965f58ee92f6a90a41d141f70ee',39,'Username','username','in','',3,'','','on'),(261,'5128254addc3c28222f1117813d6b6fa',39,'Password','password','in','',4,'','','on'),(262,'8003318990be9b1112cc2ec5902fa1c4',39,'Hash Index Cells Total','dz','out','on',0,'','',''),(263,'5c9d8519c81d6f0bc96f25c2b52e7be3',39,'Hash Index Cells Used','e0','out','on',0,'','',''),(264,'3e1b56e3b5dcd8fa22bb1aca136cf230',40,'Hostname','hostname','in','',2,'hostname','',''),(265,'717d3123253f3e5d430ae4d6a4597cdc',40,'Port','port','in','',5,'','','on'),(266,'2d1d8da7c352be7b89df1852b463114c',40,'Username','username','in','',3,'','','on'),(267,'4fcc8338ea19c3d9f59f3e31d78056d7',40,'Password','password','in','',4,'','','on'),(268,'54486eaaedede6d14c7de6dafcc64b33',40,'Lock System Memory','eb','out','on',0,'','',''),(269,'b0103113450e13c3b3ea19fa5e153ad1',40,'File System Memory','ea','out','on',0,'','',''),(270,'ec7916199240f7dfb324ea920f56f83d',40,'Page Hash Memory','e8','out','on',0,'','',''),(271,'268e082bc9cbcf84096010ec2fbd64cc',40,'Thread Hash Memory','ed','out','on',0,'','',''),(272,'17bef5e5b603469fcd92061c9025e9ae',40,'Dictionary Cache Memory','e9','out','on',0,'','',''),(273,'7a94297b1c34a81e88be5f5b8cda6ec2',40,'Recovery System Memory','ec','out','on',0,'','',''),(274,'e08109bd5c3a7432cdfc26049a7482ea',40,'Adaptive Hash Memory','e7','out','on',0,'','',''),(275,'4ea52b7a275515dea96e7e55304f38ed',41,'Hostname','hostname','in','',2,'hostname','',''),(276,'ba98423d2fc45cd8b82324458267b5c8',41,'Port','port','in','',5,'','','on'),(277,'20d3a69b176ce15f6ecac0f796c39202',41,'Username','username','in','',3,'','','on'),(278,'57843b52b34ba448e3a4a57d6f91d2b4',41,'Password','password','in','',4,'','','on'),(279,'26358a240479440b75db2d9e3338736a',41,'Innodb Locked Tables','d0','out','on',0,'','',''),(280,'3d13178a274f969a7540fb31e1af0fba',41,'Innodb Tables In Use','dx','out','on',0,'','',''),(281,'cc5c9d16835acf678759be1021b41219',42,'Hostname','hostname','in','',2,'hostname','',''),(282,'bfece383b58658005d4683bef6aa0457',42,'Port','port','in','',5,'','','on'),(283,'b2d076df894a10c478fbbed61d7124da',42,'Username','username','in','',3,'','','on'),(284,'2da74293e4febb5d962be63287a5627d',42,'Password','password','in','',4,'','','on'),(285,'07983e1bca35cb5041e24c5cedbbe827',42,'Innodb Lock Wait Secs','dy','out','on',0,'','',''),(286,'ef30638457ee40cf493b90152b7ecdc8',43,'Hostname','hostname','in','',2,'hostname','',''),(287,'150574b34de614a260323ea112894ccd',43,'Port','port','in','',5,'','','on'),(288,'39c9b3a8a5f7776f7523c9287f8c4e8d',43,'Username','username','in','',3,'','','on'),(289,'4f8703606c943cc2cbeb30e2d39dcfd8',43,'Password','password','in','',4,'','','on'),(290,'cd4e1fff842f64bb9b01ad369d0c89ab',43,'Innodb Lock Structs','d1','out','on',0,'','',''),(291,'2a33f472d3b56a10cafda8d705e71217',44,'Hostname','hostname','in','',2,'hostname','',''),(292,'c06296b7d52b42af8b23be637fe30862',44,'Port','port','in','',5,'','','on'),(293,'0208dd3089da72b6d05365029fe109c9',44,'Username','username','in','',3,'','','on'),(294,'9b90587feba93faa67a117cf0bee5d2a',44,'Password','password','in','',4,'','','on'),(295,'30861a68d971c7a677c271bc70a64769',44,'Uncheckpointed Bytes','e3','out','on',0,'','',''),(296,'6aa93f452a49b6c76f1bb3b566c97681',45,'Hostname','hostname','in','',2,'hostname','',''),(297,'ed964fbc400aa4a42b605163f98dec78',45,'Port','port','in','',5,'','','on'),(298,'01d7d40797f2f707609263f282b63010',45,'Username','username','in','',3,'','','on'),(299,'0713a25924d275d0b2719185471c0052',45,'Password','password','in','',4,'','','on'),(300,'ee725ae084daf658be5f56080db2533e',45,'State Login','d8','out','on',0,'','',''),(301,'017cf9e69460748eff5a01e05d52f917',45,'State Closing Tables','d2','out','on',0,'','',''),(302,'698edc5749d8823980a9a891e03bb638',45,'State Sorting Result','dc','out','on',0,'','',''),(303,'50e24f967a8f2853c126f81e59312e6b',45,'State Preparing','d9','out','on',0,'','',''),(304,'cd3bf36ab8a437c4f3fd084401a1975f',45,'State Init','d6','out','on',0,'','',''),(305,'e475d04b3dadbe5245121b14a6122a54',45,'State Freeing Items','d5','out','on',0,'','',''),(306,'5ba6c35bdb762734558b5ec8de170f1b',45,'State Locked','d7','out','on',0,'','',''),(307,'c3d4dd8ee7af85bc893eaa828acba796',45,'State Writing To Net','df','out','on',0,'','',''),(308,'55973b3e6e1863efcbd9631af86cf052',45,'State Copying To Tmp Table','d3','out','on',0,'','',''),(309,'0776c8e20eb4f8890dbba7c975556065',45,'State Other','dh','out','on',0,'','',''),(310,'62510dd94dc08d9c08c577e7a0ffd208',45,'State End','d4','out','on',0,'','',''),(311,'f5a6ed7e86aefe1908473f0c330cb58a',45,'State None','dg','out','on',0,'','',''),(312,'788b5c58c28f9d174cd5dad3db213162',45,'State Reading From Net','da','out','on',0,'','',''),(313,'78501d7348c4c65936d6ca459fe84a37',45,'State Sending Data','db','out','on',0,'','',''),(314,'f6ab471ca91d49741b4498ffe303418b',45,'State Statistics','dd','out','on',0,'','',''),(315,'23b5e17fafa9301d8da410227423e351',45,'State Updating','de','out','on',0,'','',''),(316,'91fb02dfa6158e2aa9664bc6ef1eb67b',46,'Hostname','hostname','in','',2,'hostname','',''),(317,'be25d44cbb97d899a13e4031d6b08e55',46,'Port','port','in','',5,'','','on'),(318,'e6fbe9e151bcd489feddc04ee8652f00',46,'Username','username','in','',3,'','','on'),(319,'79ebc0485cd7d1fe162f903712aa5bdd',46,'Password','password','in','',4,'','','on'),(320,'c4e247c203b21a903a01143d00e71355',46,'Handler Commit','di','out','on',0,'','',''),(321,'e903bbf5b08e424826ade17616d15c1a',46,'Handler Savepoint','dt','out','on',0,'','',''),(322,'39c9a089710491f11657e539871a0a03',46,'Handler Savepoint Rollback','du','out','on',0,'','',''),(323,'e7e151b9c506afc6d7fd9bf818c0f8fd',46,'Handler Rollback','ds','out','on',0,'','',''),(324,'a714f8b361062925ade346af5d3e309a',47,'Hostname','hostname','in','',2,'hostname','',''),(325,'9d0f29b9bd44016057050db750effa93',47,'Port','port','in','',5,'','','on'),(326,'1ebc28591dff0e1427c867ddc1f111bf',47,'Username','username','in','',3,'','','on'),(327,'b044bb60a47132ce5d84f6613909c363',47,'Password','password','in','',4,'','','on'),(328,'69b53100ab3f422fc71ec9bc12edd9d5',47,'Handler Delete','dj','out','on',0,'','',''),(329,'b53736a071099a8e10fe4ae46f458b4f',47,'Handler Read First','dm','out','on',0,'','',''),(330,'4fc6a489d571f347c59bc1afb6dee9f4',47,'Handler Read Prev','dp','out','on',0,'','',''),(331,'b1e0a675076a4c4e515a7036dfd5462a',47,'Handler Read Key','dn','out','on',0,'','',''),(332,'0d6449be9ed1b6c759d767d73fe0d43f',47,'Handler Read Rnd Next','dr','out','on',0,'','',''),(333,'a4e778068227762dc88415e34455cec0',47,'Handler Write','dw','out','on',0,'','',''),(334,'4dd2caa030ae3bf2023313bd10ea459f',47,'Handler Read Rnd','dq','out','on',0,'','',''),(335,'caf52403e3a995055a9a00c816672961',47,'Handler Update','dv','out','on',0,'','',''),(336,'d0e627dd8f65dbde02269c4f17546cbe',47,'Handler Read Next','do','out','on',0,'','','');
/*!40000 ALTER TABLE `data_input_fields` ENABLE KEYS */;
UNLOCK TABLES;

--
-- Table structure for table `data_local`
--

DROP TABLE IF EXISTS `data_local`;
SET @saved_cs_client     = @@character_set_client;
SET character_set_client = utf8;
CREATE TABLE `data_local` (
  `id` mediumint(8) unsigned NOT NULL auto_increment,
  `data_template_id` mediumint(8) unsigned NOT NULL default '0',
  `host_id` mediumint(8) unsigned NOT NULL default '0',
  `snmp_query_id` mediumint(8) NOT NULL default '0',
  `snmp_index` varchar(255) NOT NULL default '',
  PRIMARY KEY  (`id`)
) ENGINE=MyISAM AUTO_INCREMENT=96 DEFAULT CHARSET=latin1;
SET character_set_client = @saved_cs_client;

--
-- Dumping data for table `data_local`
--

LOCK TABLES `data_local` WRITE;
/*!40000 ALTER TABLE `data_local` DISABLE KEYS */;
INSERT INTO `data_local` VALUES (3,13,1,0,''),(4,15,1,0,''),(5,11,1,0,''),(6,17,1,0,''),(7,16,1,0,''),(8,50,1,0,''),(9,61,1,0,''),(10,57,1,0,''),(11,72,1,0,''),(12,65,1,0,''),(13,59,1,0,''),(14,64,1,0,''),(15,56,1,0,''),(37,41,3,1,'3'),(36,61,3,0,''),(35,34,3,0,''),(34,47,3,0,''),(33,33,3,0,''),(32,31,3,0,''),(31,32,3,0,''),(30,30,3,0,''),(29,5,3,0,''),(28,4,3,0,''),(27,6,3,0,''),(38,6,4,0,''),(39,4,4,0,''),(40,5,4,0,''),(41,30,4,0,''),(42,32,4,0,''),(43,31,4,0,''),(44,33,4,0,''),(45,47,4,0,''),(46,34,4,0,''),(47,17,4,0,''),(48,41,4,1,'3'),(49,6,5,0,''),(50,4,5,0,''),(51,5,5,0,''),(52,30,5,0,''),(53,32,5,0,''),(54,31,5,0,''),(55,33,5,0,''),(56,47,5,0,''),(57,34,5,0,''),(58,41,5,1,'2'),(59,16,5,0,''),(76,5,7,0,''),(61,41,6,1,'2'),(75,4,7,0,''),(74,6,7,0,''),(64,6,6,0,''),(65,4,6,0,''),(66,5,6,0,''),(67,30,6,0,''),(68,32,6,0,''),(69,31,6,0,''),(70,33,6,0,''),(71,47,6,0,''),(72,34,6,0,''),(73,71,6,0,''),(77,30,7,0,''),(78,32,7,0,''),(79,31,7,0,''),(80,33,7,0,''),(81,47,7,0,''),(82,34,7,0,''),(83,16,7,0,''),(87,4,8,0,''),(86,6,8,0,''),(88,5,8,0,''),(89,30,8,0,''),(90,32,8,0,''),(91,31,8,0,''),(92,33,8,0,''),(93,47,8,0,''),(94,34,8,0,''),(95,16,8,0,'');
/*!40000 ALTER TABLE `data_local` ENABLE KEYS */;
UNLOCK TABLES;

--
-- Table structure for table `data_template`
--

DROP TABLE IF EXISTS `data_template`;
SET @saved_cs_client     = @@character_set_client;
SET character_set_client = utf8;
CREATE TABLE `data_template` (
  `id` mediumint(8) unsigned NOT NULL auto_increment,
  `hash` varchar(32) NOT NULL default '',
  `name` varchar(150) NOT NULL default '',
  PRIMARY KEY  (`id`)
) ENGINE=MyISAM AUTO_INCREMENT=84 DEFAULT CHARSET=latin1;
SET character_set_client = @saved_cs_client;

--
-- Dumping data for table `data_template`
--

LOCK TABLES `data_template` WRITE;
/*!40000 ALTER TABLE `data_template` DISABLE KEYS */;
INSERT INTO `data_template` VALUES (3,'c8a8f50f5f4a465368222594c5709ede','ucd/net - Hard Drive Space'),(4,'cdfed2d401723d2f41fc239d4ce249c7','ucd/net - CPU Usage - System'),(5,'a27e816377d2ac6434a87c494559c726','ucd/net - CPU Usage - User'),(6,'c06c3d20eccb9598939dc597701ff574','ucd/net - CPU Usage - Nice'),(7,'a14f2d6f233b05e64263ff03a5b0b386','Karlnet - Noise Level'),(8,'def1a9019d888ed2ad2e106aa9595ede','Karlnet - Signal Level'),(9,'513a99ae3c9c4413609c1534ffc36eab','Karlnet - Wireless Transmits'),(10,'77404ae93c9cc410f1c2c717e7117378','Karlnet - Wireless Re-Transmits'),(11,'9e72511e127de200733eb502eb818e1d','Unix - Load Average'),(13,'dc33aa9a8e71fb7c61ec0e7a6da074aa','Linux - Memory - Free'),(15,'41f55087d067142d702dd3c73c98f020','Linux - Memory - Free Swap'),(16,'9b8c92d3c32703900ff7dd653bfc9cd8','Unix - Processes'),(17,'c221c2164c585b6da378013a7a6a2c13','Unix - Logged in Users'),(18,'a30a81cb1de65b52b7da542c8df3f188','Unix - Ping Host'),(19,'0de466a1b81dfe581d44ac014b86553a','Netware - Total Users'),(20,'bbe2da0708103029fbf949817d3a4537','Netware - Total Logins'),(22,'e4ac5d5fe73e3c773671c6d0498a8d9d','Netware - File System Reads'),(23,'f29f8c998425eedd249be1e7caf90ceb','Netware - File System Writes'),(24,'7a6216a113e19881e35565312db8a371','Netware - Cache Checks'),(25,'1dbd1251c8e94b334c0e6aeae5ca4b8d','Netware - Cache Hits'),(26,'1a4c5264eb27b5e57acd3160af770a61','Netware - Open Files'),(27,'e9def3a0e409f517cb804dfeba4ccd90','Cisco Router - 5 Minute CPU'),(30,'9b82d44eb563027659683765f92c9757','ucd/net - Load Average - 1 Minute'),(31,'87847714d19f405ff3c74f3341b3f940','ucd/net - Load Average - 5 Minute'),(32,'308ac157f24e2763f8cd828a80b3e5ff','ucd/net - Load Average - 15 Minute'),(33,'797a3e92b0039841b52e441a2823a6fb','ucd/net - Memory - Buffers'),(34,'fa15932d3cab0da2ab94c69b1a9f5ca7','ucd/net - Memory - Free'),(35,'6ce4ab04378f9f3b03ee0623abb6479f','Netware - Volumes'),(36,'03060555fab086b8412bbf9951179cd9','Netware - Directory Entries'),(37,'e4ac6919d4f6f21ec5b281a1d6ac4d4e','Unix - Hard Drive Space'),(38,'36335cd98633963a575b70639cd2fdad','Interface - Errors/Discards'),(39,'2f654f7d69ac71a5d56b1db8543ccad3','Interface - Unicast Packets'),(40,'c84e511401a747409053c90ba910d0fe','Interface - Non-Unicast Packets'),(41,'6632e1e0b58a565c135d7ff90440c335','Interface - Traffic'),(42,'1d17325f416b262921a0b55fe5f7e31d','Netware - CPU Utilization'),(43,'d814fa3b79bd0f8933b6e0834d3f16d0','Host MIB - Hard Drive Space'),(44,'f6e7d21c19434666bbdac00ccef9932f','Host MIB - CPU Utilization'),(45,'f383db441d1c246cff8482f15e184e5f','Host MIB - Processes'),(46,'2ef027cc76d75720ee5f7a528f0f1fda','Host MIB - Logged in Users'),(47,'a274deec1f78654dca6c446ba75ebca4','ucd/net - Memory - Cache'),(48,'d429e4a6019c91e6e84562593c1968ca','SNMP - Generic OID Template'),(49,'29f0b43ffd723039d3428839ab9f5174','X MyISAM Indexes DT'),(50,'71058b0c913ca3b1c3f4246c628731fc','X InnoDB Buffer Pool DT'),(51,'c56de26b6cec34796af17026e8b1e1f5','X InnoDB I/O DT'),(52,'41c5206e4ce414e2bda8b85db4da77dd','X InnoDB Insert Buffer DT'),(53,'8e12dec1ab42ddbb950a166cce0d8807','X InnoDB Insert Buffer Usage DT'),(54,'c74a58d5af8d4b98f99fa997c7c75480','X InnoDB Semaphores DT'),(55,'8c0c000f2a5a0bef224c8c2cd3bdd9c9','X InnoDB Row Operations DT'),(56,'a1940673b7c4f960688bbffa3c5cc9e7','X MySQL Table Locks DT'),(57,'f12a4fdc2bbe8cee87181ba0feaf67ee','X MySQL Connections DT'),(58,'b4e58a773aa9fb5b2b40c13850434ef5','X MySQL Replication DT'),(59,'758e5dfa7c1b43158c99c9ae8f5c9151','X MySQL Query Cache DT'),(60,'758e5dfa7c1b43158c99c9ae8f5c9152','X MySQL Query Cache Memory DT'),(61,'f8fa7fbf4c5d4ee7d82f7b4c22cc5c26','X MySQL Command Counters DT'),(62,'a2121560753c5140690165f8c594b84b','X MySQL Select Types DT'),(63,'bd1be5ddd62b90c9d5be5bfc592e7b95','X MySQL Sorts DT'),(64,'08d29df27f37a2c74559f48ff77905a0','X MySQL Temporary Objects DT'),(65,'86055944cd5a58072ab8b2db2488a1ef','X MySQL Network Traffic DT'),(66,'71058b0c913ca3b1c3f4246c628731fb','X InnoDB Buffer Pool Activity DT'),(67,'f1e9a48e5e5ee153ebee5aee529b46a6','X InnoDB I/O Pending DT'),(68,'31dcfc560537b6f93ced9e6aa6c272e0','X InnoDB Log DT'),(69,'e8dd5e9ae743b7b64c91aa09862c20cd','X MySQL Binary/Relay Logs DT'),(70,'fbbf7f38a0a20613dc79003f0c702084','X InnoDB Transactions DT'),(71,'3a6e3e24135e70a33bea0f25f5ea2059','X InnoDB Active/Locked Transactions DT'),(72,'a9377536471aa6701b8fb1eeb264e1c0','X MySQL Files and Tables DT'),(73,'f12a4fdc2bbe8cee87181ba0feaf67ed','X MySQL Threads DT'),(74,'be7c178d6a6ef47c316aeb9f9359d3ec','X InnoDB Memory Allocation DT'),(75,'066e46be84e976cb692a742836534449','X InnoDB Adaptive Hash Index DT'),(76,'f553ec61580f9b5ce6b39bc7de218a09','X InnoDB Internal Hash Memory Usage DT'),(77,'8ce31bfcc9ff7ed2519934e316321f1e','X InnoDB Tables In Use DT'),(78,'5af4088c0638b86a3f257265d52b4d36','X InnoDB Current Lock Waits DT'),(79,'518d88aa79345bac2d19a4fcd679b689','X InnoDB Lock Structures DT'),(80,'cbc86961c8c788ce499c2fa810d55321','X InnoDB Checkpoint Age DT'),(81,'f12a4fdc2a2838ee87181ba0feaf67ed','X MySQL Processlist DT'),(82,'2227a4794731fe2fa387cc096c39e514','X MySQL Transaction Handler DT'),(83,'50c34827f19eba780d2f1333bdfa85b4','X MySQL Handlers DT');
/*!40000 ALTER TABLE `data_template` ENABLE KEYS */;
UNLOCK TABLES;

--
-- Table structure for table `data_template_data`
--

DROP TABLE IF EXISTS `data_template_data`;
SET @saved_cs_client     = @@character_set_client;
SET character_set_client = utf8;
CREATE TABLE `data_template_data` (
  `id` mediumint(8) unsigned NOT NULL auto_increment,
  `local_data_template_data_id` mediumint(8) unsigned NOT NULL default '0',
  `local_data_id` mediumint(8) unsigned NOT NULL default '0',
  `data_template_id` mediumint(8) unsigned NOT NULL default '0',
  `data_input_id` mediumint(8) unsigned NOT NULL default '0',
  `t_name` char(2) default NULL,
  `name` varchar(250) NOT NULL default '',
  `name_cache` varchar(255) NOT NULL default '',
  `data_source_path` varchar(255) default NULL,
  `t_active` char(2) default NULL,
  `active` char(2) default NULL,
  `t_rrd_step` char(2) default NULL,
  `rrd_step` mediumint(8) unsigned NOT NULL default '0',
  `t_rra_id` char(2) default NULL,
  PRIMARY KEY  (`id`),
  KEY `local_data_id` (`local_data_id`),
  KEY `data_template_id` (`data_template_id`)
) ENGINE=MyISAM AUTO_INCREMENT=193 DEFAULT CHARSET=latin1;
SET character_set_client = @saved_cs_client;

--
-- Dumping data for table `data_template_data`
--

LOCK TABLES `data_template_data` WRITE;
/*!40000 ALTER TABLE `data_template_data` DISABLE KEYS */;
INSERT INTO `data_template_data` VALUES (3,0,0,3,2,'on','|host_description| - Hard Drive Space','',NULL,'','on','',300,''),(4,0,0,4,1,'','|host_description| - CPU Usage - System','',NULL,'','on','',300,''),(5,0,0,5,1,'','|host_description| - CPU Usage - User','',NULL,'','on','',300,''),(6,0,0,6,1,'','|host_description| - CPU Usage - Nice','',NULL,'','on','',300,''),(7,0,0,7,2,'on','|host_description| - Noise Level','',NULL,'','on','',300,''),(8,0,0,8,2,'on','|host_description| - Signal Level','',NULL,'','on','',300,''),(9,0,0,9,2,'on','|host_description| - Wireless Transmits','',NULL,'','on','',300,''),(10,0,0,10,2,'on','|host_description| - Wireless Re-Transmits','',NULL,'','on','',300,''),(11,0,0,11,4,'','|host_description| - Load Average','',NULL,'','on','',300,''),(13,0,0,13,6,'','|host_description| - Memory - Free','',NULL,'','on','',300,''),(15,0,0,15,6,'','|host_description| - Memory - Free Swap','',NULL,'','on','',300,''),(16,0,0,16,7,'','|host_description| - Processes','',NULL,'','on','',300,''),(17,0,0,17,5,'','|host_description| - Logged in Users','',NULL,'','on','',300,''),(18,0,0,18,10,'','|host_description| - Ping Host','',NULL,'','on','',300,''),(19,0,0,19,1,'','|host_description| - Total Users','',NULL,'','on','',300,''),(20,0,0,20,1,'','|host_description| - Total Logins','',NULL,'','on','',300,''),(22,0,0,22,1,'','|host_description| - File System Reads','',NULL,'','on','',300,''),(23,0,0,23,1,'','|host_description| - File System Writes','',NULL,'','on','',300,''),(24,0,0,24,1,'','|host_description| - Cache Checks','',NULL,'','on','',300,''),(25,0,0,25,1,'','|host_description| - Cache Hits','',NULL,'','on','',300,''),(26,0,0,26,1,'','|host_description| - Open Files','',NULL,'','on','',300,''),(27,0,0,27,1,'','|host_description| - 5 Minute CPU','',NULL,'','on','',300,''),(30,0,0,30,1,'','|host_description| - Load Average - 1 Minute','',NULL,'','on','',300,''),(31,0,0,31,1,'','|host_description| - Load Average - 5 Minute','',NULL,'','on','',300,''),(32,0,0,32,1,'','|host_description| - Load Average - 15 Minute','',NULL,'','on','',300,''),(33,0,0,33,1,'','|host_description| - Memory - Buffers','',NULL,'','on','',300,''),(34,0,0,34,1,'','|host_description| - Memory - Free','',NULL,'','on','',300,''),(35,0,0,35,2,'on','|host_description| - Volumes','',NULL,'','on','',300,''),(36,0,0,36,2,'on','|host_description| - Directory Entries','',NULL,'','on','',300,''),(37,0,0,37,11,'on','|host_description| - Hard Drive Space','',NULL,'','on','',300,''),(38,0,0,38,2,'on','|host_description| - Errors/Discards','',NULL,'','on','',300,''),(39,0,0,39,2,'on','|host_description| - Unicast Packets','',NULL,'','on','',300,''),(40,0,0,40,2,'on','|host_description| - Non-Unicast Packets','',NULL,'','on','',300,''),(41,0,0,41,2,'on','|host_description| - Traffic','',NULL,'','on','',300,''),(55,0,0,42,2,'','|host_description| - CPU Utilization','',NULL,'','on','',300,''),(56,0,0,43,12,'','|host_description| - Hard Drive Space','',NULL,'','on','',300,''),(57,0,0,44,12,'','|host_description| - CPU Utilization','',NULL,'','on','',300,''),(58,0,0,45,1,'','|host_description| - Processes','',NULL,'','on','',300,''),(59,0,0,46,1,'','|host_description| - Logged in Users','',NULL,'','on','',300,''),(62,13,3,13,6,NULL,'|host_description| - Memory - Free','db1.addventures.com - Memory - Free','<path_rra>/localhost_mem_buffers_3.rrd',NULL,'on',NULL,300,NULL),(63,15,4,15,6,NULL,'|host_description| - Memory - Free Swap','db1.addventures.com - Memory - Free Swap','<path_rra>/localhost_mem_swap_4.rrd',NULL,'on',NULL,300,NULL),(64,11,5,11,4,NULL,'|host_description| - Load Average','db1.addventures.com - Load Average','<path_rra>/localhost_load_1min_5.rrd',NULL,'on',NULL,300,NULL),(65,17,6,17,5,NULL,'|host_description| - Logged in Users','db1.addventures.com - Logged in Users','<path_rra>/localhost_users_6.rrd',NULL,'on',NULL,300,NULL),(66,16,7,16,7,NULL,'|host_description| - Processes','db1.addventures.com - Processes','<path_rra>/localhost_proc_7.rrd',NULL,'on',NULL,300,NULL),(68,0,0,47,1,'','|host_description| - Memory - Cache','',NULL,'','on','',300,''),(69,0,0,48,1,'on','|host_description| -','',NULL,'','on','',300,''),(70,0,0,49,13,'','|host_description| - MyISAM Indexes','',NULL,'','on','',300,''),(71,0,0,50,14,'','|host_description| - InnoDB Buffer Pool','',NULL,'','on','',300,''),(72,0,0,51,15,'','|host_description| - InnoDB I/O','',NULL,'','on','',300,''),(73,0,0,52,16,'','|host_description| - InnoDB Insert Buffer','',NULL,'','on','',300,''),(74,0,0,53,17,'','|host_description| - InnoDB Insert Buffer Usage','',NULL,'','on','',300,''),(75,0,0,54,18,'','|host_description| - InnoDB Semaphores','',NULL,'','on','',300,''),(76,0,0,55,19,'','|host_description| - InnoDB Row Operations','',NULL,'','on','',300,''),(77,0,0,56,20,'','|host_description| - MySQL Table Locks','',NULL,'','on','',300,''),(78,0,0,57,21,'','|host_description| - MySQL Connections','',NULL,'','on','',300,''),(79,0,0,58,22,'','|host_description| - MySQL Replication','',NULL,'','on','',300,''),(80,0,0,59,23,'','|host_description| - MySQL Query Cache','',NULL,'','on','',300,''),(81,0,0,60,24,'','|host_description| - MySQL Query Cache Memory','',NULL,'','on','',300,''),(82,0,0,61,25,'','|host_description| - MySQL Command Counters','',NULL,'','on','',300,''),(83,0,0,62,26,'','|host_description| - MySQL Select Types','',NULL,'','on','',300,''),(84,0,0,63,27,'','|host_description| - MySQL Sorts','',NULL,'','on','',300,''),(85,0,0,64,28,'','|host_description| - MySQL Temporary Objects','',NULL,'','on','',300,''),(86,0,0,65,29,'','|host_description| - MySQL Network Traffic','',NULL,'','on','',300,''),(87,0,0,66,30,'','|host_description| - InnoDB Buffer Pool Activity','',NULL,'','on','',300,''),(88,0,0,67,31,'','|host_description| - InnoDB I/O Pending','',NULL,'','on','',300,''),(89,0,0,68,32,'','|host_description| - InnoDB Log','',NULL,'','on','',300,''),(90,0,0,69,33,'','|host_description| - MySQL Binary/Relay Logs','',NULL,'','on','',300,''),(91,0,0,70,34,'','|host_description| - InnoDB Transactions','',NULL,'','on','',300,''),(92,0,0,71,35,'','|host_description| - InnoDB Active/Locked Transactions','',NULL,'','on','',300,''),(93,0,0,72,36,'','|host_description| - MySQL Files and Tables','',NULL,'','on','',300,''),(94,0,0,73,37,'','|host_description| - MySQL Threads','',NULL,'','on','',300,''),(95,0,0,74,38,'','|host_description| - InnoDB Memory Allocation','',NULL,'','on','',300,''),(96,0,0,75,39,'','|host_description| - InnoDB Adaptive Hash Index','',NULL,'','on','',300,''),(97,0,0,76,40,'','|host_description| - InnoDB Internal Hash Memory Usage','',NULL,'','on','',300,''),(98,0,0,77,41,'','|host_description| - InnoDB Tables In Use','',NULL,'','on','',300,''),(99,0,0,78,42,'','|host_description| - InnoDB Current Lock Waits','',NULL,'','on','',300,''),(100,0,0,79,43,'','|host_description| - InnoDB Lock Structures','',NULL,'','on','',300,''),(101,0,0,80,44,'','|host_description| - InnoDB Checkpoint Age','',NULL,'','on','',300,''),(102,0,0,81,45,'','|host_description| - MySQL Processlist','',NULL,'','on','',300,''),(103,0,0,82,46,'','|host_description| - MySQL Transaction Handler','',NULL,'','on','',300,''),(104,0,0,83,47,'','|host_description| - MySQL Handlers','',NULL,'','on','',300,''),(105,71,8,50,14,NULL,'|host_description| - InnoDB Buffer Pool','db1.addventures.com - InnoDB Buffer Pool','<path_rra>/localhost_free_pages_8.rrd',NULL,'on',NULL,300,NULL),(106,82,9,61,25,NULL,'|host_description| - MySQL Command Counters','db1.addventures.com - MySQL Command Counters','<path_rra>/localhost_com_select_9.rrd',NULL,'on',NULL,300,NULL),(107,78,10,57,21,NULL,'|host_description| - MySQL Connections','db1.addventures.com - MySQL Connections','<path_rra>/localhost_threads_connected_10.rrd',NULL,'on',NULL,300,NULL),(108,93,11,72,36,NULL,'|host_description| - MySQL Files and Tables','db1.addventures.com - MySQL Files and Tables','<path_rra>/localhost_opened_tables_11.rrd',NULL,'on',NULL,300,NULL),(109,86,12,65,29,NULL,'|host_description| - MySQL Network Traffic','db1.addventures.com - MySQL Network Traffic','<path_rra>/localhost_bytes_received_12.rrd',NULL,'on',NULL,300,NULL),(110,80,13,59,23,NULL,'|host_description| - MySQL Query Cache','db1.addventures.com - MySQL Query Cache','<path_rra>/localhost_qcache_inserts_13.rrd',NULL,'on',NULL,300,NULL),(111,85,14,64,28,NULL,'|host_description| - MySQL Temporary Objects','db1.addventures.com - MySQL Temporary Objects','<path_rra>/localhost_created_tmp_tables_14.rrd',NULL,'on',NULL,300,NULL),(112,77,15,56,20,NULL,'|host_description| - MySQL Table Locks','db1.addventures.com - MySQL Table Locks','<path_rra>/localhost_table_locks_immedit_15.rrd',NULL,'on',NULL,300,NULL),(133,82,36,61,25,NULL,'|host_description| - MySQL Command Counters','db2.Addventures.com - MySQL Command Counters','<path_rra>/db2_addventures_com_com_select_36.rrd',NULL,'on',NULL,300,NULL),(132,34,35,34,1,NULL,'|host_description| - Memory - Free','db2.Addventures.com - Memory - Free','<path_rra>/db2_addventures_com_mem_free_35.rrd',NULL,'on',NULL,300,NULL),(131,68,34,47,1,NULL,'|host_description| - Memory - Cache','db2.Addventures.com - Memory - Cache','<path_rra>/db2_addventures_com_mem_cache_34.rrd',NULL,'on',NULL,300,NULL),(130,33,33,33,1,NULL,'|host_description| - Memory - Buffers','db2.Addventures.com - Memory - Buffers','<path_rra>/db2_addventures_com_mem_buffers_33.rrd',NULL,'on',NULL,300,NULL),(129,31,32,31,1,NULL,'|host_description| - Load Average - 5 Minute','db2.Addventures.com - Load Average - 5 Minute','<path_rra>/db2_addventures_com_load_5min_32.rrd',NULL,'on',NULL,300,NULL),(128,32,31,32,1,NULL,'|host_description| - Load Average - 15 Minute','db2.Addventures.com - Load Average - 15 Minute','<path_rra>/db2_addventures_com_load_15min_31.rrd',NULL,'on',NULL,300,NULL),(127,30,30,30,1,NULL,'|host_description| - Load Average - 1 Minute','db2.Addventures.com - Load Average - 1 Minute','<path_rra>/db2_addventures_com_load_1min_30.rrd',NULL,'on',NULL,300,NULL),(126,5,29,5,1,NULL,'|host_description| - CPU Usage - User','db2.Addventures.com - CPU Usage - User','<path_rra>/db2_addventures_com_cpu_user_29.rrd',NULL,'on',NULL,300,NULL),(124,6,27,6,1,NULL,'|host_description| - CPU Usage - Nice','db2.Addventures.com - CPU Usage - Nice','<path_rra>/db2_addventures_com_cpu_nice_27.rrd',NULL,'on',NULL,300,NULL),(125,4,28,4,1,NULL,'|host_description| - CPU Usage - System','db2.Addventures.com - CPU Usage - System','<path_rra>/db2_addventures_com_cpu_system_28.rrd',NULL,'on',NULL,300,NULL),(134,41,37,41,2,NULL,'|host_description| - Traffic - 192.168.100.48 - eth1','db2.Addventures.com - Traffic - 192.168.100.48 - eth1','<path_rra>/db2_addventures_com_traffic_in_37.rrd',NULL,'on',NULL,300,NULL),(135,6,38,6,1,NULL,'|host_description| - CPU Usage - Nice','Web1-addventures - CPU Usage - Nice','<path_rra>/webserver1-addventures_cpu_nice_38.rrd',NULL,'on',NULL,300,NULL),(136,4,39,4,1,NULL,'|host_description| - CPU Usage - System','Web1-addventures - CPU Usage - System','<path_rra>/webserver1-addventures_cpu_system_39.rrd',NULL,'on',NULL,300,NULL),(137,5,40,5,1,NULL,'|host_description| - CPU Usage - User','Web1-addventures - CPU Usage - User','<path_rra>/webserver1-addventures_cpu_user_40.rrd',NULL,'on',NULL,300,NULL),(138,30,41,30,1,NULL,'|host_description| - Load Average - 1 Minute','Web1-addventures - Load Average - 1 Minute','<path_rra>/webserver1-addventures_load_1min_41.rrd',NULL,'on',NULL,300,NULL),(139,32,42,32,1,NULL,'|host_description| - Load Average - 15 Minute','Web1-addventures - Load Average - 15 Minute','<path_rra>/webserver1-addventures_load_15min_42.rrd',NULL,'on',NULL,300,NULL),(140,31,43,31,1,NULL,'|host_description| - Load Average - 5 Minute','Web1-addventures - Load Average - 5 Minute','<path_rra>/webserver1-addventures_load_5min_43.rrd',NULL,'on',NULL,300,NULL),(141,33,44,33,1,NULL,'|host_description| - Memory - Buffers','Web1-addventures - Memory - Buffers','<path_rra>/webserver1-addventures_mem_buffers_44.rrd',NULL,'on',NULL,300,NULL),(142,68,45,47,1,NULL,'|host_description| - Memory - Cache','Web1-addventures - Memory - Cache','<path_rra>/webserver1-addventures_mem_cache_45.rrd',NULL,'on',NULL,300,NULL),(143,34,46,34,1,NULL,'|host_description| - Memory - Free','Web1-addventures - Memory - Free','<path_rra>/webserver1-addventures_mem_free_46.rrd',NULL,'on',NULL,300,NULL),(144,17,47,17,5,NULL,'|host_description| - Logged in Users','Web1-addventures - Logged in Users','<path_rra>/webserver1-addventures_users_47.rrd',NULL,'on',NULL,300,NULL),(145,41,48,41,2,NULL,'|host_description| - Traffic - 192.168.100.42 - eth1','Web1-addventures - Traffic - 192.168.100.42 - eth1','<path_rra>/webserver1-addventures_traffic_in_48.rrd',NULL,'on',NULL,300,NULL),(146,6,49,6,1,NULL,'|host_description| - CPU Usage - Nice','Web2-addventures - CPU Usage - Nice','<path_rra>/web2-addventures_cpu_nice_49.rrd',NULL,'on',NULL,300,NULL),(147,4,50,4,1,NULL,'|host_description| - CPU Usage - System','Web2-addventures - CPU Usage - System','<path_rra>/web2-addventures_cpu_system_50.rrd',NULL,'on',NULL,300,NULL),(148,5,51,5,1,NULL,'|host_description| - CPU Usage - User','Web2-addventures - CPU Usage - User','<path_rra>/web2-addventures_cpu_user_51.rrd',NULL,'on',NULL,300,NULL),(149,30,52,30,1,NULL,'|host_description| - Load Average - 1 Minute','Web2-addventures - Load Average - 1 Minute','<path_rra>/web2-addventures_load_1min_52.rrd',NULL,'on',NULL,300,NULL),(150,32,53,32,1,NULL,'|host_description| - Load Average - 15 Minute','Web2-addventures - Load Average - 15 Minute','<path_rra>/web2-addventures_load_15min_53.rrd',NULL,'on',NULL,300,NULL),(151,31,54,31,1,NULL,'|host_description| - Load Average - 5 Minute','Web2-addventures - Load Average - 5 Minute','<path_rra>/web2-addventures_load_5min_54.rrd',NULL,'on',NULL,300,NULL),(152,33,55,33,1,NULL,'|host_description| - Memory - Buffers','Web2-addventures - Memory - Buffers','<path_rra>/web2-addventures_mem_buffers_55.rrd',NULL,'on',NULL,300,NULL),(153,68,56,47,1,NULL,'|host_description| - Memory - Cache','Web2-addventures - Memory - Cache','<path_rra>/web2-addventures_mem_cache_56.rrd',NULL,'on',NULL,300,NULL),(154,34,57,34,1,NULL,'|host_description| - Memory - Free','Web2-addventures - Memory - Free','<path_rra>/web2-addventures_mem_free_57.rrd',NULL,'on',NULL,300,NULL),(155,41,58,41,2,NULL,'|host_description| - Traffic - 207.21.210.45 - eth0','Web2-addventures - Traffic - 207.21.210.45 - eth0','<path_rra>/web2-addventures_traffic_in_58.rrd',NULL,'on',NULL,300,NULL),(156,16,59,16,7,NULL,'|host_description| - Processes','Web2-addventures - Processes','<path_rra>/web2-addventures_proc_59.rrd',NULL,'on',NULL,300,NULL),(158,41,61,41,2,NULL,'|host_description| - Traffic - 207.21.210.39 - eth0','stage.addventures.com - Traffic - 207.21.210.39 - eth0','<path_rra>/dev1app_addventures_com_traffic_in_61.rrd',NULL,'on',NULL,300,NULL),(173,5,76,5,1,NULL,'|host_description| - CPU Usage - User','dev.addventures - CPU Usage - User','<path_rra>/dev_addventures_cpu_user_76.rrd',NULL,'on',NULL,300,NULL),(171,6,74,6,1,NULL,'|host_description| - CPU Usage - Nice','dev.addventures - CPU Usage - Nice','<path_rra>/dev_addventures_cpu_nice_74.rrd',NULL,'on',NULL,300,NULL),(172,4,75,4,1,NULL,'|host_description| - CPU Usage - System','dev.addventures - CPU Usage - System','<path_rra>/dev_addventures_cpu_system_75.rrd',NULL,'on',NULL,300,NULL),(161,6,64,6,1,NULL,'|host_description| - CPU Usage - Nice','stage.addventures.com - CPU Usage - Nice','<path_rra>/dev1app_addventures_com_cpu_nice_64.rrd',NULL,'on',NULL,300,NULL),(162,4,65,4,1,NULL,'|host_description| - CPU Usage - System','stage.addventures.com - CPU Usage - System','<path_rra>/dev1app_addventures_com_cpu_system_65.rrd',NULL,'on',NULL,300,NULL),(163,5,66,5,1,NULL,'|host_description| - CPU Usage - User','stage.addventures.com - CPU Usage - User','<path_rra>/dev1app_addventures_com_cpu_user_66.rrd',NULL,'on',NULL,300,NULL),(164,30,67,30,1,NULL,'|host_description| - Load Average - 1 Minute','stage.addventures.com - Load Average - 1 Minute','<path_rra>/dev1app_addventures_com_load_1min_67.rrd',NULL,'on',NULL,300,NULL),(165,32,68,32,1,NULL,'|host_description| - Load Average - 15 Minute','stage.addventures.com - Load Average - 15 Minute','<path_rra>/dev1app_addventures_com_load_15min_68.rrd',NULL,'on',NULL,300,NULL),(166,31,69,31,1,NULL,'|host_description| - Load Average - 5 Minute','stage.addventures.com - Load Average - 5 Minute','<path_rra>/dev1app_addventures_com_load_5min_69.rrd',NULL,'on',NULL,300,NULL),(167,33,70,33,1,NULL,'|host_description| - Memory - Buffers','stage.addventures.com - Memory - Buffers','<path_rra>/dev1app_addventures_com_mem_buffers_70.rrd',NULL,'on',NULL,300,NULL),(168,68,71,47,1,NULL,'|host_description| - Memory - Cache','stage.addventures.com - Memory - Cache','<path_rra>/dev1app_addventures_com_mem_cache_71.rrd',NULL,'on',NULL,300,NULL),(169,34,72,34,1,NULL,'|host_description| - Memory - Free','stage.addventures.com - Memory - Free','<path_rra>/dev1app_addventures_com_mem_free_72.rrd',NULL,'on',NULL,300,NULL),(170,92,73,71,35,NULL,'|host_description| - InnoDB Active/Locked Transactions','stage.addventures.com - InnoDB Active/Locked Transactions','<path_rra>/dev1app_addventures_com_locked_transactions_73.rrd',NULL,'on',NULL,300,NULL),(174,30,77,30,1,NULL,'|host_description| - Load Average - 1 Minute','dev.addventures - Load Average - 1 Minute','<path_rra>/dev_addventures_load_1min_77.rrd',NULL,'on',NULL,300,NULL),(175,32,78,32,1,NULL,'|host_description| - Load Average - 15 Minute','dev.addventures - Load Average - 15 Minute','<path_rra>/dev_addventures_load_15min_78.rrd',NULL,'on',NULL,300,NULL),(176,31,79,31,1,NULL,'|host_description| - Load Average - 5 Minute','dev.addventures - Load Average - 5 Minute','<path_rra>/dev_addventures_load_5min_79.rrd',NULL,'on',NULL,300,NULL),(177,33,80,33,1,NULL,'|host_description| - Memory - Buffers','dev.addventures - Memory - Buffers','<path_rra>/dev_addventures_mem_buffers_80.rrd',NULL,'on',NULL,300,NULL),(178,68,81,47,1,NULL,'|host_description| - Memory - Cache','dev.addventures - Memory - Cache','<path_rra>/dev_addventures_mem_cache_81.rrd',NULL,'on',NULL,300,NULL),(179,34,82,34,1,NULL,'|host_description| - Memory - Free','dev.addventures - Memory - Free','<path_rra>/dev_addventures_mem_free_82.rrd',NULL,'on',NULL,300,NULL),(180,16,83,16,7,NULL,'|host_description| - Processes','dev.addventures - Processes','<path_rra>/dev_addventures_proc_83.rrd',NULL,'on',NULL,300,NULL),(185,5,88,5,1,NULL,'|host_description| - CPU Usage - User','storage.addventures.com - CPU Usage - User','<path_rra>/storage_addventures_com_cpu_user_88.rrd',NULL,'on',NULL,300,NULL),(183,6,86,6,1,NULL,'|host_description| - CPU Usage - Nice','storage.addventures.com - CPU Usage - Nice','<path_rra>/storage_addventures_com_cpu_nice_86.rrd',NULL,'on',NULL,300,NULL),(184,4,87,4,1,NULL,'|host_description| - CPU Usage - System','storage.addventures.com - CPU Usage - System','<path_rra>/storage_addventures_com_cpu_system_87.rrd',NULL,'on',NULL,300,NULL),(186,30,89,30,1,NULL,'|host_description| - Load Average - 1 Minute','storage.addventures.com - Load Average - 1 Minute','<path_rra>/storage_addventures_com_load_1min_89.rrd',NULL,'on',NULL,300,NULL),(187,32,90,32,1,NULL,'|host_description| - Load Average - 15 Minute','storage.addventures.com - Load Average - 15 Minute','<path_rra>/storage_addventures_com_load_15min_90.rrd',NULL,'on',NULL,300,NULL),(188,31,91,31,1,NULL,'|host_description| - Load Average - 5 Minute','storage.addventures.com - Load Average - 5 Minute','<path_rra>/storage_addventures_com_load_5min_91.rrd',NULL,'on',NULL,300,NULL),(189,33,92,33,1,NULL,'|host_description| - Memory - Buffers','storage.addventures.com - Memory - Buffers','<path_rra>/storage_addventures_com_mem_buffers_92.rrd',NULL,'on',NULL,300,NULL),(190,68,93,47,1,NULL,'|host_description| - Memory - Cache','storage.addventures.com - Memory - Cache','<path_rra>/storage_addventures_com_mem_cache_93.rrd',NULL,'on',NULL,300,NULL),(191,34,94,34,1,NULL,'|host_description| - Memory - Free','storage.addventures.com - Memory - Free','<path_rra>/storage_addventures_com_mem_free_94.rrd',NULL,'on',NULL,300,NULL),(192,16,95,16,7,NULL,'|host_description| - Processes','storage.addventures.com - Processes','<path_rra>/storage_addventures_com_proc_95.rrd',NULL,'on',NULL,300,NULL);
/*!40000 ALTER TABLE `data_template_data` ENABLE KEYS */;
UNLOCK TABLES;

--
-- Table structure for table `data_template_data_rra`
--

DROP TABLE IF EXISTS `data_template_data_rra`;
SET @saved_cs_client     = @@character_set_client;
SET character_set_client = utf8;
CREATE TABLE `data_template_data_rra` (
  `data_template_data_id` mediumint(8) unsigned NOT NULL default '0',
  `rra_id` mediumint(8) unsigned NOT NULL default '0',
  PRIMARY KEY  (`data_template_data_id`,`rra_id`),
  KEY `data_template_data_id` (`data_template_data_id`)
) ENGINE=MyISAM DEFAULT CHARSET=latin1;
SET character_set_client = @saved_cs_client;

--
-- Dumping data for table `data_template_data_rra`
--

LOCK TABLES `data_template_data_rra` WRITE;
/*!40000 ALTER TABLE `data_template_data_rra` DISABLE KEYS */;
INSERT INTO `data_template_data_rra` VALUES (3,1),(3,2),(3,3),(3,4),(4,1),(4,2),(4,3),(4,4),(5,1),(5,2),(5,3),(5,4),(6,1),(6,2),(6,3),(6,4),(7,1),(7,2),(7,3),(7,4),(8,1),(8,2),(8,3),(8,4),(9,1),(9,2),(9,3),(9,4),(10,1),(10,2),(10,3),(10,4),(11,1),(11,2),(11,3),(11,4),(13,1),(13,2),(13,3),(13,4),(15,1),(15,2),(15,3),(15,4),(16,1),(16,2),(16,3),(16,4),(17,1),(17,2),(17,3),(17,4),(18,1),(18,2),(18,3),(18,4),(19,1),(19,2),(19,3),(19,4),(20,1),(20,2),(20,3),(20,4),(22,1),(22,2),(22,3),(22,4),(23,1),(23,2),(23,3),(23,4),(24,1),(24,2),(24,3),(24,4),(25,1),(25,2),(25,3),(25,4),(26,1),(26,2),(26,3),(26,4),(27,1),(27,2),(27,3),(27,4),(30,1),(30,2),(30,3),(30,4),(31,1),(31,2),(31,3),(31,4),(32,1),(32,2),(32,3),(32,4),(33,1),(33,2),(33,3),(33,4),(34,1),(34,2),(34,3),(34,4),(35,1),(35,2),(35,3),(35,4),(36,1),(36,2),(36,3),(36,4),(37,1),(37,2),(37,3),(37,4),(38,1),(38,2),(38,3),(38,4),(39,1),(39,2),(39,3),(39,4),(40,1),(40,2),(40,3),(40,4),(41,1),(41,2),(41,3),(41,4),(55,1),(55,2),(55,3),(55,4),(56,1),(56,2),(56,3),(56,4),(57,1),(57,2),(57,3),(57,4),(58,1),(58,2),(58,3),(58,4),(59,1),(59,2),(59,3),(59,4),(62,1),(62,2),(62,3),(62,4),(63,1),(63,2),(63,3),(63,4),(64,1),(64,2),(64,3),(64,4),(65,1),(65,2),(65,3),(65,4),(66,1),(66,2),(66,3),(66,4),(68,1),(68,2),(68,3),(68,4),(69,1),(69,2),(69,3),(69,4),(70,1),(70,2),(70,3),(70,4),(70,5),(71,1),(71,2),(71,3),(71,4),(71,5),(72,1),(72,2),(72,3),(72,4),(72,5),(73,1),(73,2),(73,3),(73,4),(73,5),(74,1),(74,2),(74,3),(74,4),(74,5),(75,1),(75,2),(75,3),(75,4),(75,5),(76,1),(76,2),(76,3),(76,4),(76,5),(77,1),(77,2),(77,3),(77,4),(77,5),(78,1),(78,2),(78,3),(78,4),(78,5),(79,1),(79,2),(79,3),(79,4),(79,5),(80,1),(80,2),(80,3),(80,4),(80,5),(81,1),(81,2),(81,3),(81,4),(81,5),(82,1),(82,2),(82,3),(82,4),(82,5),(83,1),(83,2),(83,3),(83,4),(83,5),(84,1),(84,2),(84,3),(84,4),(84,5),(85,1),(85,2),(85,3),(85,4),(85,5),(86,1),(86,2),(86,3),(86,4),(86,5),(87,1),(87,2),(87,3),(87,4),(87,5),(88,1),(88,2),(88,3),(88,4),(88,5),(89,1),(89,2),(89,3),(89,4),(89,5),(90,1),(90,2),(90,3),(90,4),(90,5),(91,1),(91,2),(91,3),(91,4),(91,5),(92,1),(92,2),(92,3),(92,4),(92,5),(93,1),(93,2),(93,3),(93,4),(93,5),(94,1),(94,2),(94,3),(94,4),(94,5),(95,1),(95,2),(95,3),(95,4),(95,5),(96,1),(96,2),(96,3),(96,4),(96,5),(97,1),(97,2),(97,3),(97,4),(97,5),(98,1),(98,2),(98,3),(98,4),(98,5),(99,1),(99,2),(99,3),(99,4),(99,5),(100,1),(100,2),(100,3),(100,4),(100,5),(101,1),(101,2),(101,3),(101,4),(101,5),(102,1),(102,2),(102,3),(102,4),(102,5),(103,1),(103,2),(103,3),(103,4),(103,5),(104,1),(104,2),(104,3),(104,4),(104,5),(105,1),(105,2),(105,3),(105,4),(105,5),(106,1),(106,2),(106,3),(106,4),(106,5),(107,1),(107,2),(107,3),(107,4),(107,5),(108,1),(108,2),(108,3),(108,4),(108,5),(109,1),(109,2),(109,3),(109,4),(109,5),(110,1),(110,2),(110,3),(110,4),(110,5),(111,1),(111,2),(111,3),(111,4),(111,5),(112,1),(112,2),(112,3),(112,4),(112,5),(113,1),(113,2),(113,3),(113,4),(114,1),(114,2),(114,3),(114,4),(115,1),(115,2),(115,3),(115,4),(116,1),(116,2),(116,3),(116,4),(117,1),(117,2),(117,3),(117,4),(118,1),(118,2),(118,3),(118,4),(118,5),(119,1),(119,2),(119,3),(119,4),(119,5),(120,1),(120,2),(120,3),(120,4),(120,5),(121,1),(121,2),(121,3),(121,4),(121,5),(122,1),(122,2),(122,3),(122,4),(122,5),(123,1),(123,2),(123,3),(123,4),(123,5),(124,1),(124,2),(124,3),(124,4),(125,1),(125,2),(125,3),(125,4),(126,1),(126,2),(126,3),(126,4),(127,1),(127,2),(127,3),(127,4),(128,1),(128,2),(128,3),(128,4),(129,1),(129,2),(129,3),(129,4),(130,1),(130,2),(130,3),(130,4),(131,1),(131,2),(131,3),(131,4),(132,1),(132,2),(132,3),(132,4),(133,1),(133,2),(133,3),(133,4),(133,5),(134,1),(134,2),(134,3),(134,4),(135,1),(135,2),(135,3),(135,4),(136,1),(136,2),(136,3),(136,4),(137,1),(137,2),(137,3),(137,4),(138,1),(138,2),(138,3),(138,4),(139,1),(139,2),(139,3),(139,4),(140,1),(140,2),(140,3),(140,4),(141,1),(141,2),(141,3),(141,4),(142,1),(142,2),(142,3),(142,4),(143,1),(143,2),(143,3),(143,4),(144,1),(144,2),(144,3),(144,4),(145,1),(145,2),(145,3),(145,4),(146,1),(146,2),(146,3),(146,4),(147,1),(147,2),(147,3),(147,4),(148,1),(148,2),(148,3),(148,4),(149,1),(149,2),(149,3),(149,4),(150,1),(150,2),(150,3),(150,4),(151,1),(151,2),(151,3),(151,4),(152,1),(152,2),(152,3),(152,4),(153,1),(153,2),(153,3),(153,4),(154,1),(154,2),(154,3),(154,4),(155,1),(155,2),(155,3),(155,4),(156,1),(156,2),(156,3),(156,4),(158,1),(158,2),(158,3),(158,4),(161,1),(161,2),(161,3),(161,4),(162,1),(162,2),(162,3),(162,4),(163,1),(163,2),(163,3),(163,4),(164,1),(164,2),(164,3),(164,4),(165,1),(165,2),(165,3),(165,4),(166,1),(166,2),(166,3),(166,4),(167,1),(167,2),(167,3),(167,4),(168,1),(168,2),(168,3),(168,4),(169,1),(169,2),(169,3),(169,4),(170,1),(170,2),(170,3),(170,4),(170,5),(171,1),(171,2),(171,3),(171,4),(172,1),(172,2),(172,3),(172,4),(173,1),(173,2),(173,3),(173,4),(174,1),(174,2),(174,3),(174,4),(175,1),(175,2),(175,3),(175,4),(176,1),(176,2),(176,3),(176,4),(177,1),(177,2),(177,3),(177,4),(178,1),(178,2),(178,3),(178,4),(179,1),(179,2),(179,3),(179,4),(180,1),(180,2),(180,3),(180,4),(183,1),(183,2),(183,3),(183,4),(184,1),(184,2),(184,3),(184,4),(185,1),(185,2),(185,3),(185,4),(186,1),(186,2),(186,3),(186,4),(187,1),(187,2),(187,3),(187,4),(188,1),(188,2),(188,3),(188,4),(189,1),(189,2),(189,3),(189,4),(190,1),(190,2),(190,3),(190,4),(191,1),(191,2),(191,3),(191,4),(192,1),(192,2),(192,3),(192,4);
/*!40000 ALTER TABLE `data_template_data_rra` ENABLE KEYS */;
UNLOCK TABLES;

--
-- Table structure for table `data_template_rrd`
--

DROP TABLE IF EXISTS `data_template_rrd`;
SET @saved_cs_client     = @@character_set_client;
SET character_set_client = utf8;
CREATE TABLE `data_template_rrd` (
  `id` mediumint(8) unsigned NOT NULL auto_increment,
  `hash` varchar(32) NOT NULL default '',
  `local_data_template_rrd_id` mediumint(8) unsigned NOT NULL default '0',
  `local_data_id` mediumint(8) unsigned NOT NULL default '0',
  `data_template_id` mediumint(8) unsigned NOT NULL default '0',
  `t_rrd_maximum` char(2) default NULL,
  `rrd_maximum` varchar(20) NOT NULL default '0',
  `t_rrd_minimum` char(2) default NULL,
  `rrd_minimum` varchar(20) NOT NULL default '0',
  `t_rrd_heartbeat` char(2) default NULL,
  `rrd_heartbeat` mediumint(6) NOT NULL default '0',
  `t_data_source_type_id` char(2) default NULL,
  `data_source_type_id` smallint(5) NOT NULL default '0',
  `t_data_source_name` char(2) default NULL,
  `data_source_name` varchar(19) NOT NULL default '',
  `t_data_input_field_id` char(2) default NULL,
  `data_input_field_id` mediumint(8) unsigned NOT NULL default '0',
  PRIMARY KEY  (`id`),
  KEY `local_data_id` (`local_data_id`),
  KEY `data_template_id` (`data_template_id`),
  KEY `local_data_template_rrd_id` (`local_data_template_rrd_id`)
) ENGINE=MyISAM AUTO_INCREMENT=409 DEFAULT CHARSET=latin1;
SET character_set_client = @saved_cs_client;

--
-- Dumping data for table `data_template_rrd`
--

LOCK TABLES `data_template_rrd` WRITE;
/*!40000 ALTER TABLE `data_template_rrd` DISABLE KEYS */;
INSERT INTO `data_template_rrd` VALUES (3,'2d53f9c76767a2ae8909f4152fd473a4',0,0,3,'','0','','0','',600,'',1,'','hdd_free','',0),(4,'93d91aa7a3cc5473e7b195d5d6e6e675',0,0,3,'','0','','0','',600,'',1,'','hdd_used','',0),(5,'7bee7987bbf30a3bc429d2a67c6b2595',0,0,4,'','100','','0','',600,'',2,'','cpu_system','',0),(6,'ddccd7fbdece499da0235b4098b87f9e',0,0,5,'','100','','0','',600,'',2,'','cpu_user','',0),(7,'122ab2097f8c6403b7b90cde7b9e2bc2',0,0,6,'','100','','0','',600,'',2,'','cpu_nice','',0),(8,'34f50c820092ea0fecba25b4b94a7946',0,0,7,'','100','','0','',600,'',1,'','wrls_noise','',0),(9,'830b811d1834e5ba0e2af93bd92db057',0,0,8,'','100','','0','',600,'',1,'','wrls_signal','',0),(10,'2f1b016a2465eef3f7369f6313cd4a94',0,0,9,'','1000000','','0','',600,'',2,'','wrls_transmits','',0),(11,'28ffcecaf8b50e49f676f2d4a822685d',0,0,10,'','1000000','','0','',600,'',2,'','wrls_retransmits','',0),(12,'8175ca431c8fe50efff5a1d3ae51b55d',0,0,11,'','500','','0','',600,'',1,'','load_1min','',17),(13,'a2eeb8acd6ea01cd0e3ac852965c0eb6',0,0,11,'','500','','0','',600,'',1,'','load_5min','',18),(14,'9f951b7fb3b19285a411aebb5254a831',0,0,11,'','500','','0','',600,'',1,'','load_15min','',19),(16,'a4df3de5238d3beabee1a2fe140d3d80',0,0,13,'','0','','0','',600,'',1,'','mem_buffers','',23),(18,'7fea6acc9b1a19484b4cb4cef2b6c5da',0,0,15,'','0','','0','',600,'',1,'','mem_swap','',23),(19,'f1ba3a5b17b95825021241398bb0f277',0,0,16,'','1000','','0','',600,'',1,'','proc','',24),(20,'46a5afe8e6c0419172c76421dc9e304a',0,0,17,'','500','','0','',600,'',1,'','users','',21),(21,'962fd1994fe9cae87fb36436bdb8a742',0,0,18,'','5000','','0','',600,'',1,'','ping','',30),(22,'7a8dd1111a8624369906bf2cd6ea9ca9',0,0,19,'','100000','','0','',600,'',1,'','total_users','',0),(23,'ddb6e74d34d2f1969ce85f809dbac23d',0,0,20,'','100000','','0','',600,'',1,'','total_logins','',0),(25,'289311d10336941d33d9a1c48a7b11ee',0,0,22,'','10000000','','0','',600,'',2,'','fs_reads','',0),(26,'02216f036cca04655ee2f67fedb6f4f0',0,0,23,'','10000000','','0','',600,'',2,'','fs_writes','',0),(27,'9e402c0f29131ef7139c20bd500b4e8a',0,0,24,'','10000000','','0','',600,'',2,'','cache_checks','',0),(28,'46717dfe3c8c030d8b5ec0874f9dbdca',0,0,25,'','1000000','','0','',600,'',2,'','cache_hits','',0),(29,'7a88a60729af62561812c43bde61dfc1',0,0,26,'','100000','','0','',600,'',1,'','open_files','',0),(30,'3c0fd1a188b64a662dfbfa985648397b',0,0,27,'','100','','0','',600,'',1,'','5min_cpu','',0),(33,'ed44c2438ef7e46e2aeed2b6c580815c',0,0,30,'','500','','0','',600,'',1,'','load_1min','',0),(34,'9b3a00c9e3530d9e58895ac38271361e',0,0,31,'','500','','0','',600,'',1,'','load_5min','',0),(35,'6746c2ed836ecc68a71bbddf06b0e5d9',0,0,32,'','500','','0','',600,'',1,'','load_15min','',0),(36,'9835d9e1a8c78aa2475d752e8fa74812',0,0,33,'','10000000','','0','',600,'',1,'','mem_buffers','',0),(37,'9c78dc1981bcea841b8c827c6dc0d26c',0,0,34,'','10000000','','0','',600,'',1,'','mem_free','',0),(38,'62a56dc76fe4cd8566a31b5df0274cc3',0,0,35,'','0','','0','',600,'',1,'','vol_total','',0),(39,'2e366ab49d0e0238fb4e3141ea5a88c3',0,0,35,'','0','','0','',600,'',1,'','vol_free','',0),(40,'dceedc84718dd93a5affe4b190bca810',0,0,35,'','0','','0','',600,'',1,'','vol_freeable','',0),(42,'93330503f1cf67db00d8fe636035e545',0,0,36,'','100000000000','','0','',600,'',1,'','dir_total','',0),(43,'6b0fe4aa6aaf22ef9cfbbe96d87fa0d7',0,0,36,'','100000000000','','0','',600,'',1,'','dir_used','',0),(44,'4c82df790325d789d304e6ee5cd4ab7d',0,0,37,'','0','','0','',600,'',1,'','hdd_free','',0),(46,'c802e2fd77f5b0a4c4298951bf65957c',0,0,38,'','10000000','','0','',600,'',2,'','errors_in','',0),(47,'4e2a72240955380dc8ffacfcc8c09874',0,0,38,'','10000000','','0','',600,'',2,'','discards_in','',0),(48,'636672962b5bb2f31d86985e2ab4bdfe',0,0,39,'','1000000000','','0','',600,'',2,'','unicast_in','',0),(49,'18ce92c125a236a190ee9dd948f56268',0,0,39,'','1000000000','','0','',600,'',2,'','unicast_out','',0),(50,'13ebb33f9cbccfcba828db1075a8167c',0,0,38,'','10000000','','0','',600,'',2,'','discards_out','',0),(51,'31399c3725bee7e09ec04049e3d5cd17',0,0,38,'','10000000','','0','',600,'',2,'','errors_out','',0),(52,'7be68cbc4ee0b2973eb9785f8c7a35c7',0,0,40,'','1000000000','','0','',600,'',2,'','nonunicast_out','',0),(53,'93e2b6f59b10b13f2ddf2da3ae98b89a',0,0,40,'','1000000000','','0','',600,'',2,'','nonunicast_in','',0),(54,'2df25c57022b0c7e7d0be4c035ada1a0',0,0,41,'on','100000000','','0','',600,'',2,'','traffic_in','',0),(55,'721c0794526d1ac1c359f27dc56faa49',0,0,41,'on','100000000','','0','',600,'',2,'','traffic_out','',0),(56,'07175541991def89bd02d28a215f6fcc',0,0,37,'','0','','0','',600,'',1,'','hdd_used','',0),(76,'07492e5cace6d74e7db3cb1fc005a3f3',0,0,42,'','100','','0','',600,'',1,'','cpu','',0),(78,'0ee6bb54957f6795a5369a29f818d860',0,0,43,'','0','','0','',600,'',1,'','hdd_used','',0),(79,'9825aaf7c0bdf1554c5b4b86680ac2c0',0,0,44,'','100','','0','',600,'',1,'','cpu','',0),(80,'50ccbe193c6c7fc29fb9f726cd6c48ee',0,0,45,'','1000','','0','',600,'',1,'','proc','',0),(81,'9464c91bcff47f23085ae5adae6ab987',0,0,46,'','5000','','0','',600,'',1,'','users','',0),(84,'',16,3,13,NULL,'0',NULL,'0',NULL,600,NULL,1,NULL,'mem_buffers',NULL,23),(85,'',18,4,15,NULL,'0',NULL,'0',NULL,600,NULL,1,NULL,'mem_swap',NULL,23),(86,'',12,5,11,NULL,'500',NULL,'0',NULL,600,NULL,1,NULL,'load_1min',NULL,17),(87,'',13,5,11,NULL,'500',NULL,'0',NULL,600,NULL,1,NULL,'load_5min',NULL,18),(88,'',14,5,11,NULL,'500',NULL,'0',NULL,600,NULL,1,NULL,'load_15min',NULL,19),(89,'',20,6,17,NULL,'500',NULL,'0',NULL,600,NULL,1,NULL,'users',NULL,21),(90,'',19,7,16,NULL,'1000',NULL,'0',NULL,600,NULL,1,NULL,'proc',NULL,24),(92,'165a0da5f461561c85d092dfe96b9551',0,0,43,'','0','','0','',600,'',1,'','hdd_total','',0),(95,'7a6ca455bbeff99ca891371bc77d5cf9',0,0,47,'','10000000','','0','',600,'',1,'','mem_cache','',0),(96,'224b83ea73f55f8a861bcf4c9bea0472',0,0,48,'on','100','','0','',600,'on',1,'','snmp_oid','',0),(97,'0de2bf128eac0bc672d77085da38f8cf',0,0,49,'','18446744073709551615','','0','',600,'',3,'','Key_reads','',51),(98,'039d69d0262c783f20b77fa3b3f62e88',0,0,49,'','18446744073709551615','','0','',600,'',3,'','Key_write_requests','',52),(99,'b407e61e9948460c99116f7f6a72cf92',0,0,49,'','18446744073709551615','','0','',600,'',3,'','Key_read_requests','',53),(100,'f8851b46ed984a9e8fba454c48995230',0,0,49,'','18446744073709551615','','0','',600,'',3,'','Key_writes','',54),(101,'e00cdf7624957fb1206d92c65ea6fcc3',0,0,50,'','18446744073709551615','','0','',600,'',1,'','free_pages','',59),(102,'714b9bccd3200f6d46fb3ff36be3bf16',0,0,50,'','18446744073709551615','','0','',600,'',1,'','modified_pages','',60),(103,'2ced436e455d14013f6d824e36295005',0,0,50,'','18446744073709551615','','0','',600,'',1,'','database_pages','',61),(104,'68cc20ea3e77e990d749356e21a8ed01',0,0,50,'','18446744073709551615','','0','',600,'',1,'','pool_size','',62),(105,'506dc7cea79a8e9167a2961e4af16f4f',0,0,51,'','18446744073709551615','','0','',600,'',3,'','log_writes','',67),(106,'9faa26c606b6b28778864d5081588c62',0,0,51,'','18446744073709551615','','0','',600,'',3,'','file_reads','',68),(107,'1452aa7aa7147b5a81f90acf29e344a7',0,0,51,'','18446744073709551615','','0','',600,'',3,'','file_writes','',69),(108,'1b83b09538bc14ae68e1e9a58d0ea4ce',0,0,51,'','18446744073709551615','','0','',600,'',3,'','file_fsyncs','',70),(109,'db421787539f02497406cd293f1a522a',0,0,52,'','18446744073709551615','','0','',600,'',3,'','ibuf_merges','',75),(110,'d4ee67c833d28a979599b71381360734',0,0,52,'','18446744073709551615','','0','',600,'',3,'','ibuf_inserts','',76),(111,'c289a34d4c63e31f02be38ad26ffb077',0,0,52,'','18446744073709551615','','0','',600,'',3,'','ibuf_merged','',77),(112,'276ecc8a6883cd2e682b9472aa07efd3',0,0,53,'','18446744073709551615','','0','',600,'',1,'','ibuf_cell_count','',82),(113,'a11c4b97f86d8ec2d2ab3736f34b7af8',0,0,53,'','18446744073709551615','','0','',600,'',1,'','ibuf_used_cells','',83),(114,'d11fd524940bdc0e76c7cd96d2880fd8',0,0,53,'','18446744073709551615','','0','',600,'',1,'','ibuf_free_cells','',84),(115,'522f5ed5373d54e612f2e2a32b58c8ca',0,0,54,'','18446744073709551615','','0','',600,'',3,'','os_waits','',89),(116,'d1a72d8ab6137fcf3df95b2e14a89a58',0,0,54,'','18446744073709551615','','0','',600,'',3,'','spin_waits','',90),(117,'c88c11b5a4da84fd95ff088a4d815cd6',0,0,54,'','18446744073709551615','','0','',600,'',3,'','spin_rounds','',91),(118,'9d6fb10c7a6fad13a42d29c5b77a26b1',0,0,55,'','18446744073709551615','','0','',600,'',3,'','rows_deleted','',96),(119,'ac8e609e24e306fef2ec8ef425fe0ea6',0,0,55,'','18446744073709551615','','0','',600,'',3,'','rows_inserted','',97),(120,'16c850e649dd91edf9d2241bc635377c',0,0,55,'','18446744073709551615','','0','',600,'',3,'','rows_updated','',98),(121,'f643eab7bbcd11417e0685d138c2e4b4',0,0,55,'','18446744073709551615','','0','',600,'',3,'','rows_read','',99),(122,'cf7e7c469ad5eccae33784b96136f318',0,0,56,'','18446744073709551615','','0','',600,'',3,'','Table_locks_immedit','',104),(123,'4b92784bd5b866747c040580383d9619',0,0,56,'','18446744073709551615','','0','',600,'',3,'','Slow_queries','',105),(124,'ce22d0d9368be9413c2a50c69861ec2b',0,0,56,'','18446744073709551615','','0','',600,'',3,'','Table_locks_waited','',106),(125,'55ed0b81457150103747ca82141a7f13',0,0,57,'','18446744073709551615','','0','',600,'',1,'','Threads_connected','',111),(126,'3790fcbadbe72404d2826fc88c29b1d0',0,0,57,'','18446744073709551615','','0','',600,'',3,'','Connections','',112),(127,'52dcd9b60564823afc59da8762e9cf56',0,0,57,'','18446744073709551615','','0','',600,'',1,'','max_connections','',113),(128,'0ecbbad784c6a0287cb138e0d101159b',0,0,57,'','18446744073709551615','','0','',600,'',1,'','Max_used_connectins','',114),(129,'b9482e8e8f3a6d0e95978e19715ac447',0,0,57,'','18446744073709551615','','0','',600,'',3,'','Aborted_clients','',115),(130,'fc1dba80f47aacc5247d7a598bc79e85',0,0,57,'','18446744073709551615','','0','',600,'',3,'','Aborted_connects','',116),(131,'a2b5fb54622eccf34fd7891c7dd846d9',0,0,58,'','18446744073709551615','','0','',600,'',1,'','slave_running','',121),(132,'bc1d5cacb2e2c6f0785f369f6baaa349',0,0,58,'','18446744073709551615','','0','',600,'',3,'','Slave_rtrd_trnsctns','',122),(133,'60a66b3e8ee975927e0950be770e3210',0,0,58,'','18446744073709551615','','0','',600,'',1,'','slave_stopped','',123),(134,'25cf8ecc2e97a7de94bc1cb48151a5e2',0,0,58,'','18446744073709551615','','0','',600,'',1,'','Slave_open_tmp_tbls','',124),(135,'2f22ea85e927b9904204281cd730b9c7',0,0,58,'','18446744073709551615','','0','',600,'',1,'','slave_lag','',125),(136,'22845ea66b30de205a53b333a5a90164',0,0,59,'','18446744073709551615','','0','',600,'',3,'','Qcache_inserts','',130),(137,'14595905d0a5cd47d859662262beced7',0,0,59,'','18446744073709551615','','0','',600,'',3,'','Qcache_lowmem_pruns','',131),(138,'311c7406e805f1bba295d81af1d13fe0',0,0,59,'','18446744073709551615','','0','',600,'',1,'','Qcache_queris_n_cch','',132),(139,'bed31c9faf2bd44892d858ca786520ef',0,0,59,'','18446744073709551615','','0','',600,'',3,'','Qcache_not_cached','',133),(140,'f07477338949616d6eea54ee637f6d4e',0,0,59,'','18446744073709551615','','0','',600,'',3,'','Qcache_hits','',134),(141,'76a39fdd8200142dcbc0a924c48d5579',0,0,60,'','18446744073709551615','','0','',600,'',1,'','query_cache_size','',139),(142,'3e1726404b6d50a895f5809d1ad56a7f',0,0,60,'','18446744073709551615','','0','',600,'',1,'','Qcache_free_blocks','',140),(143,'8d7e8ced1b5e263e2bc8a85217cf0738',0,0,60,'','18446744073709551615','','0','',600,'',1,'','Qcache_total_blocks','',141),(144,'de38cbf9720663357899748543fe5e6f',0,0,60,'','18446744073709551615','','0','',600,'',1,'','Qcache_free_memory','',142),(145,'196a931365006b70189f1252a7601ecb',0,0,61,'','18446744073709551615','','0','',600,'',3,'','Com_select','',147),(146,'149230bfe45c31f9f844e726a6fd4821',0,0,61,'','18446744073709551615','','0','',600,'',3,'','Com_delete_multi','',148),(147,'338ab0cab8bfed0e33c57639bac678a2',0,0,61,'','18446744073709551615','','0','',600,'',3,'','Com_delete','',149),(148,'3d9a4c7361041aa0bcb36b4bb98e3853',0,0,61,'','18446744073709551615','','0','',600,'',3,'','Com_insert','',150),(149,'758bec4a0d6344ccd03f47e7be7068cf',0,0,61,'','18446744073709551615','','0','',600,'',3,'','Com_replace','',151),(150,'caf6c3ae61650a2096daaca96b837bb0',0,0,61,'','18446744073709551615','','0','',600,'',3,'','Com_update_multi','',152),(151,'ab2e63aef3037b7c7d134fbba74d3c3e',0,0,61,'','18446744073709551615','','0','',600,'',3,'','Com_replace_select','',153),(152,'08217f95d7cd474051c926b7c5fbf6e7',0,0,61,'','18446744073709551615','','0','',600,'',3,'','Com_insert_select','',154),(153,'2ded5946a4f8009c895f7416cbfa4c74',0,0,61,'','18446744073709551615','','0','',600,'',3,'','Com_update','',155),(154,'542f25b1dd6cc52340253c02a3b8da1b',0,0,61,'','18446744073709551615','','0','',600,'',3,'','Questions','',156),(155,'87cacd948ec07d17babbbf9f1ff0867e',0,0,61,'','18446744073709551615','','0','',600,'',3,'','Com_load','',157),(156,'61fff8036b63b07d8863feeacc81c1d4',0,0,62,'','18446744073709551615','','0','',600,'',3,'','Select_range','',162),(157,'5e6cf8e6439278754a5ffb80e3bdef57',0,0,62,'','18446744073709551615','','0','',600,'',3,'','Select_full_join','',163),(158,'e71fb77d0613171bc9b0fc92f2e58326',0,0,62,'','18446744073709551615','','0','',600,'',3,'','Select_scan','',164),(159,'c9a6d87d4df6f96364f7bc700fadbc45',0,0,62,'','18446744073709551615','','0','',600,'',3,'','Select_full_rnge_jn','',165),(160,'8245046cf427baa6fb2a253a533225f3',0,0,62,'','18446744073709551615','','0','',600,'',3,'','Select_range_check','',166),(161,'362757dae7975981676b254896863a43',0,0,63,'','18446744073709551615','','0','',600,'',3,'','Sort_rows','',171),(162,'8aa489c6bb70310d14a24e56e31c9592',0,0,63,'','18446744073709551615','','0','',600,'',3,'','Sort_merge_passes','',172),(163,'ef1c94da33bc5d6378f01bd4afdb7c1c',0,0,63,'','18446744073709551615','','0','',600,'',3,'','Sort_scan','',173),(164,'b77c61e0c59b1210d4ab0d94efc3c49e',0,0,63,'','18446744073709551615','','0','',600,'',3,'','Sort_range','',174),(165,'322a90733977c40c16f4ea07987e39c0',0,0,64,'','18446744073709551615','','0','',600,'',3,'','Created_tmp_tables','',179),(166,'10c2532bfb063c2795e0846f5c8466a1',0,0,64,'','18446744073709551615','','0','',600,'',3,'','Created_tmp_files','',180),(167,'5668ee63d100ff3e25f235b47099e56c',0,0,64,'','18446744073709551615','','0','',600,'',3,'','Creatd_tmp_dsk_tbls','',181),(168,'0dc4474ee42f80143630b1c03f5292c6',0,0,65,'','18446744073709551615','','0','',600,'',3,'','Bytes_received','',186),(169,'7fb4bf9ceb329586e4b503c1e1923ca8',0,0,65,'','18446744073709551615','','0','',600,'',3,'','Bytes_sent','',187),(170,'53c047bd9eadb7ad5e743d05cbaaf84b',0,0,66,'','18446744073709551615','','0','',600,'',3,'','pages_written','',192),(171,'c398c4cdc2f9c82448fa443a641b810d',0,0,66,'','18446744073709551615','','0','',600,'',3,'','pages_read','',193),(172,'9a01b6e087c3ef063799178d306feb97',0,0,66,'','18446744073709551615','','0','',600,'',3,'','pages_created','',194),(173,'be22dfb8efd92b9fe309592dec10cc8d',0,0,67,'','18446744073709551615','','0','',600,'',1,'','pending_ibuf_ao_rds','',199),(174,'36c9b07cd0ae44be946eac9d2c5990f7',0,0,67,'','18446744073709551615','','0','',600,'',1,'','pending_aio_sync_is','',200),(175,'800348e37be481771454d906c1d1d8de',0,0,67,'','18446744073709551615','','0','',600,'',1,'','pending_chkp_writes','',201),(176,'e21d7e99fa7ef26cacb7752e46a478cc',0,0,67,'','18446744073709551615','','0','',600,'',1,'','pending_norml_o_rds','',202),(177,'8c57848b1f40239c68b01e0b66310d4a',0,0,67,'','18446744073709551615','','0','',600,'',1,'','pending_bf_pl_flshs','',203),(178,'fc152dab944cf8defb9abca88eca72ab',0,0,67,'','18446744073709551615','','0','',600,'',1,'','pending_aio_log_ios','',204),(179,'25cc4d35043d3209f5c04d82757c93d2',0,0,67,'','18446744073709551615','','0','',600,'',1,'','pending_log_writes','',205),(180,'fa7e7dd36bd47498841b103fb0d333a4',0,0,67,'','18446744073709551615','','0','',600,'',1,'','pending_nrml_o_wrts','',206),(181,'5375f9f3b8b479d403330074c5dd6b57',0,0,67,'','18446744073709551615','','0','',600,'',1,'','pending_log_flushes','',207),(182,'dbfd089a2e1f44392fcfa1c3499f1013',0,0,68,'','18446744073709551615','','0','',600,'',3,'','unflushed_log','',212),(183,'dc4885299416ee40c40c96b36f1a0511',0,0,68,'','18446744073709551615','','0','',600,'',3,'','log_bytes_written','',213),(184,'de41286a9e5734185c7a4eac909a1580',0,0,68,'','18446744073709551615','','0','',600,'',3,'','log_bytes_flushed','',214),(185,'297edbf2eccbdf0dabda7d8166884cd5',0,0,68,'','18446744073709551615','','0','',600,'',1,'','innodb_log_buffr_sz','',215),(186,'f787be2f29e6a6c727d51629d310dd4c',0,0,69,'','18446744073709551615','','0','',600,'',3,'','Binlog_cache_use','',220),(187,'a4b9d1a7f255ad789d348354091cb475',0,0,69,'','18446744073709551615','','0','',600,'',1,'','binary_log_space','',221),(188,'d17011029e29581769e5414579ca2f5c',0,0,69,'','18446744073709551615','','0','',600,'',1,'','relay_log_space','',222),(189,'c5d1d5f676d73244c30e0d71c9324fd1',0,0,69,'','18446744073709551615','','0','',600,'',3,'','Binlog_cache_disk_s','',223),(190,'4bb48cfeb0c6ba33cd0efc263f17d3d6',0,0,70,'','18446744073709551615','','0','',600,'',3,'','innodb_transactions','',228),(191,'65dd57fbce5ead54134c6503c037db90',0,0,70,'','18446744073709551615','','0','',600,'',1,'','current_transactins','',229),(192,'d77d77348050b6a61f9df87f2cd0a47c',0,0,70,'','18446744073709551615','','0','',600,'',1,'','history_list','',230),(193,'24c6e5dcd3e22c73c19a3ff8eee9d6c2',0,0,70,'','18446744073709551615','','0','',600,'',1,'','read_views','',231),(194,'a21487b718256d024260f04ec77d2a6c',0,0,71,'','18446744073709551615','','0','',600,'',1,'','locked_transactions','',236),(195,'70851dc8e5505d68d94785481b2423d0',0,0,71,'','18446744073709551615','','0','',600,'',1,'','active_transactions','',237),(196,'b31d2e1ef1d9178247ce4e874ae88e33',0,0,72,'','18446744073709551615','','0','',600,'',3,'','Opened_tables','',242),(197,'9b2465446100422df23bc22189d93d49',0,0,72,'','18446744073709551615','','0','',600,'',1,'','Open_files','',243),(198,'6a4c5bbc5e1010c27f25ae5099125a9b',0,0,72,'','18446744073709551615','','0','',600,'',1,'','Open_tables','',244),(199,'9576ab3e9c3b59b7806af18db882a6ec',0,0,72,'','18446744073709551615','','0','',600,'',1,'','table_cache','',245),(200,'b46bed6846abf8d3061ff730d770d13e',0,0,73,'','18446744073709551615','','0','',600,'',3,'','Threads_created','',250),(201,'8983fa5dd8398bfa87abd22a32a1c849',0,0,73,'','18446744073709551615','','0','',600,'',1,'','thread_cache_size','',251),(202,'97ba246c241eb12602632193c62518d2',0,0,74,'','18446744073709551615','','0','',600,'',1,'','total_mem_alloc','',256),(203,'c41149551500c5f7fe89bacb804a343c',0,0,74,'','18446744073709551615','','0','',600,'',1,'','additional_pool_llc','',257),(204,'f68e7d974c792e87f51dc91273a11325',0,0,75,'','18446744073709551615','','0','',600,'',1,'','hash_index_clls_ttl','',262),(205,'4dd94bbdc6f5591fb029b051d8ef839d',0,0,75,'','18446744073709551615','','0','',600,'',1,'','hash_index_cells_sd','',263),(206,'c8fc68e098b25acfae2a4ab9986baa8e',0,0,76,'','18446744073709551615','','0','',600,'',1,'','lock_system_memory','',268),(207,'786dda80f4d7f39f74c7fc1872d19cd2',0,0,76,'','18446744073709551615','','0','',600,'',1,'','file_system_memory','',269),(208,'8f256d1f6379d41c1185a09f0dec5d95',0,0,76,'','18446744073709551615','','0','',600,'',1,'','page_hash_memory','',270),(209,'d50503865efb68c754d6a659089a8273',0,0,76,'','18446744073709551615','','0','',600,'',1,'','thread_hash_memory','',271),(210,'005921dea6fe2fc6206f84c91256abe8',0,0,76,'','18446744073709551615','','0','',600,'',1,'','dictionry_cche_mmry','',272),(211,'81337834441e772be28d91159e1d1838',0,0,76,'','18446744073709551615','','0','',600,'',1,'','recovery_systm_mmry','',273),(212,'f371d57c78e5cec707934076adb7ce6f',0,0,76,'','18446744073709551615','','0','',600,'',1,'','adaptive_hash_memry','',274),(213,'ef2909e3629fe14839371c957745f3ff',0,0,77,'','18446744073709551615','','0','',600,'',1,'','innodb_locked_tabls','',279),(214,'f1cbca750f2ad36a373493839a7321f0',0,0,77,'','18446744073709551615','','0','',600,'',1,'','innodb_tables_in_us','',280),(215,'b92dae1e59864a2a464e0bd532693cdb',0,0,78,'','18446744073709551615','','0','',600,'',1,'','innodb_lock_wat_scs','',285),(216,'779563a68e56e67cacaf16a3f9181d26',0,0,79,'','18446744073709551615','','0','',600,'',1,'','innodb_lock_structs','',290),(217,'a381ce58d6222cc077b3797023ace35c',0,0,80,'','18446744073709551615','','0','',600,'',1,'','uncheckpointed_byts','',295),(218,'b46bed6846abf8d8061ff730d770d13e',0,0,81,'','18446744073709551615','','0','',600,'',1,'','State_login','',300),(219,'b46bed6846abf8d1061ff730d770d13e',0,0,81,'','18446744073709551615','','0','',600,'',1,'','State_closing_tabls','',301),(220,'b46bed6846abf3d3061ff730d770d13e',0,0,81,'','18446744073709551615','','0','',600,'',1,'','State_sorting_reslt','',302),(221,'b46bed6846abf8d9061ff730d770d13e',0,0,81,'','18446744073709551615','','0','',600,'',1,'','State_preparing','',303),(222,'b46bed6846abf8d6061ff730d770d13e',0,0,81,'','18446744073709551615','','0','',600,'',1,'','State_init','',304),(223,'b46bed6846abf8d5061ff730d770d13e',0,0,81,'','18446744073709551615','','0','',600,'',1,'','State_freeing_items','',305),(224,'b46bed6846abf8d7061ff730d770d13e',0,0,81,'','18446744073709551615','','0','',600,'',1,'','State_locked','',306),(225,'b46bed6846abf6d3061ff730d770d13e',0,0,81,'','18446744073709551615','','0','',600,'',1,'','State_writing_to_nt','',307),(226,'b46bed6846abf8d2061ff730d770d13e',0,0,81,'','18446744073709551615','','0','',600,'',1,'','Ste_cpyng_to_tp_tbl','',308),(227,'b46bed6846abf9d3061ff730d770d13e',0,0,81,'','18446744073709551615','','0','',600,'',1,'','State_other','',309),(228,'b46bed6846abf8d4061ff730d770d13e',0,0,81,'','18446744073709551615','','0','',600,'',1,'','State_end','',310),(229,'b46bed6846abf7d3061ff730d770d13e',0,0,81,'','18446744073709551615','','0','',600,'',1,'','State_none','',311),(230,'b46bed6846abf1d3061ff730d770d13e',0,0,81,'','18446744073709551615','','0','',600,'',1,'','State_readng_frm_nt','',312),(231,'b46bed6846abf2d3061ff730d770d13e',0,0,81,'','18446744073709551615','','0','',600,'',1,'','State_sending_data','',313),(232,'b46bed6846abf4d3061ff730d770d13e',0,0,81,'','18446744073709551615','','0','',600,'',1,'','State_statistics','',314),(233,'b46bed6846abf5d3061ff730d770d13e',0,0,81,'','18446744073709551615','','0','',600,'',1,'','State_updating','',315),(234,'7e7fad9a6481fc3d92c088d62899892f',0,0,82,'','18446744073709551615','','0','',600,'',3,'','Handler_commit','',320),(235,'66125ea03534f65a210ffccb18d2f6dc',0,0,82,'','18446744073709551615','','0','',600,'',3,'','Handler_savepoint','',321),(236,'da38247d3f2dbd6491fa84b1bd56c8ea',0,0,82,'','18446744073709551615','','0','',600,'',1,'','Handlr_svpnt_rllbck','',322),(237,'3f5d445e7498402b46163527830eecae',0,0,82,'','18446744073709551615','','0','',600,'',3,'','Handler_rollback','',323),(238,'3d4ae5e57097e4d4fb2df7b87fc21386',0,0,83,'','18446744073709551615','','0','',600,'',3,'','Handler_delete','',328),(239,'9d7ed56c6442f3da58f2c04509786bc2',0,0,83,'','18446744073709551615','','0','',600,'',3,'','Handler_read_first','',329),(240,'b7b81cd4e433f02bf8579f910377e94e',0,0,83,'','18446744073709551615','','0','',600,'',3,'','Handler_read_prev','',330),(241,'98ddc8ca88ead8ba056d7479df92a64c',0,0,83,'','18446744073709551615','','0','',600,'',3,'','Handler_read_key','',331),(242,'f0c6936a50af8f0c5c7bdee7e59ff902',0,0,83,'','18446744073709551615','','0','',600,'',3,'','Handler_red_rnd_nxt','',332),(243,'8f5a845776c2a5f6919dddb3568a888e',0,0,83,'','18446744073709551615','','0','',600,'',3,'','Handler_write','',333),(244,'d4ce6e9298605da94efdea368148544a',0,0,83,'','18446744073709551615','','0','',600,'',3,'','Handler_read_rnd','',334),(245,'43ce1f5b5037c2ed2248701375f60b52',0,0,83,'','18446744073709551615','','0','',600,'',3,'','Handler_update','',335),(246,'d1e9cd45a9a5bdb9695a816d0422d469',0,0,83,'','18446744073709551615','','0','',600,'',3,'','Handler_read_next','',336),(247,'',101,8,50,NULL,'18446744073709551615',NULL,'0',NULL,600,NULL,1,NULL,'free_pages',NULL,59),(248,'',102,8,50,NULL,'18446744073709551615',NULL,'0',NULL,600,NULL,1,NULL,'modified_pages',NULL,60),(249,'',103,8,50,NULL,'18446744073709551615',NULL,'0',NULL,600,NULL,1,NULL,'database_pages',NULL,61),(250,'',104,8,50,NULL,'18446744073709551615',NULL,'0',NULL,600,NULL,1,NULL,'pool_size',NULL,62),(251,'',145,9,61,NULL,'18446744073709551615',NULL,'0',NULL,600,NULL,3,NULL,'Com_select',NULL,147),(252,'',146,9,61,NULL,'18446744073709551615',NULL,'0',NULL,600,NULL,3,NULL,'Com_delete_multi',NULL,148),(253,'',147,9,61,NULL,'18446744073709551615',NULL,'0',NULL,600,NULL,3,NULL,'Com_delete',NULL,149),(254,'',148,9,61,NULL,'18446744073709551615',NULL,'0',NULL,600,NULL,3,NULL,'Com_insert',NULL,150),(255,'',149,9,61,NULL,'18446744073709551615',NULL,'0',NULL,600,NULL,3,NULL,'Com_replace',NULL,151),(256,'',150,9,61,NULL,'18446744073709551615',NULL,'0',NULL,600,NULL,3,NULL,'Com_update_multi',NULL,152),(257,'',151,9,61,NULL,'18446744073709551615',NULL,'0',NULL,600,NULL,3,NULL,'Com_replace_select',NULL,153),(258,'',152,9,61,NULL,'18446744073709551615',NULL,'0',NULL,600,NULL,3,NULL,'Com_insert_select',NULL,154),(259,'',153,9,61,NULL,'18446744073709551615',NULL,'0',NULL,600,NULL,3,NULL,'Com_update',NULL,155),(260,'',154,9,61,NULL,'18446744073709551615',NULL,'0',NULL,600,NULL,3,NULL,'Questions',NULL,156),(261,'',155,9,61,NULL,'18446744073709551615',NULL,'0',NULL,600,NULL,3,NULL,'Com_load',NULL,157),(262,'',125,10,57,NULL,'18446744073709551615',NULL,'0',NULL,600,NULL,1,NULL,'Threads_connected',NULL,111),(263,'',126,10,57,NULL,'18446744073709551615',NULL,'0',NULL,600,NULL,3,NULL,'Connections',NULL,112),(264,'',127,10,57,NULL,'18446744073709551615',NULL,'0',NULL,600,NULL,1,NULL,'max_connections',NULL,113),(265,'',128,10,57,NULL,'18446744073709551615',NULL,'0',NULL,600,NULL,1,NULL,'Max_used_connectins',NULL,114),(266,'',129,10,57,NULL,'18446744073709551615',NULL,'0',NULL,600,NULL,3,NULL,'Aborted_clients',NULL,115),(267,'',130,10,57,NULL,'18446744073709551615',NULL,'0',NULL,600,NULL,3,NULL,'Aborted_connects',NULL,116),(268,'',196,11,72,NULL,'18446744073709551615',NULL,'0',NULL,600,NULL,3,NULL,'Opened_tables',NULL,242),(269,'',197,11,72,NULL,'18446744073709551615',NULL,'0',NULL,600,NULL,1,NULL,'Open_files',NULL,243),(270,'',198,11,72,NULL,'18446744073709551615',NULL,'0',NULL,600,NULL,1,NULL,'Open_tables',NULL,244),(271,'',199,11,72,NULL,'18446744073709551615',NULL,'0',NULL,600,NULL,1,NULL,'table_cache',NULL,245),(272,'',168,12,65,NULL,'18446744073709551615',NULL,'0',NULL,600,NULL,3,NULL,'Bytes_received',NULL,186),(273,'',169,12,65,NULL,'18446744073709551615',NULL,'0',NULL,600,NULL,3,NULL,'Bytes_sent',NULL,187),(274,'',136,13,59,NULL,'18446744073709551615',NULL,'0',NULL,600,NULL,3,NULL,'Qcache_inserts',NULL,130),(275,'',137,13,59,NULL,'18446744073709551615',NULL,'0',NULL,600,NULL,3,NULL,'Qcache_lowmem_pruns',NULL,131),(276,'',138,13,59,NULL,'18446744073709551615',NULL,'0',NULL,600,NULL,1,NULL,'Qcache_queris_n_cch',NULL,132),(277,'',139,13,59,NULL,'18446744073709551615',NULL,'0',NULL,600,NULL,3,NULL,'Qcache_not_cached',NULL,133),(278,'',140,13,59,NULL,'18446744073709551615',NULL,'0',NULL,600,NULL,3,NULL,'Qcache_hits',NULL,134),(279,'',165,14,64,NULL,'18446744073709551615',NULL,'0',NULL,600,NULL,3,NULL,'Created_tmp_tables',NULL,179),(280,'',166,14,64,NULL,'18446744073709551615',NULL,'0',NULL,600,NULL,3,NULL,'Created_tmp_files',NULL,180),(281,'',167,14,64,NULL,'18446744073709551615',NULL,'0',NULL,600,NULL,3,NULL,'Creatd_tmp_dsk_tbls',NULL,181),(282,'',122,15,56,NULL,'18446744073709551615',NULL,'0',NULL,600,NULL,3,NULL,'Table_locks_immedit',NULL,104),(283,'',123,15,56,NULL,'18446744073709551615',NULL,'0',NULL,600,NULL,3,NULL,'Slow_queries',NULL,105),(284,'',124,15,56,NULL,'18446744073709551615',NULL,'0',NULL,600,NULL,3,NULL,'Table_locks_waited',NULL,106),(350,'',37,46,34,NULL,'10000000',NULL,'0',NULL,600,NULL,1,NULL,'mem_free',NULL,0),(349,'',95,45,47,NULL,'10000000',NULL,'0',NULL,600,NULL,1,NULL,'mem_cache',NULL,0),(348,'',36,44,33,NULL,'10000000',NULL,'0',NULL,600,NULL,1,NULL,'mem_buffers',NULL,0),(347,'',34,43,31,NULL,'500',NULL,'0',NULL,600,NULL,1,NULL,'load_5min',NULL,0),(346,'',35,42,32,NULL,'500',NULL,'0',NULL,600,NULL,1,NULL,'load_15min',NULL,0),(345,'',33,41,30,NULL,'500',NULL,'0',NULL,600,NULL,1,NULL,'load_1min',NULL,0),(344,'',6,40,5,NULL,'100',NULL,'0',NULL,600,NULL,2,NULL,'cpu_user',NULL,0),(343,'',5,39,4,NULL,'100',NULL,'0',NULL,600,NULL,2,NULL,'cpu_system',NULL,0),(342,'',7,38,6,NULL,'100',NULL,'0',NULL,600,NULL,2,NULL,'cpu_nice',NULL,0),(341,'',55,37,41,NULL,'1000000000',NULL,'0',NULL,600,NULL,2,NULL,'traffic_out',NULL,0),(340,'',54,37,41,NULL,'1000000000',NULL,'0',NULL,600,NULL,2,NULL,'traffic_in',NULL,0),(339,'',155,36,61,NULL,'18446744073709551615',NULL,'0',NULL,600,NULL,3,NULL,'Com_load',NULL,157),(338,'',154,36,61,NULL,'18446744073709551615',NULL,'0',NULL,600,NULL,3,NULL,'Questions',NULL,156),(337,'',153,36,61,NULL,'18446744073709551615',NULL,'0',NULL,600,NULL,3,NULL,'Com_update',NULL,155),(336,'',152,36,61,NULL,'18446744073709551615',NULL,'0',NULL,600,NULL,3,NULL,'Com_insert_select',NULL,154),(335,'',151,36,61,NULL,'18446744073709551615',NULL,'0',NULL,600,NULL,3,NULL,'Com_replace_select',NULL,153),(334,'',150,36,61,NULL,'18446744073709551615',NULL,'0',NULL,600,NULL,3,NULL,'Com_update_multi',NULL,152),(333,'',149,36,61,NULL,'18446744073709551615',NULL,'0',NULL,600,NULL,3,NULL,'Com_replace',NULL,151),(332,'',148,36,61,NULL,'18446744073709551615',NULL,'0',NULL,600,NULL,3,NULL,'Com_insert',NULL,150),(331,'',147,36,61,NULL,'18446744073709551615',NULL,'0',NULL,600,NULL,3,NULL,'Com_delete',NULL,149),(330,'',146,36,61,NULL,'18446744073709551615',NULL,'0',NULL,600,NULL,3,NULL,'Com_delete_multi',NULL,148),(329,'',145,36,61,NULL,'18446744073709551615',NULL,'0',NULL,600,NULL,3,NULL,'Com_select',NULL,147),(328,'',37,35,34,NULL,'10000000',NULL,'0',NULL,600,NULL,1,NULL,'mem_free',NULL,0),(327,'',95,34,47,NULL,'10000000',NULL,'0',NULL,600,NULL,1,NULL,'mem_cache',NULL,0),(326,'',36,33,33,NULL,'10000000',NULL,'0',NULL,600,NULL,1,NULL,'mem_buffers',NULL,0),(325,'',34,32,31,NULL,'500',NULL,'0',NULL,600,NULL,1,NULL,'load_5min',NULL,0),(324,'',35,31,32,NULL,'500',NULL,'0',NULL,600,NULL,1,NULL,'load_15min',NULL,0),(323,'',33,30,30,NULL,'500',NULL,'0',NULL,600,NULL,1,NULL,'load_1min',NULL,0),(322,'',6,29,5,NULL,'100',NULL,'0',NULL,600,NULL,2,NULL,'cpu_user',NULL,0),(321,'',5,28,4,NULL,'100',NULL,'0',NULL,600,NULL,2,NULL,'cpu_system',NULL,0),(320,'',7,27,6,NULL,'100',NULL,'0',NULL,600,NULL,2,NULL,'cpu_nice',NULL,0),(351,'',20,47,17,NULL,'500',NULL,'0',NULL,600,NULL,1,NULL,'users',NULL,21),(352,'',54,48,41,NULL,'1000000000',NULL,'0',NULL,600,NULL,2,NULL,'traffic_in',NULL,0),(353,'',55,48,41,NULL,'1000000000',NULL,'0',NULL,600,NULL,2,NULL,'traffic_out',NULL,0),(354,'',7,49,6,NULL,'100',NULL,'0',NULL,600,NULL,2,NULL,'cpu_nice',NULL,0),(355,'',5,50,4,NULL,'100',NULL,'0',NULL,600,NULL,2,NULL,'cpu_system',NULL,0),(356,'',6,51,5,NULL,'100',NULL,'0',NULL,600,NULL,2,NULL,'cpu_user',NULL,0),(357,'',33,52,30,NULL,'500',NULL,'0',NULL,600,NULL,1,NULL,'load_1min',NULL,0),(358,'',35,53,32,NULL,'500',NULL,'0',NULL,600,NULL,1,NULL,'load_15min',NULL,0),(359,'',34,54,31,NULL,'500',NULL,'0',NULL,600,NULL,1,NULL,'load_5min',NULL,0),(360,'',36,55,33,NULL,'10000000',NULL,'0',NULL,600,NULL,1,NULL,'mem_buffers',NULL,0),(361,'',95,56,47,NULL,'10000000',NULL,'0',NULL,600,NULL,1,NULL,'mem_cache',NULL,0),(362,'',37,57,34,NULL,'10000000',NULL,'0',NULL,600,NULL,1,NULL,'mem_free',NULL,0),(363,'',54,58,41,NULL,'100000000',NULL,'0',NULL,600,NULL,2,NULL,'traffic_in',NULL,0),(364,'',55,58,41,NULL,'100000000',NULL,'0',NULL,600,NULL,2,NULL,'traffic_out',NULL,0),(365,'',19,59,16,NULL,'1000',NULL,'0',NULL,600,NULL,1,NULL,'proc',NULL,24),(390,'',34,79,31,NULL,'500',NULL,'0',NULL,600,NULL,1,NULL,'load_5min',NULL,0),(389,'',35,78,32,NULL,'500',NULL,'0',NULL,600,NULL,1,NULL,'load_15min',NULL,0),(368,'',54,61,41,NULL,'100000000',NULL,'0',NULL,600,NULL,2,NULL,'traffic_in',NULL,0),(369,'',55,61,41,NULL,'100000000',NULL,'0',NULL,600,NULL,2,NULL,'traffic_out',NULL,0),(388,'',33,77,30,NULL,'500',NULL,'0',NULL,600,NULL,1,NULL,'load_1min',NULL,0),(387,'',6,76,5,NULL,'100',NULL,'0',NULL,600,NULL,2,NULL,'cpu_user',NULL,0),(386,'',5,75,4,NULL,'100',NULL,'0',NULL,600,NULL,2,NULL,'cpu_system',NULL,0),(385,'',7,74,6,NULL,'100',NULL,'0',NULL,600,NULL,2,NULL,'cpu_nice',NULL,0),(374,'',7,64,6,NULL,'100',NULL,'0',NULL,600,NULL,2,NULL,'cpu_nice',NULL,0),(375,'',5,65,4,NULL,'100',NULL,'0',NULL,600,NULL,2,NULL,'cpu_system',NULL,0),(376,'',6,66,5,NULL,'100',NULL,'0',NULL,600,NULL,2,NULL,'cpu_user',NULL,0),(377,'',33,67,30,NULL,'500',NULL,'0',NULL,600,NULL,1,NULL,'load_1min',NULL,0),(378,'',35,68,32,NULL,'500',NULL,'0',NULL,600,NULL,1,NULL,'load_15min',NULL,0),(379,'',34,69,31,NULL,'500',NULL,'0',NULL,600,NULL,1,NULL,'load_5min',NULL,0),(380,'',36,70,33,NULL,'10000000',NULL,'0',NULL,600,NULL,1,NULL,'mem_buffers',NULL,0),(381,'',95,71,47,NULL,'10000000',NULL,'0',NULL,600,NULL,1,NULL,'mem_cache',NULL,0),(382,'',37,72,34,NULL,'10000000',NULL,'0',NULL,600,NULL,1,NULL,'mem_free',NULL,0),(383,'',194,73,71,NULL,'18446744073709551615',NULL,'0',NULL,600,NULL,1,NULL,'locked_transactions',NULL,236),(384,'',195,73,71,NULL,'18446744073709551615',NULL,'0',NULL,600,NULL,1,NULL,'active_transactions',NULL,237),(391,'',36,80,33,NULL,'10000000',NULL,'0',NULL,600,NULL,1,NULL,'mem_buffers',NULL,0),(392,'',95,81,47,NULL,'10000000',NULL,'0',NULL,600,NULL,1,NULL,'mem_cache',NULL,0),(393,'',37,82,34,NULL,'10000000',NULL,'0',NULL,600,NULL,1,NULL,'mem_free',NULL,0),(394,'',19,83,16,NULL,'1000',NULL,'0',NULL,600,NULL,1,NULL,'proc',NULL,24),(402,'',33,89,30,NULL,'500',NULL,'0',NULL,600,NULL,1,NULL,'load_1min',NULL,0),(401,'',6,88,5,NULL,'100',NULL,'0',NULL,600,NULL,2,NULL,'cpu_user',NULL,0),(400,'',5,87,4,NULL,'100',NULL,'0',NULL,600,NULL,2,NULL,'cpu_system',NULL,0),(399,'',7,86,6,NULL,'100',NULL,'0',NULL,600,NULL,2,NULL,'cpu_nice',NULL,0),(403,'',35,90,32,NULL,'500',NULL,'0',NULL,600,NULL,1,NULL,'load_15min',NULL,0),(404,'',34,91,31,NULL,'500',NULL,'0',NULL,600,NULL,1,NULL,'load_5min',NULL,0),(405,'',36,92,33,NULL,'10000000',NULL,'0',NULL,600,NULL,1,NULL,'mem_buffers',NULL,0),(406,'',95,93,47,NULL,'10000000',NULL,'0',NULL,600,NULL,1,NULL,'mem_cache',NULL,0),(407,'',37,94,34,NULL,'10000000',NULL,'0',NULL,600,NULL,1,NULL,'mem_free',NULL,0),(408,'',19,95,16,NULL,'1000',NULL,'0',NULL,600,NULL,1,NULL,'proc',NULL,24);
/*!40000 ALTER TABLE `data_template_rrd` ENABLE KEYS */;
UNLOCK TABLES;

--
-- Table structure for table `graph_local`
--

DROP TABLE IF EXISTS `graph_local`;
SET @saved_cs_client     = @@character_set_client;
SET character_set_client = utf8;
CREATE TABLE `graph_local` (
  `id` mediumint(8) unsigned NOT NULL auto_increment,
  `graph_template_id` mediumint(8) unsigned NOT NULL default '0',
  `host_id` mediumint(8) unsigned NOT NULL default '0',
  `snmp_query_id` mediumint(8) NOT NULL default '0',
  `snmp_index` varchar(255) NOT NULL default '',
  PRIMARY KEY  (`id`),
  KEY `host_id` (`host_id`),
  KEY `graph_template_id` (`graph_template_id`),
  KEY `snmp_query_id` (`snmp_query_id`),
  KEY `snmp_index` (`snmp_index`)
) ENGINE=MyISAM AUTO_INCREMENT=56 DEFAULT CHARSET=latin1 COMMENT='Creates a relationship for each item in a custom graph.';
SET character_set_client = @saved_cs_client;

--
-- Dumping data for table `graph_local`
--

LOCK TABLES `graph_local` WRITE;
/*!40000 ALTER TABLE `graph_local` DISABLE KEYS */;
INSERT INTO `graph_local` VALUES (1,12,1,0,''),(2,9,1,0,''),(3,10,1,0,''),(4,8,1,0,''),(5,36,1,0,''),(6,47,1,0,''),(7,43,1,0,''),(8,58,1,0,''),(9,51,1,0,''),(10,45,1,0,''),(11,50,1,0,''),(12,42,1,0,''),(32,2,4,1,'3'),(31,10,4,0,''),(30,13,4,0,''),(29,11,4,0,''),(28,4,4,0,''),(27,2,3,1,'3'),(26,47,3,0,''),(25,13,3,0,''),(24,11,3,0,''),(23,4,3,0,''),(33,4,5,0,''),(34,11,5,0,''),(35,13,5,0,''),(36,2,5,1,'2'),(37,8,5,0,''),(48,13,7,0,''),(39,2,6,1,'2'),(47,11,7,0,''),(46,4,7,0,''),(42,4,6,0,''),(43,11,6,0,''),(44,13,6,0,''),(49,8,7,0,''),(53,11,8,0,''),(52,4,8,0,''),(54,13,8,0,''),(55,8,8,0,'');
/*!40000 ALTER TABLE `graph_local` ENABLE KEYS */;
UNLOCK TABLES;

--
-- Table structure for table `graph_template_input`
--

DROP TABLE IF EXISTS `graph_template_input`;
SET @saved_cs_client     = @@character_set_client;
SET character_set_client = utf8;
CREATE TABLE `graph_template_input` (
  `id` mediumint(8) unsigned NOT NULL auto_increment,
  `hash` varchar(32) NOT NULL default '',
  `graph_template_id` mediumint(8) unsigned NOT NULL default '0',
  `name` varchar(255) NOT NULL default '',
  `description` text,
  `column_name` varchar(50) NOT NULL default '',
  PRIMARY KEY  (`id`)
) ENGINE=MyISAM AUTO_INCREMENT=236 DEFAULT CHARSET=latin1 COMMENT='Stores the names for graph item input groups.';
SET character_set_client = @saved_cs_client;

--
-- Dumping data for table `graph_template_input`
--

LOCK TABLES `graph_template_input` WRITE;
/*!40000 ALTER TABLE `graph_template_input` DISABLE KEYS */;
INSERT INTO `graph_template_input` VALUES (3,'e9d4191277fdfd7d54171f153da57fb0',2,'Inbound Data Source','','task_item_id'),(4,'7b361722a11a03238ee8ab7ce44a1037',2,'Outbound Data Source','','task_item_id'),(5,'b33eb27833614056e06ee5952c3e0724',3,'Available Disk Space Data Source','','task_item_id'),(6,'ef8799e63ee00e8904bcc4228015784a',3,'Used Disk Space Data Source','','task_item_id'),(7,'2662ef4fbb0bf92317ffd42c7515af37',5,'Signal Level Data Source','','task_item_id'),(8,'a6edef6624c796d3a6055305e2e3d4bf',5,'Noise Level Data Source','','task_item_id'),(9,'b0e902db1875e392a9d7d69bfbb13515',5,'Signal Level Color','','color_id'),(10,'24632b1d4a561e937225d0a5fbe65e41',5,'Noise Level Color','','color_id'),(11,'6d078f1d58b70ad154a89eb80fe6ab75',6,'Transmissions Data Source','','task_item_id'),(12,'878241872dd81c68d78e6ff94871d97d',6,'Re-Transmissions Data Source','','task_item_id'),(13,'f8fcdc3a3f0e8ead33bd9751895a3462',6,'Transmissions Color','','color_id'),(14,'394ab4713a34198dddb5175aa40a2b4a',6,'Re-Transmissions Color','','color_id'),(15,'433f328369f9569446ddc59555a63eb8',7,'Ping Host Data Source','','task_item_id'),(16,'a1a91c1514c65152d8cb73522ea9d4e6',7,'Legend Color','','color_id'),(17,'2fb4deb1448379b27ddc64e30e70dc42',7,'Legend Text','','text_format'),(18,'592cedd465877bc61ab549df688b0b2a',8,'Processes Data Source','','task_item_id'),(19,'1d51dbabb200fcea5c4b157129a75410',8,'Legend Color','','color_id'),(20,'8cb8ed3378abec21a1819ea52dfee6a3',9,'1 Minute Data Source','','task_item_id'),(21,'5dfcaf9fd771deb8c5430bce1562e371',9,'5 Minute Data Source','','task_item_id'),(22,'6f3cc610315ee58bc8e0b1f272466324',9,'15 Minute Data Source','','task_item_id'),(23,'b457a982bf46c6760e6ef5f5d06d41fb',10,'Logged in Users Data Source','','task_item_id'),(24,'bd4a57adf93c884815b25a8036b67f98',10,'Legend Color','','color_id'),(25,'d7cdb63500c576e0f9f354de42c6cf3a',11,'1 Minute Data Source','','task_item_id'),(26,'a23152f5ec02e7762ca27608c0d89f6c',11,'5 Minute Data Source','','task_item_id'),(27,'2cc5d1818da577fba15115aa18f64d85',11,'15 Minute Data Source','','task_item_id'),(30,'6273c71cdb7ed4ac525cdbcf6180918c',12,'Free Data Source','','task_item_id'),(31,'5e62dbea1db699f1bda04c5863e7864d',12,'Swap Data Source','','task_item_id'),(32,'4d52e112a836d4c9d451f56602682606',4,'System CPU Data Source','','task_item_id'),(33,'f0310b066cc919d2f898b8d1ebf3b518',4,'User CPU Data Source','','task_item_id'),(34,'d9eb6b9eb3d7dd44fd14fdefb4096b54',4,'Nice CPU Data Source','','task_item_id'),(35,'f45def7cad112b450667aa67262258cb',13,'Memory Free Data Source','','task_item_id'),(36,'f8c361a8c8b7ad80e8be03ba7ea5d0d6',13,'Memory Buffers Data Source','','task_item_id'),(37,'03d11dce695963be30bd744bd6cbac69',14,'Cache Hits Data Source','','task_item_id'),(38,'9cbc515234779af4bf6cdf71a81c556a',14,'Cache Checks Data Source','','task_item_id'),(39,'2c4d561ee8132a8dda6de1104336a6ec',15,'CPU Utilization Data Source','','task_item_id'),(40,'6e1cf7addc0cc419aa903552e3eedbea',16,'File System Reads Data Source','','task_item_id'),(41,'7ea2aa0656f7064d25a36135dd0e9082',16,'File System Writes Data Source','','task_item_id'),(42,'63480bca78a38435f24a5b5d5ed050d7',17,'Current Logins Data Source','','task_item_id'),(44,'31fed1f9e139d4897d0460b10fb7be94',15,'Legend Color','','color_id'),(45,'bb9d83a02261583bc1f92d9e66ea705d',18,'CPU Usage Data Source','','task_item_id'),(46,'51196222ed37b44236d9958116028980',18,'Legend Color','','color_id'),(47,'fd26b0f437b75715d6dff983e7efa710',19,'Free Space Data Source','','task_item_id'),(48,'a463dd46862605c90ea60ccad74188db',19,'Total Space Data Source','','task_item_id'),(49,'9977dd7a41bcf0f0c02872b442c7492e',19,'Freeable Space Data Source','','task_item_id'),(51,'a7a69bbdf6890d6e6eaa7de16e815ec6',20,'Used Directory Entries Data Source','','task_item_id'),(52,'0072b613a33f1fae5ce3e5903dec8fdb',20,'Available Directory Entries Data Source','','task_item_id'),(53,'940beb0f0344e37f4c6cdfc17d2060bc',21,'Available Disk Space Data Source','','task_item_id'),(54,'7b0674dd447a9badf0d11bec688028a8',21,'Used Disk Space Data Source','','task_item_id'),(55,'fa83cd3a3b4271b644cb6459ea8c35dc',22,'Discards In Data Source','','task_item_id'),(56,'7946e8ee1e38a65462b85e31a15e35e5',22,'Errors In Data Source','','task_item_id'),(57,'00ae916640272f5aca54d73ae34c326b',23,'Unicast Packets Out Data Source','','task_item_id'),(58,'1bc1652f82488ebfb7242c65d2ffa9c7',23,'Unicast Packets In Data Source','','task_item_id'),(59,'e3177d0e56278de320db203f32fb803d',24,'Non-Unicast Packets In Data Source','','task_item_id'),(60,'4f20fba2839764707f1c3373648c5fef',24,'Non-Unicast Packets Out Data Source','','task_item_id'),(61,'e5acdd5368137c408d56ecf55b0e077c',22,'Discards Out Data Source','','task_item_id'),(62,'a028e586e5fae667127c655fe0ac67f0',22,'Errors Out Data Source','','task_item_id'),(63,'2764a4f142ba9fd95872106a1b43541e',25,'Inbound Data Source','','task_item_id'),(64,'f73f7ddc1f4349356908122093dbfca2',25,'Outbound Data Source','','task_item_id'),(65,'86bd8819d830a81d64267761e1fd8ec4',26,'Total Disk Space Data Source','','task_item_id'),(66,'6c8967850102202de166951e4411d426',26,'Used Disk Space Data Source','','task_item_id'),(67,'bdad718851a52b82eca0a310b0238450',27,'CPU Utilization Data Source','','task_item_id'),(68,'e7b578e12eb8a82627557b955fd6ebd4',27,'Legend Color','','color_id'),(69,'37d09fb7ce88ecec914728bdb20027f3',28,'Logged in Users Data Source','','task_item_id'),(70,'699bd7eff7ba0c3520db3692103a053d',28,'Legend Color','','color_id'),(71,'df905e159d13a5abed8a8a7710468831',29,'Processes Data Source','','task_item_id'),(72,'8ca9e3c65c080dbf74a59338d64b0c14',29,'Legend Color','','color_id'),(73,'69ad68fc53af03565aef501ed5f04744',30,'Open Files Data Source','','task_item_id'),(74,'562726cccdb67d5c6941e9e826ef4ef5',31,'Inbound Data Source','','task_item_id'),(75,'82426afec226f8189c8928e7f083f80f',31,'Outbound Data Source','','task_item_id'),(76,'69a23877302e7d142f254b208c58b596',32,'Inbound Data Source','','task_item_id'),(77,'f28013abf8e5813870df0f4111a5e695',32,'Outbound Data Source','','task_item_id'),(78,'8644b933b6a09dde6c32ff24655eeb9a',33,'Outbound Data Source','','task_item_id'),(79,'49c4b4800f3e638a6f6bb681919aea80',33,'Inbound Data Source','','task_item_id'),(80,'e0b395be8db4f7b938d16df7ae70065f',13,'Cache Memory Data Source','','task_item_id'),(81,'2dca37011521501b9c2b705d080db750',34,'Data Source [snmp_oid]',NULL,'task_item_id'),(82,'b8d8ade5f5f3dd7b12f8cc56bbb4083e',34,'Legend Color','','color_id'),(83,'ac2355b4895c37e14df827f969f31c12',34,'Legend Text','','text_format'),(84,'5f6452acaf1e44638836412e2a701af5',35,'Data Source [Key_read_requests]','','task_item_id'),(85,'cf20ffcf42c91bb6f8e6d4cadc6b74a5',35,'Data Source [Key_reads]','','task_item_id'),(86,'1d370e9a5914bc84d71e779814f357cb',35,'Data Source [Key_write_requests]','','task_item_id'),(87,'b06844c326fac7ec50d9819b47b3430a',35,'Data Source [Key_writes]','','task_item_id'),(88,'2cb12f1e0ce4b35cac3f026054f4bee4',36,'Data Source [pool_size]','','task_item_id'),(89,'d265fe62da24ab1ac26a4a15b3da438e',36,'Data Source [database_pages]','','task_item_id'),(90,'b7800e17a4e0a97464eda1b373839eb7',36,'Data Source [free_pages]','','task_item_id'),(91,'b79a39e463530e8ccb536ea79fa0be51',36,'Data Source [modified_pages]','','task_item_id'),(92,'a7dc405b5920611b788cadc936442a0a',37,'Data Source [file_reads]','','task_item_id'),(93,'0bc38dd83b51bc28d900301642f264b3',37,'Data Source [file_writes]','','task_item_id'),(94,'2e5e7792fce3374c07688a917ee3e1d2',37,'Data Source [log_writes]','','task_item_id'),(95,'cafa2432856a45bb04ffdb7b7e8a2e52',37,'Data Source [file_fsyncs]','','task_item_id'),(96,'e66d175343e13dcafdb0a86303a4b2b9',38,'Data Source [ibuf_inserts]','','task_item_id'),(97,'12fc42a6c166f3c9559ec7d499d2c5df',38,'Data Source [ibuf_merged]','','task_item_id'),(98,'23fda91e9c1d26a47bd5125469827e16',38,'Data Source [ibuf_merges]','','task_item_id'),(99,'3973f9adb262db70661b0e5c3ad1f9dc',39,'Data Source [ibuf_cell_count]','','task_item_id'),(100,'e98fab4899c6412b181d4ef87e8d4511',39,'Data Source [ibuf_used_cells]','','task_item_id'),(101,'1db934de6b22cf5ded1735173d764425',39,'Data Source [ibuf_free_cells]','','task_item_id'),(102,'761c1a5abd1ff12e51376809e0beb66c',40,'Data Source [spin_rounds]','','task_item_id'),(103,'6ab40fc1a3b483a09877ca15f6de8244',40,'Data Source [spin_waits]','','task_item_id'),(104,'68b0389a78299e5b6a8b61ff5bf6cb24',40,'Data Source [os_waits]','','task_item_id'),(105,'235ba142254df5662b822cbed8068429',41,'Data Source [rows_read]','','task_item_id'),(106,'49b839f1111ee393d239eec323ee0b18',41,'Data Source [rows_deleted]','','task_item_id'),(107,'eb20f60feac6a228d76cb7dfd64c4ff4',41,'Data Source [rows_updated]','','task_item_id'),(108,'9ec021b8fc01ba237c2531f1c5a68673',41,'Data Source [rows_inserted]','','task_item_id'),(109,'1f02f1af427e8fbab1bbc6f9f454a9de',42,'Data Source [Table_locks_immedit]','','task_item_id'),(110,'df0afbcc423f20acfaf53f4b4dbe3ebc',42,'Data Source [Table_locks_immedit]','','task_item_id'),(111,'8444ffb6060be25f757298ee24137589',42,'Data Source [Table_locks_waited]','','task_item_id'),(112,'e18fcc7dde1d7247dd8e450e38d93bbc',42,'Data Source [Slow_queries]','','task_item_id'),(113,'3bbf05e063a396e76eedff37d7358634',43,'Data Source [max_connections]','','task_item_id'),(114,'1052774481daf3ea84f80406fd86bceb',43,'Data Source [Max_used_connectins]','','task_item_id'),(115,'6551253b269d1becd08a82e95535d7c8',43,'Data Source [Aborted_clients]','','task_item_id'),(116,'e33396ba59228774dcedc9f1b857fe8c',43,'Data Source [Aborted_connects]','','task_item_id'),(117,'b7d58afdf5f705fe19733a816b3733c6',43,'Data Source [Threads_connected]','','task_item_id'),(118,'7a7d7b5119584a1efe0ff8c9a4e0e0dd',43,'Data Source [Connections]','','task_item_id'),(119,'91e496c6fbb49b545fc8f2c2fc810d55',44,'Data Source [slave_running]','','task_item_id'),(120,'408d1c93dd785e1c37853e715155357d',44,'Data Source [slave_stopped]','','task_item_id'),(121,'8929e6500dfc2213bf024c549c468ea9',44,'Data Source [slave_lag]','','task_item_id'),(122,'223448b07c87f678582c20b90b888d7b',44,'Data Source [Slave_open_tmp_tbls]','','task_item_id'),(123,'6d91d49c09ae744a110b7ade0c93e0af',44,'Data Source [Slave_rtrd_trnsctns]','','task_item_id'),(124,'8e9d3e5965f1de27395fce2bbc5f36d4',45,'Data Source [Qcache_queris_n_cch]','','task_item_id'),(125,'8fe099842b40da2abf4510817fdf2361',45,'Data Source [Qcache_hits]','','task_item_id'),(126,'0a5267e11f8ac4b97e61b740f3f563f5',45,'Data Source [Qcache_inserts]','','task_item_id'),(127,'facc8d5695b7faa786414820e5243120',45,'Data Source [Qcache_not_cached]','','task_item_id'),(128,'1084c6b5757103795d1fec2c17ac9da7',45,'Data Source [Qcache_lowmem_pruns]','','task_item_id'),(129,'56048c4af65e171ed16dbedcb8426f72',46,'Data Source [query_cache_size]','','task_item_id'),(130,'cc342c321bed367deaf48111f9aa608d',46,'Data Source [Qcache_free_memory]','','task_item_id'),(131,'6ede16e981e996a62ae2a831e26c4a65',46,'Data Source [Qcache_total_blocks]','','task_item_id'),(132,'347eeb0f45c30500cd94f413c2b5bdaf',46,'Data Source [Qcache_free_blocks]','','task_item_id'),(133,'e20eb6d4ffbc4c2c5cc785e5b6d03ba3',47,'Data Source [Questions]','','task_item_id'),(134,'222789ffa6865751d120906e2b7cf79e',47,'Data Source [Com_select]','','task_item_id'),(135,'3d13473ba25d88c0f2278affb6ab7abf',47,'Data Source [Com_delete]','','task_item_id'),(136,'d34468d7126bb1e14107062df8d5885f',47,'Data Source [Com_insert]','','task_item_id'),(137,'8318b20ed13f682a27d933cdff22c6cb',47,'Data Source [Com_update]','','task_item_id'),(138,'a85de14079ffe09e6c5699f6a96eecab',47,'Data Source [Com_replace]','','task_item_id'),(139,'fceb4d4326b284e543b1d9b689d2d8c9',47,'Data Source [Com_load]','','task_item_id'),(140,'a319edbd59b520e26897d2df34114a77',47,'Data Source [Com_delete_multi]','','task_item_id'),(141,'4096122a7e68ee8ce60690acd1c67fe4',47,'Data Source [Com_insert_select]','','task_item_id'),(142,'cbe8888cd86b44d178b09789a3b1cd82',47,'Data Source [Com_update_multi]','','task_item_id'),(143,'09481fc0b0ef3ca7fa008080dd66d3cd',47,'Data Source [Com_replace_select]','','task_item_id'),(144,'169dfcc76da4df50c022eb0ad6112def',48,'Data Source [Select_full_join]','','task_item_id'),(145,'a29699386c2b6da1f14155617f1ea669',48,'Data Source [Select_full_rnge_jn]','','task_item_id'),(146,'1a7978d046d330b372907602db5d2f81',48,'Data Source [Select_range]','','task_item_id'),(147,'51aa1a3638bff236cd4e0d679a18ade4',48,'Data Source [Select_range_check]','','task_item_id'),(148,'1e31b92fbf08a36b590adb68bfd78a07',48,'Data Source [Select_scan]','','task_item_id'),(149,'ff8994fc32c6bdf048593f7eac733b2a',49,'Data Source [Sort_rows]','','task_item_id'),(150,'13eb3665a4e49e0331d7c4156fc72ec1',49,'Data Source [Sort_range]','','task_item_id'),(151,'bddcf6936609d2bfab6259af78716ac8',49,'Data Source [Sort_merge_passes]','','task_item_id'),(152,'e9ec5c2d2318b0f46893467dc81806fd',49,'Data Source [Sort_scan]','','task_item_id'),(153,'36437272524ecb132ac818f6ab3c6276',50,'Data Source [Created_tmp_tables]','','task_item_id'),(154,'a7f11fafd09476b0be060eb957bd51bb',50,'Data Source [Created_tmp_tables]','','task_item_id'),(155,'5eb6098c631183c1179a906a06f9bcf2',50,'Data Source [Creatd_tmp_dsk_tbls]','','task_item_id'),(156,'7d5d928963ff6387badc0b6a253ffd12',50,'Data Source [Created_tmp_files]','','task_item_id'),(157,'d8d287ac8a465386f8697bec412a2916',51,'Data Source [Bytes_sent]','','task_item_id'),(158,'10e148a3f5d6bb38c7b10cacc68c5e15',51,'Data Source [Bytes_received]','','task_item_id'),(159,'3f68d0dacb01ae52ee57d32845184b97',52,'Data Source [pages_created]','','task_item_id'),(160,'a173cf9cad9ebd6394b220700c72887c',52,'Data Source [pages_read]','','task_item_id'),(161,'bbd21b7341904b7f4e162dcdf7fe4bb0',52,'Data Source [pages_written]','','task_item_id'),(162,'5aa2c17a7bb448e4180a1c28db51b591',53,'Data Source [pending_aio_log_ios]','','task_item_id'),(163,'65cc4c97240cf85f016eb669a1b4f354',53,'Data Source [pending_aio_sync_is]','','task_item_id'),(164,'101a3323f1645a6d7edb5a0c37198240',53,'Data Source [pending_bf_pl_flshs]','','task_item_id'),(165,'3d596ee5a228b20433cc863155d03956',53,'Data Source [pending_chkp_writes]','','task_item_id'),(166,'272b558c66014863c060908d89448961',53,'Data Source [pending_ibuf_ao_rds]','','task_item_id'),(167,'79fd321f9acb3991efc056fdeb3cedb1',53,'Data Source [pending_log_flushes]','','task_item_id'),(168,'2f205d604d825b8ba4894c6ccdb20ff4',53,'Data Source [pending_log_writes]','','task_item_id'),(169,'31023270b18d06a25de3b4e8d1f81988',53,'Data Source [pending_norml_o_rds]','','task_item_id'),(170,'c26c20a87d2cca682599b33fe3863c7e',53,'Data Source [pending_nrml_o_wrts]','','task_item_id'),(171,'11fb91244cce5df61a0da010fb524445',54,'Data Source [innodb_log_buffr_sz]','','task_item_id'),(172,'47fac87eaf3a0b2ddaac47352c0e3396',54,'Data Source [log_bytes_written]','','task_item_id'),(173,'ccd834528645793e0f8c001dd24ef966',54,'Data Source [log_bytes_flushed]','','task_item_id'),(174,'41a98dfb81d93aad098e007e696143cb',54,'Data Source [unflushed_log]','','task_item_id'),(175,'845a2453632d3adb9c9a17ef7a7b2551',55,'Data Source [Binlog_cache_use]','','task_item_id'),(176,'6269a13748fd88a1400b82d00a2c7f3c',55,'Data Source [Binlog_cache_disk_s]','','task_item_id'),(177,'cea2aa6e1e341f8087a216c23828fd83',55,'Data Source [binary_log_space]','','task_item_id'),(178,'a438532286deb84c433682de21d31cf4',55,'Data Source [relay_log_space]','','task_item_id'),(179,'ed94196aac019b05e7d6dea85d2426ed',56,'Data Source [innodb_transactions]','','task_item_id'),(180,'a34797ac2967209ac53511847683d493',56,'Data Source [current_transactins]','','task_item_id'),(181,'e3f9eafa729269f2f1f0be84469739c4',56,'Data Source [history_list]','','task_item_id'),(182,'2ec141f159d322bcc954561e4584ce44',56,'Data Source [read_views]','','task_item_id'),(183,'a34797ac2967209ac53511847683d49e',57,'Data Source [active_transactions]','','task_item_id'),(184,'a34797ac2967209ac53511847683d49d',57,'Data Source [locked_transactions]','','task_item_id'),(185,'98b2586579aa124db0a44157312cda88',58,'Data Source [table_cache]','','task_item_id'),(186,'4b9f13b60f1047b67f585952fcdd523c',58,'Data Source [Open_tables]','','task_item_id'),(187,'040612acab7300d2c6774e5f08b789e1',58,'Data Source [Open_files]','','task_item_id'),(188,'2e51ebb8bb7188432bcc3f789d3bc8b0',58,'Data Source [Opened_tables]','','task_item_id'),(189,'af84905979e09a5edb8aeb5548e1ef9f',59,'Data Source [thread_cache_size]','','task_item_id'),(190,'465942b335de9c95920252ccacf9e21f',59,'Data Source [Threads_created]','','task_item_id'),(191,'88ba0a959e4e29138e76d106450f80aa',60,'Data Source [total_mem_alloc]','','task_item_id'),(192,'c60c2094df2c48561d822c2aa304dce0',60,'Data Source [additional_pool_llc]','','task_item_id'),(193,'293c3733ed39f56d5f1c9121ae89f70e',61,'Data Source [hash_index_clls_ttl]','','task_item_id'),(194,'35adaeeff26fcf5aa635fb4dfc613ef3',61,'Data Source [hash_index_cells_sd]','','task_item_id'),(195,'72147268f5d6bf92bd60f9244143b495',62,'Data Source [adaptive_hash_memry]','','task_item_id'),(196,'c4f8c8cbcd731ea2eb2d459b1fc3bd68',62,'Data Source [page_hash_memory]','','task_item_id'),(197,'5c242f7dc54f4d1d539e2ac68c6743eb',62,'Data Source [dictionry_cche_mmry]','','task_item_id'),(198,'ee7352543a61f21af4ae9a4087cc15d6',62,'Data Source [file_system_memory]','','task_item_id'),(199,'945ed9d00d28ed4cf62f382524ca41e7',62,'Data Source [lock_system_memory]','','task_item_id'),(200,'54ef0a0d73f842c2bc4efb4c1b916762',62,'Data Source [recovery_systm_mmry]','','task_item_id'),(201,'88f80d0d1380d76596569811045ea280',62,'Data Source [thread_hash_memory]','','task_item_id'),(202,'b01ec97fcebbc840f377eb66f5d70fc7',63,'Data Source [innodb_tables_in_us]','','task_item_id'),(203,'8132680e48956618996863f2e1c33ea2',63,'Data Source [innodb_locked_tabls]','','task_item_id'),(204,'039d1432d7957fd7823d3f912875e946',64,'Data Source [innodb_lock_wat_scs]','','task_item_id'),(205,'09b406f04e832260b6a92b3c6bb51bb7',65,'Data Source [innodb_lock_structs]','','task_item_id'),(206,'f6eeb9a9b95296de55cdfada15791890',66,'Data Source [uncheckpointed_byts]','','task_item_id'),(207,'465942b335de1c95920252ccacf9e21f',67,'Data Source [State_closing_tabls]','','task_item_id'),(208,'6b50193bc288e737d2f750dcc7d6efbb',67,'Data Source [Ste_cpyng_to_tp_tbl]','','task_item_id'),(209,'f6f2d4f71a5d4bcd7de269b39c19341e',67,'Data Source [State_end]','','task_item_id'),(210,'96920071e28ee28afa3dbaa318ff93a1',67,'Data Source [State_freeing_items]','','task_item_id'),(211,'15ea28c4a4ac8d4664af10a3997c2acb',67,'Data Source [State_init]','','task_item_id'),(212,'a3e9905fce8f2314eafcf9e5a3145b94',67,'Data Source [State_locked]','','task_item_id'),(213,'5d3b8ed48971f2350fe76c6fa31e6a61',67,'Data Source [State_login]','','task_item_id'),(214,'18e48d0a2450dae25c44f46b526ddde9',67,'Data Source [State_preparing]','','task_item_id'),(215,'c0d6ba166a4c0c72fc8cf8df2310747f',67,'Data Source [State_readng_frm_nt]','','task_item_id'),(216,'7a4ad819c2ffdb406ee6c9a5ce8d25e8',67,'Data Source [State_sending_data]','','task_item_id'),(217,'d034fb3a0304bc06d48abd11d055bde4',67,'Data Source [State_sorting_reslt]','','task_item_id'),(218,'d46a82fd14f3bcbb1bc775fd87119399',67,'Data Source [State_statistics]','','task_item_id'),(219,'a04bcb8107eb0181a4ba3891ebc0082d',67,'Data Source [State_updating]','','task_item_id'),(220,'5fa295c26247465a5ba4eb4b8f5b8938',67,'Data Source [State_writing_to_nt]','','task_item_id'),(221,'732fd5c0bf964ffc5355aca638f4bd9b',67,'Data Source [State_none]','','task_item_id'),(222,'741c297f0581d15c205873dd1faa6740',67,'Data Source [State_other]','','task_item_id'),(223,'fa5343558f61fdb424f4a99df76eb995',68,'Data Source [Handler_commit]','','task_item_id'),(224,'9452710b16eed998ea80fb1b189202f3',68,'Data Source [Handler_rollback]','','task_item_id'),(225,'9e4dd1d0f5b9069a5b91f1dc04dbd5bc',68,'Data Source [Handler_savepoint]','','task_item_id'),(226,'0975e307cd53027ea0ce359925c531b5',68,'Data Source [Handlr_svpnt_rllbck]','','task_item_id'),(227,'045d98b495e18714da9eb946fc25ad53',69,'Data Source [Handler_write]','','task_item_id'),(228,'dc7e2eaa7625733836310b83e786404b',69,'Data Source [Handler_update]','','task_item_id'),(229,'96efc35808f24b528708c355ed71df1f',69,'Data Source [Handler_delete]','','task_item_id'),(230,'730eb3a30643b486cd129b0b7c00143f',69,'Data Source [Handler_read_first]','','task_item_id'),(231,'bece028a0aa99c2678a75aba5baaf5b4',69,'Data Source [Handler_read_key]','','task_item_id'),(232,'64e86b60a3fbdd6446784715c9eef548',69,'Data Source [Handler_read_next]','','task_item_id'),(233,'5beed8b8d4b398d23974fb7eb3f5e1d1',69,'Data Source [Handler_read_prev]','','task_item_id'),(234,'e0baafd2173807bf5436e599067d6189',69,'Data Source [Handler_read_rnd]','','task_item_id'),(235,'0bf0fe14c6917b966aba10b03b08e0aa',69,'Data Source [Handler_red_rnd_nxt]','','task_item_id');
/*!40000 ALTER TABLE `graph_template_input` ENABLE KEYS */;
UNLOCK TABLES;

--
-- Table structure for table `graph_template_input_defs`
--

DROP TABLE IF EXISTS `graph_template_input_defs`;
SET @saved_cs_client     = @@character_set_client;
SET character_set_client = utf8;
CREATE TABLE `graph_template_input_defs` (
  `graph_template_input_id` mediumint(8) unsigned NOT NULL default '0',
  `graph_template_item_id` int(12) unsigned NOT NULL default '0',
  PRIMARY KEY  (`graph_template_input_id`,`graph_template_item_id`),
  KEY `graph_template_input_id` (`graph_template_input_id`)
) ENGINE=MyISAM DEFAULT CHARSET=latin1 COMMENT='Stores the relationship for what graph iitems are associated';
SET character_set_client = @saved_cs_client;

--
-- Dumping data for table `graph_template_input_defs`
--

LOCK TABLES `graph_template_input_defs` WRITE;
/*!40000 ALTER TABLE `graph_template_input_defs` DISABLE KEYS */;
INSERT INTO `graph_template_input_defs` VALUES (3,9),(3,10),(3,11),(3,12),(4,13),(4,14),(4,15),(4,16),(5,21),(5,22),(5,23),(5,24),(6,17),(6,18),(6,19),(6,20),(7,45),(7,46),(7,47),(7,48),(8,49),(8,50),(8,51),(8,52),(9,45),(10,49),(11,53),(11,54),(11,55),(11,56),(12,57),(12,58),(12,59),(12,60),(13,53),(14,57),(15,61),(15,62),(15,63),(15,64),(16,61),(17,61),(18,65),(18,66),(18,67),(18,68),(19,65),(20,69),(20,70),(21,71),(21,72),(22,73),(22,74),(23,76),(23,77),(23,78),(23,79),(24,76),(25,80),(25,81),(26,82),(26,83),(27,84),(27,85),(30,95),(30,96),(30,97),(30,98),(31,99),(31,100),(31,101),(31,102),(32,29),(32,30),(32,31),(32,32),(33,33),(33,34),(33,35),(33,36),(34,37),(34,38),(34,39),(34,40),(35,103),(35,104),(35,105),(35,106),(36,107),(36,108),(36,109),(36,110),(37,111),(37,112),(37,113),(37,114),(38,115),(38,116),(38,117),(38,118),(39,119),(39,120),(39,121),(39,122),(40,123),(40,124),(40,125),(40,126),(41,127),(41,128),(41,129),(41,130),(42,131),(42,132),(42,133),(42,134),(44,119),(45,139),(45,140),(45,141),(45,142),(46,139),(47,143),(47,144),(47,145),(47,146),(48,147),(48,148),(48,149),(48,150),(49,151),(49,152),(49,153),(49,154),(51,159),(51,160),(51,161),(51,162),(52,163),(52,164),(52,165),(52,166),(53,172),(53,173),(53,174),(53,175),(54,167),(54,169),(54,170),(54,171),(55,180),(55,181),(55,182),(55,183),(56,184),(56,185),(56,186),(56,187),(57,188),(57,189),(57,190),(57,191),(58,192),(58,193),(58,194),(58,195),(59,196),(59,197),(59,198),(59,199),(60,200),(60,201),(60,202),(60,203),(61,204),(61,205),(61,206),(61,207),(62,208),(62,209),(62,210),(62,211),(63,212),(63,213),(63,214),(63,215),(64,216),(64,217),(64,218),(64,219),(65,307),(65,308),(65,309),(65,310),(66,303),(66,304),(66,305),(66,306),(67,315),(67,316),(67,317),(67,318),(68,315),(69,319),(69,320),(69,321),(69,322),(70,319),(71,323),(71,324),(71,325),(71,326),(72,323),(73,358),(73,359),(73,360),(73,361),(74,362),(74,363),(74,364),(74,365),(75,366),(75,367),(75,368),(75,369),(75,371),(75,372),(76,373),(76,374),(76,375),(76,376),(76,383),(77,377),(77,378),(77,379),(77,380),(77,384),(78,385),(78,386),(78,387),(78,388),(78,393),(79,389),(79,390),(79,391),(79,392),(79,394),(80,403),(80,404),(80,405),(80,406),(81,407),(81,408),(81,409),(81,410),(82,407),(83,407),(84,411),(84,412),(84,413),(84,414),(85,415),(85,416),(85,417),(85,418),(86,419),(86,420),(86,421),(86,422),(87,423),(87,424),(87,425),(87,426),(88,427),(88,428),(89,429),(89,430),(89,431),(89,432),(90,433),(90,434),(90,435),(90,436),(91,437),(91,438),(91,439),(91,440),(92,441),(92,442),(92,443),(92,444),(93,445),(93,446),(93,447),(93,448),(94,449),(94,450),(94,451),(94,452),(95,453),(95,454),(95,455),(95,456),(96,457),(96,458),(96,459),(96,460),(97,461),(97,462),(97,463),(97,464),(98,465),(98,466),(98,467),(98,468),(99,469),(99,470),(99,471),(99,472),(100,473),(100,474),(100,475),(100,476),(101,477),(101,478),(101,479),(101,480),(102,481),(102,482),(102,483),(102,484),(103,485),(103,486),(103,487),(103,488),(104,489),(104,490),(104,491),(104,492),(105,493),(105,494),(105,495),(105,496),(106,497),(106,498),(106,499),(106,500),(107,501),(107,502),(107,503),(107,504),(108,505),(108,506),(108,507),(108,508),(109,509),(110,510),(110,511),(110,512),(110,513),(111,514),(111,515),(111,516),(111,517),(112,518),(112,519),(112,520),(112,521),(113,522),(113,523),(114,524),(114,525),(115,526),(115,527),(115,528),(115,529),(116,530),(116,531),(116,532),(116,533),(117,534),(117,535),(117,536),(117,537),(118,538),(118,539),(118,540),(118,541),(119,542),(120,543),(121,544),(121,545),(121,546),(121,547),(122,548),(122,549),(122,550),(122,551),(123,552),(123,553),(123,554),(123,555),(124,556),(124,557),(124,558),(124,559),(125,560),(125,561),(125,562),(125,563),(126,564),(126,565),(126,566),(126,567),(127,568),(127,569),(127,570),(127,571),(128,572),(128,573),(128,574),(128,575),(129,576),(129,577),(129,578),(129,579),(130,580),(130,581),(130,582),(130,583),(131,584),(131,585),(131,586),(131,587),(132,588),(132,589),(132,590),(132,591),(133,592),(133,593),(133,594),(133,595),(134,596),(134,597),(134,598),(134,599),(135,600),(135,601),(135,602),(135,603),(136,604),(136,605),(136,606),(136,607),(137,608),(137,609),(137,610),(137,611),(138,612),(138,613),(138,614),(138,615),(139,616),(139,617),(139,618),(139,619),(140,620),(140,621),(140,622),(140,623),(141,624),(141,625),(141,626),(141,627),(142,628),(142,629),(142,630),(142,631),(143,632),(143,633),(143,634),(143,635),(144,636),(144,637),(144,638),(144,639),(145,640),(145,641),(145,642),(145,643),(146,644),(146,645),(146,646),(146,647),(147,648),(147,649),(147,650),(147,651),(148,652),(148,653),(148,654),(148,655),(149,656),(149,657),(149,658),(149,659),(150,660),(150,661),(150,662),(150,663),(151,664),(151,665),(151,666),(151,667),(152,668),(152,669),(152,670),(152,671),(153,672),(154,673),(154,674),(154,675),(154,676),(155,677),(155,678),(155,679),(155,680),(156,681),(156,682),(156,683),(156,684),(157,685),(157,686),(157,687),(157,688),(158,689),(158,690),(158,691),(158,692),(159,693),(159,694),(159,695),(159,696),(160,697),(160,698),(160,699),(160,700),(161,701),(161,702),(161,703),(161,704),(162,705),(162,706),(162,707),(162,708),(163,709),(163,710),(163,711),(163,712),(164,713),(164,714),(164,715),(164,716),(165,717),(165,718),(165,719),(165,720),(166,721),(166,722),(166,723),(166,724),(167,725),(167,726),(167,727),(167,728),(168,729),(168,730),(168,731),(168,732),(169,733),(169,734),(169,735),(169,736),(170,737),(170,738),(170,739),(170,740),(171,741),(171,742),(172,743),(172,744),(172,745),(172,746),(173,747),(173,748),(173,749),(173,750),(174,751),(174,752),(174,753),(174,754),(175,755),(175,756),(175,757),(175,758),(176,759),(176,760),(176,761),(176,762),(177,763),(177,764),(177,765),(177,766),(178,767),(178,768),(178,769),(178,770),(179,771),(179,772),(179,773),(179,774),(180,775),(180,776),(180,777),(180,778),(181,779),(181,780),(181,781),(181,782),(182,783),(182,784),(182,785),(182,786),(183,787),(183,788),(183,789),(183,790),(184,791),(184,792),(184,793),(184,794),(185,795),(185,796),(186,797),(186,798),(186,799),(186,800),(187,801),(187,802),(187,803),(187,804),(188,805),(188,806),(188,807),(188,808),(189,809),(189,810),(190,811),(190,812),(190,813),(190,814),(191,815),(191,816),(191,817),(191,818),(192,819),(192,820),(192,821),(192,822),(193,823),(193,824),(193,825),(193,826),(194,827),(194,828),(194,829),(194,830),(195,831),(195,832),(195,833),(195,834),(196,835),(196,836),(196,837),(196,838),(197,839),(197,840),(197,841),(197,842),(198,843),(198,844),(198,845),(198,846),(199,847),(199,848),(199,849),(199,850),(200,851),(200,852),(200,853),(200,854),(201,855),(201,856),(201,857),(201,858),(202,859),(202,860),(202,861),(202,862),(203,863),(203,864),(203,865),(203,866),(204,867),(204,868),(204,869),(204,870),(205,871),(205,872),(205,873),(205,874),(206,875),(206,876),(206,877),(206,878),(207,879),(207,880),(207,881),(207,882),(208,883),(208,884),(208,885),(208,886),(209,887),(209,888),(209,889),(209,890),(210,891),(210,892),(210,893),(210,894),(211,895),(211,896),(211,897),(211,898),(212,899),(212,900),(212,901),(212,902),(213,903),(213,904),(213,905),(213,906),(214,907),(214,908),(214,909),(214,910),(215,911),(215,912),(215,913),(215,914),(216,915),(216,916),(216,917),(216,918),(217,919),(217,920),(217,921),(217,922),(218,923),(218,924),(218,925),(218,926),(219,927),(219,928),(219,929),(219,930),(220,931),(220,932),(220,933),(220,934),(221,935),(221,936),(221,937),(221,938),(222,939),(222,940),(222,941),(222,942),(223,943),(223,944),(223,945),(223,946),(224,947),(224,948),(224,949),(224,950),(225,951),(225,952),(225,953),(225,954),(226,955),(226,956),(226,957),(226,958),(227,959),(227,960),(227,961),(227,962),(228,963),(228,964),(228,965),(228,966),(229,967),(229,968),(229,969),(229,970),(230,971),(230,972),(230,973),(230,974),(231,975),(231,976),(231,977),(231,978),(232,979),(232,980),(232,981),(232,982),(233,983),(233,984),(233,985),(233,986),(234,987),(234,988),(234,989),(234,990),(235,991),(235,992),(235,993),(235,994);
/*!40000 ALTER TABLE `graph_template_input_defs` ENABLE KEYS */;
UNLOCK TABLES;

--
-- Table structure for table `graph_templates`
--

DROP TABLE IF EXISTS `graph_templates`;
SET @saved_cs_client     = @@character_set_client;
SET character_set_client = utf8;
CREATE TABLE `graph_templates` (
  `id` mediumint(8) unsigned NOT NULL auto_increment,
  `hash` char(32) NOT NULL default '',
  `name` char(255) NOT NULL default '',
  PRIMARY KEY  (`id`),
  KEY `name` (`name`)
) ENGINE=MyISAM AUTO_INCREMENT=70 DEFAULT CHARSET=latin1 COMMENT='Contains each graph template name.';
SET character_set_client = @saved_cs_client;

--
-- Dumping data for table `graph_templates`
--

LOCK TABLES `graph_templates` WRITE;
/*!40000 ALTER TABLE `graph_templates` DISABLE KEYS */;
INSERT INTO `graph_templates` VALUES (34,'010b90500e1fc6a05abfd542940584d0','SNMP - Generic OID Template'),(2,'5deb0d66c81262843dce5f3861be9966','Interface - Traffic (bits/sec)'),(3,'abb5e813c9f1e8cd6fc1e393092ef8cb','ucd/net - Available Disk Space'),(4,'e334bdcf821cd27270a4cc945e80915e','ucd/net - CPU Usage'),(5,'280e38336d77acde4672879a7db823f3','Karlnet - Wireless Levels'),(6,'3109d88e6806d2ce50c025541b542499','Karlnet - Wireless Transmissions'),(7,'cf96dfb22b58e08bf101ca825377fa4b','Unix - Ping Latency'),(8,'9fe8b4da353689d376b99b2ea526cc6b','Unix - Processes'),(9,'fe5edd777a76d48fc48c11aded5211ef','Unix - Load Average'),(10,'63610139d44d52b195cc375636653ebd','Unix - Logged in Users'),(11,'5107ec0206562e77d965ce6b852ef9d4','ucd/net - Load Average'),(12,'6992ed4df4b44f3d5595386b8298f0ec','Linux - Memory Usage'),(13,'be275639d5680e94c72c0ebb4e19056d','ucd/net - Memory Usage'),(14,'f17e4a77b8496725dc924b8c35b60036','Netware - File System Cache'),(15,'46bb77f4c0c69671980e3c60d3f22fa9','Netware - CPU Utilization'),(16,'8e77a3036312fd0fda32eaea2b5f141b','Netware - File System Activity'),(17,'5892c822b1bb2d38589b6c27934b9936','Netware - Logged In Users'),(18,'9a5e6d7781cc1bd6cf24f64dd6ffb423','Cisco - CPU Usage'),(19,'0dd0438d5e6cad6776f79ecaa96fb708','Netware - Volume Information'),(20,'b18a3742ebea48c6198412b392d757fc','Netware - Directory Information'),(21,'8e7c8a511652fe4a8e65c69f3d34779d','Unix - Available Disk Space'),(22,'06621cd4a9289417cadcb8f9b5cfba80','Interface - Errors/Discards'),(23,'e0d1625a1f4776a5294583659d5cee15','Interface - Unicast Packets'),(24,'10ca5530554da7b73dc69d291bf55d38','Interface - Non-Unicast Packets'),(25,'df244b337547b434b486662c3c5c7472','Interface - Traffic (bytes/sec)'),(26,'7489e44466abee8a7d8636cb2cb14a1a','Host MIB - Available Disk Space'),(27,'c6bb62bedec4ab97f9db9fd780bd85a6','Host MIB - CPU Utilization'),(28,'e8462bbe094e4e9e814d4e681671ea82','Host MIB - Logged in Users'),(29,'62205afbd4066e5c4700338841e3901e','Host MIB - Processes'),(30,'e3780a13b0f7a3f85a44b70cd4d2fd36','Netware - Open Files'),(31,'1742b2066384637022d178cc5072905a','Interface - Traffic (bits/sec, 95th Percentile)'),(32,'13b47e10b2d5db45707d61851f69c52b','Interface - Traffic (bits/sec, Total Bandwidth)'),(33,'8ad6790c22b693680e041f21d62537ac','Interface - Traffic (bytes/sec, Total Bandwidth)'),(35,'c870e809c16ac409190bcfbaf6c55624','X MyISAM Indexes GT'),(36,'000d2d952ec15762ba04f6384dba51d2','X InnoDB Buffer Pool GT'),(37,'da247361e59f209d69be79ada9b05665','X InnoDB I/O GT'),(38,'d9a54b856fe871e5724bc5bce7d02c62','X InnoDB Insert Buffer GT'),(39,'d94542ff35285d4680d9cf7f60d60521','X InnoDB Insert Buffer Usage GT'),(40,'9b3e0b4a8c49be86a7cb1486ba9ab88d','X InnoDB Semaphores GT'),(41,'5da7bba339cf1753b07e36c58185d7ee','X InnoDB Row Operations GT'),(42,'6248f4622f34282739d13a496a26a244','X MySQL Table Locks GT'),(43,'9c8df1d30e905156b0bf3767088ad583','X MySQL Connections GT'),(44,'b8ab36ff23571c4583154391183380c9','X MySQL Replication GT'),(45,'410ce15a29ceea4510e211a0abf3c65b','X MySQL Query Cache GT'),(46,'b81e0eeb0140438fe3752271c74fb32e','X MySQL Query Cache Memory GT'),(47,'d62fdf10872359e69b44bc7e2aaf3533','X MySQL Command Counters GT'),(48,'96dd6e8156d0a2e832427ee96623959e','X MySQL Select Types GT'),(49,'1364ec394731487e98e09deea6550d55','X MySQL Sorts GT'),(50,'9f74469a04ea366f93adb382bf9feb0d','X MySQL Temporary Objects GT'),(51,'0461c811ce958cecfb41bdbb16b2f72b','X MySQL Network Traffic GT'),(52,'0769eb5b1fead3b8981e29659105bd17','X InnoDB Buffer Pool Activity GT'),(53,'8d45ae00a3c6856c8cb4e27e0c10eae6','X InnoDB I/O Pending GT'),(54,'6932388e4d279763fbb5aa8de2ae234f','X InnoDB Log GT'),(55,'7625c8f2f05e861825644bc1832779a3','X MySQL Binary/Relay Logs GT'),(56,'51903a7fa74d34dbbb9ab47203b7362b','X InnoDB Transactions GT'),(57,'83cf2f5e78ba74636b9f120df2654063','X InnoDB Active/Locked Transactions GT'),(58,'4a866608a68455a7e007c6ed07b1389a','X MySQL Files and Tables GT'),(59,'f530abf34e8b5a64302b3bd0b5e910be','X MySQL Threads GT'),(60,'cc88382e17ca17789d5ef4328730b567','X InnoDB Memory Allocation GT'),(61,'054b0f3b9034a44bd5283ba7dd338cdb','X InnoDB Adaptive Hash Index GT'),(62,'bd6e10d20ca21ed1aff72bc9ad9ce429','X InnoDB Internal Hash Memory Usage GT'),(63,'72c1917ad86b8c705ce87ab54911afb9','X InnoDB Tables In Use GT'),(64,'55a70a6c768510511042fa419a4f5f39','X InnoDB Current Lock Waits GT'),(65,'c9c021f3f9c5e962c4e202737884775c','X InnoDB Lock Structures GT'),(66,'7de8bd6ee2d3239f5b2a1f4d5b5f21d0','X InnoDB Checkpoint Age GT'),(67,'f979e60cec40499495c8f9a0739db4dd','X MySQL Processlist GT'),(68,'fedb045b14bdf8272ac0655a1059cb82','X MySQL Transaction Handler GT'),(69,'d821b654d545b20e3c74bc1ac6c02398','X MySQL Handlers GT');
/*!40000 ALTER TABLE `graph_templates` ENABLE KEYS */;
UNLOCK TABLES;

--
-- Table structure for table `graph_templates_gprint`
--

DROP TABLE IF EXISTS `graph_templates_gprint`;
SET @saved_cs_client     = @@character_set_client;
SET character_set_client = utf8;
CREATE TABLE `graph_templates_gprint` (
  `id` mediumint(8) unsigned NOT NULL auto_increment,
  `hash` varchar(32) NOT NULL default '',
  `name` varchar(100) NOT NULL default '',
  `gprint_text` varchar(255) default NULL,
  PRIMARY KEY  (`id`)
) ENGINE=MyISAM AUTO_INCREMENT=7 DEFAULT CHARSET=latin1;
SET character_set_client = @saved_cs_client;

--
-- Dumping data for table `graph_templates_gprint`
--

LOCK TABLES `graph_templates_gprint` WRITE;
/*!40000 ALTER TABLE `graph_templates_gprint` DISABLE KEYS */;
INSERT INTO `graph_templates_gprint` VALUES (2,'e9c43831e54eca8069317a2ce8c6f751','Normal','%8.2lf %s'),(3,'19414480d6897c8731c7dc6c5310653e','Exact Numbers','%8.0lf'),(4,'304a778405392f878a6db435afffc1e9','Load Average','%8.2lf'),(5,'ac10705723a27cae224aa85dc7e38cde','X MySQL Server Version t1.1.6:s1.1.6','t1.1.6:s1.1.6'),(6,'e9c43831e54eca8069317a2ce8c6f752','X Normal','%6.1lf%s');
/*!40000 ALTER TABLE `graph_templates_gprint` ENABLE KEYS */;
UNLOCK TABLES;

--
-- Table structure for table `graph_templates_graph`
--

DROP TABLE IF EXISTS `graph_templates_graph`;
SET @saved_cs_client     = @@character_set_client;
SET character_set_client = utf8;
CREATE TABLE `graph_templates_graph` (
  `id` mediumint(8) unsigned NOT NULL auto_increment,
  `local_graph_template_graph_id` mediumint(8) unsigned NOT NULL default '0',
  `local_graph_id` mediumint(8) unsigned NOT NULL default '0',
  `graph_template_id` mediumint(8) unsigned NOT NULL default '0',
  `t_image_format_id` char(2) default '0',
  `image_format_id` tinyint(1) NOT NULL default '0',
  `t_title` char(2) default '0',
  `title` varchar(255) NOT NULL default '',
  `title_cache` varchar(255) NOT NULL default '',
  `t_height` char(2) default '0',
  `height` mediumint(8) NOT NULL default '0',
  `t_width` char(2) default '0',
  `width` mediumint(8) NOT NULL default '0',
  `t_upper_limit` char(2) default '0',
  `upper_limit` varchar(20) NOT NULL default '0',
  `t_lower_limit` char(2) default '0',
  `lower_limit` varchar(20) NOT NULL default '0',
  `t_vertical_label` char(2) default '0',
  `vertical_label` varchar(200) default NULL,
  `t_slope_mode` char(2) default '0',
  `slope_mode` char(2) default 'on',
  `t_auto_scale` char(2) default '0',
  `auto_scale` char(2) default NULL,
  `t_auto_scale_opts` char(2) default '0',
  `auto_scale_opts` tinyint(1) NOT NULL default '0',
  `t_auto_scale_log` char(2) default '0',
  `auto_scale_log` char(2) default NULL,
  `t_scale_log_units` char(2) default '0',
  `scale_log_units` char(2) default NULL,
  `t_auto_scale_rigid` char(2) default '0',
  `auto_scale_rigid` char(2) default NULL,
  `t_auto_padding` char(2) default '0',
  `auto_padding` char(2) default NULL,
  `t_base_value` char(2) default '0',
  `base_value` mediumint(8) NOT NULL default '0',
  `t_grouping` char(2) default '0',
  `grouping` char(2) NOT NULL default '',
  `t_export` char(2) default '0',
  `export` char(2) default NULL,
  `t_unit_value` char(2) default '0',
  `unit_value` varchar(20) default NULL,
  `t_unit_exponent_value` char(2) default '0',
  `unit_exponent_value` varchar(5) NOT NULL default '',
  PRIMARY KEY  (`id`),
  KEY `local_graph_id` (`local_graph_id`),
  KEY `graph_template_id` (`graph_template_id`),
  KEY `title_cache` (`title_cache`)
) ENGINE=MyISAM AUTO_INCREMENT=134 DEFAULT CHARSET=latin1 COMMENT='Stores the actual graph data.';
SET character_set_client = @saved_cs_client;

--
-- Dumping data for table `graph_templates_graph`
--

LOCK TABLES `graph_templates_graph` WRITE;
/*!40000 ALTER TABLE `graph_templates_graph` DISABLE KEYS */;
INSERT INTO `graph_templates_graph` VALUES (2,0,0,2,'',1,'on','|host_description| - Traffic','','',120,'',500,'','100','','0','','bits per second','0','on','','on','',2,'','','0','','','on','','on','',1000,'0','','','on','','','',''),(3,0,0,3,'',1,'on','|host_description| - Hard Drive Space','','',120,'',500,'','100','','0','','bytes','0','on','','on','',2,'','','0','','','on','','on','',1024,'0','','','on','','','',''),(4,0,0,4,'',1,'','|host_description| - CPU Usage','','',120,'',500,'','100','','0','','percent','0','on','','on','',2,'','','0','','','on','','on','',1000,'0','','','on','','','',''),(5,0,0,5,'',1,'on','|host_description| - Wireless Levels','','',120,'',500,'','100','','0','','percent','0','on','','','',2,'','','0','','','on','','on','',1000,'0','','','on','','','',''),(6,0,0,6,'',1,'on','|host_description| - Wireless Transmissions','','',120,'',500,'','100','','0','','transmissions','0','on','','on','',2,'','','0','','','on','','on','',1000,'0','','','on','','','',''),(7,0,0,7,'',1,'','|host_description| - Ping Latency','','',120,'',500,'','100','','0','','milliseconds','0','on','','on','',2,'','','0','','','','','on','',1000,'0','','','on','','','',''),(8,0,0,8,'',1,'','|host_description| - Processes','','',120,'',500,'','100','','0','','processes','0','on','','on','',2,'','','0','','','','','on','',1000,'0','','','on','','','',''),(9,0,0,9,'',1,'','|host_description| - Load Average','','',120,'',500,'','100','','0','','processes in the run queue','0','on','','on','',2,'','','0','','','on','','on','',1000,'0','','','on','','','','0'),(10,0,0,10,'',1,'','|host_description| - Logged in Users','','',120,'',500,'','100','','0','','users','0','on','','on','',2,'','','0','','','on','','on','',1000,'0','','','on','','','',''),(11,0,0,11,'',1,'','|host_description| - Load Average','','',120,'',500,'','100','','0','','processes in the run queue','0','on','','on','',2,'','','0','','','on','','on','',1000,'0','','','on','','','','0'),(12,0,0,12,'',1,'','|host_description| - Memory Usage','','',120,'',500,'','100','','0','','kilobytes','0','on','','on','',2,'','','0','','','on','','on','',1000,'0','','','on','','','',''),(13,0,0,13,'',1,'','|host_description| - Memory Usage','','',120,'',500,'','100','','0','','bytes','0','on','','on','',2,'','','0','','','on','','on','',1000,'0','','','on','','','',''),(14,0,0,14,'',1,'','|host_description| - File System Cache','','',120,'',500,'','100','','0','','cache checks/hits','0','on','','on','',2,'','','0','','','on','','on','',1000,'0','','','on','','','',''),(15,0,0,15,'',1,'','|host_description| - CPU Utilization','','',120,'',500,'','100','','0','','percent','0','on','','on','',2,'','','0','','','on','','on','',1000,'0','','','on','','','',''),(16,0,0,16,'',1,'','|host_description| - File System Activity','','',120,'',500,'','100','','0','','reads/writes per sec','0','on','','on','',2,'','','0','','','on','','on','',1000,'0','','','on','','','',''),(17,0,0,17,'',1,'','|host_description| - Logged In Users','','',120,'',500,'','100','','0','','users','0','on','','on','',2,'','','0','','','on','','on','',1000,'0','','','on','','','',''),(18,0,0,18,'',1,'','|host_description| - CPU Usage','','',120,'',500,'','100','','0','','percent','0','on','','on','',2,'','','0','','','on','','on','',1000,'0','','','on','','','',''),(19,0,0,19,'',1,'on','|host_description| - Volume Information','','',120,'',500,'','100','','0','','bytes','0','on','','on','',2,'','','0','','','on','','on','',1000,'0','','','on','','','',''),(20,0,0,20,'',1,'','|host_description| - Directory Information','','',120,'',500,'','100','','0','','directory entries','0','on','','on','',2,'','','0','','','on','','on','',1000,'0','','','on','','','',''),(21,0,0,21,'',1,'on','|host_description| - Available Disk Space','','',120,'',500,'','100','','0','','bytes','0','on','','on','',2,'','','0','','','on','','on','',1024,'0','','','on','','','',''),(22,0,0,22,'',1,'on','|host_description| - Errors/Discards','','',120,'',500,'','100','','0','','errors/sec','0','on','','on','',2,'','','0','','','on','','on','',1000,'0','','','on','','','',''),(23,0,0,23,'',1,'on','|host_description| - Unicast Packets','','',120,'',500,'','100','','0','','packets/sec','0','on','','on','',2,'','','0','','','on','','on','',1000,'0','','','on','','','',''),(24,0,0,24,'',1,'on','|host_description| - Non-Unicast Packets','','',120,'',500,'','100','','0','','packets/sec','0','on','','on','',2,'','','0','','','on','','on','',1000,'0','','','on','','','',''),(25,0,0,25,'',1,'on','|host_description| - Traffic','','',120,'',500,'','100','','0','','bytes per second','0','on','','on','',2,'','','0','','','on','','on','',1000,'0','','','on','','','',''),(34,0,0,26,'',1,'on','|host_description| - Available Disk Space','','',120,'',500,'','100','','0','','bytes','0','on','','on','',2,'','','0','','','on','','on','',1024,'0','','','on','','','',''),(35,0,0,27,'',1,'on','|host_description| - CPU Utilization','','',120,'',500,'','100','','0','','percent','0','on','','on','',2,'','','0','','','on','','on','',1000,'0','','','on','','','',''),(36,0,0,28,'',1,'','|host_description| - Logged in Users','','',120,'',500,'','100','','0','','users','0','on','','on','',2,'','','0','','','on','','on','',1000,'0','','','on','','','',''),(37,0,0,29,'',1,'','|host_description| - Processes','','',120,'',500,'','100','','0','','processes','0','on','','on','',2,'','','0','','','','','on','',1000,'0','','','on','','','',''),(38,12,1,12,'0',1,'0','|host_description| - Memory Usage','db1.addventures.com - Memory Usage','0',120,'0',500,'0','100','0','0','0','kilobytes','0','on','0','on','0',2,'0','','0','','0','on','0','on','0',1000,'0','','0','on','0','','0',''),(39,9,2,9,'0',1,'0','|host_description| - Load Average','db1.addventures.com - Load Average','0',120,'0',500,'0','100','0','0','0','processes in the run queue','0','on','0','on','0',2,'0','','0','','0','on','0','on','0',1000,'0','','0','on','0','','0','0'),(40,10,3,10,'0',1,'0','|host_description| - Logged in Users','db1.addventures.com - Logged in Users','0',120,'0',500,'0','100','0','0','0','users','0','on','0','on','0',2,'0','','0','','0','on','0','on','0',1000,'0','','0','on','0','','0',''),(41,8,4,8,'0',1,'0','|host_description| - Processes','db1.addventures.com - Processes','0',120,'0',500,'0','100','0','0','0','processes','0','on','0','on','0',2,'0','','0','','0','','0','on','0',1000,'0','','0','on','0','','0',''),(42,0,0,30,'',1,'','|host_description| - Open Files','','',120,'',500,'','100','','0','','files','0','on','','on','',2,'','','0','','','','','on','',1000,'0','','','on','','','',''),(43,0,0,31,'',1,'on','|host_description| - Traffic','','',120,'',500,'','100','','0','','bits per second','0','on','','on','',2,'','','0','','','on','','on','',1000,'0','','','on','','','',''),(44,0,0,32,'',1,'on','|host_description| - Traffic','','',120,'',500,'','100','','0','','bits per second','0','on','','on','',2,'','','0','','','on','','on','',1000,'0','','','on','','','',''),(45,0,0,33,'',1,'on','|host_description| - Traffic','','',120,'',500,'','100','','0','','bytes per second','0','on','','on','',2,'','','0','','','on','','on','',1000,'0','','','on','','','',''),(47,0,0,34,'',1,'on','|host_description| -','','',120,'',500,'','100','','0','on','','0','on','','on','',2,'','','0','','','','','on','',1000,'0','','','on','','','',''),(48,0,0,35,'',1,'','|host_description| - MyISAM Indexes','','',120,'',500,'','0','','0','','','0','on','','on','',2,'','','0',NULL,'','','','on','',1000,'0','','','on','','','',''),(49,0,0,36,'',1,'','|host_description| - InnoDB Buffer Pool','','',120,'',500,'','0','','0','','','0','on','','on','',2,'','','0',NULL,'','','','on','',1024,'0','','','on','','','',''),(50,0,0,37,'',1,'','|host_description| - InnoDB I/O','','',120,'',500,'','0','','0','','','0','on','','on','',2,'','','0',NULL,'','','','on','',1000,'0','','','on','','','',''),(51,0,0,38,'',1,'','|host_description| - InnoDB Insert Buffer','','',120,'',500,'','0','','0','','','0','on','','on','',2,'','','0',NULL,'','','','on','',1000,'0','','','on','','','',''),(52,0,0,39,'',1,'','|host_description| - InnoDB Insert Buffer Usage','','',120,'',500,'','0','','0','','','0','on','','on','',2,'','','0',NULL,'','','','on','',1000,'0','','','on','','','',''),(53,0,0,40,'',1,'','|host_description| - InnoDB Semaphores','','',120,'',500,'','0','','0','','','0','on','','on','',2,'','','0',NULL,'','','','on','',1000,'0','','','on','','','',''),(54,0,0,41,'',1,'','|host_description| - InnoDB Row Operations','','',120,'',500,'','0','','0','','','0','on','','on','',2,'','','0',NULL,'','','','on','',1000,'0','','','on','','','',''),(55,0,0,42,'',1,'','|host_description| - MySQL Table Locks','','',120,'',500,'','0','','0','','','0','on','','on','',2,'','','0',NULL,'','','','on','',1000,'0','','','on','','','',''),(56,0,0,43,'',1,'','|host_description| - MySQL Connections','','',120,'',500,'','0','','0','','','0','on','','on','',2,'','','0',NULL,'','','','on','',1000,'0','','','on','','','',''),(57,0,0,44,'',1,'','|host_description| - MySQL Replication','','',120,'',500,'','0','','0','','','0','on','','on','',2,'','','0',NULL,'','','','on','',1000,'0','','','on','','','',''),(58,0,0,45,'',1,'','|host_description| - MySQL Query Cache','','',120,'',500,'','0','','0','','','0','on','','on','',2,'','','0',NULL,'','','','on','',1024,'0','','','on','','','',''),(59,0,0,46,'',1,'','|host_description| - MySQL Query Cache Memory','','',120,'',500,'','0','','0','','','0','on','','on','',2,'','','0',NULL,'','','','on','',1024,'0','','','on','','','',''),(60,0,0,47,'',1,'','|host_description| - MySQL Command Counters','','',120,'',500,'','0','','0','','','0','on','','on','',2,'','','0',NULL,'','','','on','',1000,'0','','','on','','','',''),(61,0,0,48,'',1,'','|host_description| - MySQL Select Types','','',120,'',500,'','0','','0','','','0','on','','on','',2,'','','0',NULL,'','','','on','',1000,'0','','','on','','','',''),(62,0,0,49,'',1,'','|host_description| - MySQL Sorts','','',120,'',500,'','0','','0','','','0','on','','on','',2,'','','0',NULL,'','','','on','',1000,'0','','','on','','','',''),(63,0,0,50,'',1,'','|host_description| - MySQL Temporary Objects','','',120,'',500,'','0','','0','','','0','on','','on','',2,'','','0',NULL,'','','','on','',1000,'0','','','on','','','',''),(64,0,0,51,'',1,'','|host_description| - MySQL Network Traffic','','',120,'',500,'','0','','0','','','0','on','','on','',2,'','','0',NULL,'','','','on','',1024,'0','','','on','','','',''),(65,0,0,52,'',1,'','|host_description| - InnoDB Buffer Pool Activity','','',120,'',500,'','0','','0','','','0','on','','on','',2,'','','0',NULL,'','','','on','',1024,'0','','','on','','','',''),(66,0,0,53,'',1,'','|host_description| - InnoDB I/O Pending','','',120,'',500,'','0','','0','','','0','on','','on','',2,'','','0',NULL,'','','','on','',1000,'0','','','on','','','',''),(67,0,0,54,'',1,'','|host_description| - InnoDB Log','','',120,'',500,'','0','','0','','','0','on','','on','',2,'','','0',NULL,'','','','on','',1024,'0','','','on','','','',''),(68,0,0,55,'',1,'','|host_description| - MySQL Binary/Relay Logs','','',120,'',500,'','0','','0','','','0','on','','on','',2,'','','0',NULL,'','','','on','',1024,'0','','','on','','','',''),(69,0,0,56,'',1,'','|host_description| - InnoDB Transactions','','',120,'',500,'','0','','0','','','0','on','','on','',2,'','','0',NULL,'','','','on','',1000,'0','','','on','','','',''),(70,0,0,57,'',1,'','|host_description| - InnoDB Active/Locked Transactions','','',120,'',500,'','0','','0','','','0','on','','on','',2,'','','0',NULL,'','','','on','',1000,'0','','','on','','','',''),(71,0,0,58,'',1,'','|host_description| - MySQL Files and Tables','','',120,'',500,'','0','','0','','','0','on','','on','',2,'','','0',NULL,'','','','on','',1000,'0','','','on','','','',''),(72,0,0,59,'',1,'','|host_description| - MySQL Threads','','',120,'',500,'','0','','0','','','','on','','on','',2,'','','','','','','','on','',1000,'0','','','on','','','',''),(73,0,0,60,'',1,'','|host_description| - InnoDB Memory Allocation','','',120,'',500,'','0','','0','','','0','on','','on','',2,'','','0',NULL,'','','','on','',1024,'0','','','on','','','',''),(74,0,0,61,'',1,'','|host_description| - InnoDB Adaptive Hash Index','','',120,'',500,'','0','','0','','','0','on','','on','',2,'','','0',NULL,'','','','on','',1000,'0','','','on','','','',''),(75,0,0,62,'',1,'','|host_description| - InnoDB Internal Hash Memory Usage','','',120,'',500,'','0','','0','','','0','on','','on','',2,'','','0',NULL,'','','','on','',1024,'0','','','on','','','',''),(76,0,0,63,'',1,'','|host_description| - InnoDB Tables In Use','','',120,'',500,'','0','','0','','','0','on','','on','',2,'','','0',NULL,'','','','on','',1000,'0','','','on','','','',''),(77,0,0,64,'',1,'','|host_description| - InnoDB Current Lock Waits','','',120,'',500,'','0','','0','','','0','on','','on','',2,'','','0',NULL,'','','','on','',1000,'0','','','on','','','',''),(78,0,0,65,'',1,'','|host_description| - InnoDB Lock Structures','','',120,'',500,'','0','','0','','','0','on','','on','',2,'','','0',NULL,'','','','on','',1000,'0','','','on','','','',''),(79,0,0,66,'',1,'','|host_description| - InnoDB Checkpoint Age','','',120,'',500,'','0','','0','','','0','on','','on','',2,'','','0',NULL,'','','','on','',1024,'0','','','on','','','',''),(80,0,0,67,'',1,'','|host_description| - MySQL Processlist','','',120,'',500,'','0','','0','','','0','on','','on','',2,'','','0',NULL,'','','','on','',1000,'0','','','on','','','',''),(81,0,0,68,'',1,'','|host_description| - MySQL Transaction Handler','','',120,'',500,'','0','','0','','','0','on','','on','',2,'','','0',NULL,'','','','on','',1000,'0','','','on','','','',''),(82,0,0,69,'',1,'','|host_description| - MySQL Handlers','','',120,'',500,'','0','','0','','','0','on','','on','',2,'','','0',NULL,'','','','on','',1000,'0','','','on','','','',''),(83,49,5,36,'0',1,'0','|host_description| - InnoDB Buffer Pool','db1.addventures.com - InnoDB Buffer Pool','0',120,'0',500,'0','0','0','0','0','','0','on','0','on','0',2,'0','','0','','0','','0','on','0',1024,'0','','0','on','0','','0',''),(84,60,6,47,'0',1,'0','|host_description| - MySQL Command Counters','db1.addventures.com - MySQL Command Counters','0',120,'0',500,'0','0','0','0','0','','0','on','0','on','0',2,'0','','0','','0','','0','on','0',1000,'0','','0','on','0','','0',''),(85,56,7,43,'0',1,'0','|host_description| - MySQL Connections','db1.addventures.com - MySQL Connections','0',120,'0',500,'0','0','0','0','0','','0','on','0','on','0',2,'0','','0','','0','','0','on','0',1000,'0','','0','on','0','','0',''),(86,71,8,58,'0',1,'0','|host_description| - MySQL Files and Tables','db1.addventures.com - MySQL Files and Tables','0',120,'0',500,'0','0','0','0','0','','0','on','0','on','0',2,'0','','0','','0','','0','on','0',1000,'0','','0','on','0','','0',''),(87,64,9,51,'0',1,'0','|host_description| - MySQL Network Traffic','db1.addventures.com - MySQL Network Traffic','0',120,'0',500,'0','0','0','0','0','','0','on','0','on','0',2,'0','','0','','0','','0','on','0',1024,'0','','0','on','0','','0',''),(88,58,10,45,'0',1,'0','|host_description| - MySQL Query Cache','db1.addventures.com - MySQL Query Cache','0',120,'0',500,'0','0','0','0','0','','0','on','0','on','0',2,'0','','0','','0','','0','on','0',1024,'0','','0','on','0','','0',''),(89,63,11,50,'0',1,'0','|host_description| - MySQL Temporary Objects','db1.addventures.com - MySQL Temporary Objects','0',120,'0',500,'0','0','0','0','0','','0','on','0','on','0',2,'0','','0','','0','','0','on','0',1000,'0','','0','on','0','','0',''),(90,55,12,42,'0',1,'0','|host_description| - MySQL Table Locks','db1.addventures.com - MySQL Table Locks','0',120,'0',500,'0','0','0','0','0','','0','on','0','on','0',2,'0','','0','','0','','0','on','0',1000,'0','','0','on','0','','0',''),(109,10,31,10,'0',1,'0','|host_description| - Logged in Users','Web1-addventures - Logged in Users','0',120,'0',500,'0','100','0','0','0','users','0','on','0','on','0',2,'0','','0','','0','on','0','on','0',1000,'0','','0','on','0','','0',''),(108,13,30,13,'0',1,'0','|host_description| - Memory Usage','Web1-addventures - Memory Usage','0',120,'0',500,'0','100','0','0','0','bytes','0','on','0','on','0',2,'0','','0','','0','on','0','on','0',1000,'0','','0','on','0','','0',''),(107,11,29,11,'0',1,'0','|host_description| - Load Average','Web1-addventures - Load Average','0',120,'0',500,'0','100','0','0','0','processes in the run queue','0','on','0','on','0',2,'0','','0','','0','on','0','on','0',1000,'0','','0','on','0','','0','0'),(106,4,28,4,'0',1,'0','|host_description| - CPU Usage','Web1-addventures - CPU Usage','0',120,'0',500,'0','100','0','0','0','percent','0','on','0','on','0',2,'0','','0','','0','on','0','on','0',1000,'0','','0','on','0','','0',''),(105,2,27,2,'0',1,'0','|host_description| - Traffic - eth1','db2.Addventures.com - Traffic - eth1','0',120,'0',500,'0','100','0','0','0','bits per second','0','on','0','on','0',2,'0','','0','','0','on','0','on','0',1000,'0','','0','on','0','','0',''),(104,60,26,47,'0',1,'0','|host_description| - MySQL Command Counters','db2.Addventures.com - MySQL Command Counters','0',120,'0',500,'0','0','0','0','0','','0','on','0','on','0',2,'0','','0','','0','','0','on','0',1000,'0','','0','on','0','','0',''),(103,13,25,13,'0',1,'0','|host_description| - Memory Usage','db2.Addventures.com - Memory Usage','0',120,'0',500,'0','100','0','0','0','bytes','0','on','0','on','0',2,'0','','0','','0','on','0','on','0',1000,'0','','0','on','0','','0',''),(102,11,24,11,'0',1,'0','|host_description| - Load Average','db2.Addventures.com - Load Average','0',120,'0',500,'0','100','0','0','0','processes in the run queue','0','on','0','on','0',2,'0','','0','','0','on','0','on','0',1000,'0','','0','on','0','','0','0'),(101,4,23,4,'0',1,'0','|host_description| - CPU Usage','db2.Addventures.com - CPU Usage','0',120,'0',500,'0','100','0','0','0','percent','0','on','0','on','0',2,'0','','0','','0','on','0','on','0',1000,'0','','0','on','0','','0',''),(110,2,32,2,'0',1,'0','|host_description| - Traffic - eth1','Web1-addventures - Traffic - eth1','0',120,'0',500,'0','100','0','0','0','bits per second','0','on','0','on','0',2,'0','','0','','0','on','0','on','0',1000,'0','','0','on','0','','0',''),(111,4,33,4,'0',1,'0','|host_description| - CPU Usage','Web2-addventures - CPU Usage','0',120,'0',500,'0','100','0','0','0','percent','0','on','0','on','0',2,'0','','0','','0','on','0','on','0',1000,'0','','0','on','0','','0',''),(112,11,34,11,'0',1,'0','|host_description| - Load Average','Web2-addventures - Load Average','0',120,'0',500,'0','100','0','0','0','processes in the run queue','0','on','0','on','0',2,'0','','0','','0','on','0','on','0',1000,'0','','0','on','0','','0','0'),(113,13,35,13,'0',1,'0','|host_description| - Memory Usage','Web2-addventures - Memory Usage','0',120,'0',500,'0','100','0','0','0','bytes','0','on','0','on','0',2,'0','','0','','0','on','0','on','0',1000,'0','','0','on','0','','0',''),(114,2,36,2,'0',1,'0','|host_description| - Traffic - eth0','Web2-addventures - Traffic - eth0','0',120,'0',500,'0','100','0','0','0','bits per second','0','on','0','on','0',2,'0','','0','','0','on','0','on','0',1000,'0','','0','on','0','','0',''),(115,8,37,8,'0',1,'0','|host_description| - Processes','Web2-addventures - Processes','0',120,'0',500,'0','100','0','0','0','processes','0','on','0','on','0',2,'0','','0','','0','','0','on','0',1000,'0','','0','on','0','','0',''),(126,13,48,13,'0',1,'0','|host_description| - Memory Usage','dev.addventures - Memory Usage','0',120,'0',500,'0','100','0','0','0','bytes','0','on','0','on','0',2,'0','','0','','0','on','0','on','0',1000,'0','','0','on','0','','0',''),(117,2,39,2,'0',1,'0','|host_description| - Traffic - eth0','stage.addventures.com - Traffic - eth0','0',120,'0',500,'0','100','0','0','0','bits per second','0','on','0','on','0',2,'0','','0','','0','on','0','on','0',1000,'0','','0','on','0','','0',''),(125,11,47,11,'0',1,'0','|host_description| - Load Average','dev.addventures - Load Average','0',120,'0',500,'0','100','0','0','0','processes in the run queue','0','on','0','on','0',2,'0','','0','','0','on','0','on','0',1000,'0','','0','on','0','','0','0'),(124,4,46,4,'0',1,'0','|host_description| - CPU Usage','dev.addventures - CPU Usage','0',120,'0',500,'0','100','0','0','0','percent','0','on','0','on','0',2,'0','','0','','0','on','0','on','0',1000,'0','','0','on','0','','0',''),(120,4,42,4,'0',1,'0','|host_description| - CPU Usage','stage.addventures.com - CPU Usage','0',120,'0',500,'0','100','0','0','0','percent','0','on','0','on','0',2,'0','','0','','0','on','0','on','0',1000,'0','','0','on','0','','0',''),(121,11,43,11,'0',1,'0','|host_description| - Load Average','stage.addventures.com - Load Average','0',120,'0',500,'0','100','0','0','0','processes in the run queue','0','on','0','on','0',2,'0','','0','','0','on','0','on','0',1000,'0','','0','on','0','','0','0'),(122,13,44,13,'0',1,'0','|host_description| - Memory Usage','stage.addventures.com - Memory Usage','0',120,'0',500,'0','100','0','0','0','bytes','0','on','0','on','0',2,'0','','0','','0','on','0','on','0',1000,'0','','0','on','0','','0',''),(127,8,49,8,'0',1,'0','|host_description| - Processes','dev.addventures - Processes','0',120,'0',500,'0','100','0','0','0','processes','0','on','0','on','0',2,'0','','0','','0','','0','on','0',1000,'0','','0','on','0','','0',''),(131,11,53,11,'0',1,'0','|host_description| - Load Average','storage.addventures.com - Load Average','0',120,'0',500,'0','100','0','0','0','processes in the run queue','0','on','0','on','0',2,'0','','0','','0','on','0','on','0',1000,'0','','0','on','0','','0','0'),(130,4,52,4,'0',1,'0','|host_description| - CPU Usage','storage.addventures.com - CPU Usage','0',120,'0',500,'0','100','0','0','0','percent','0','on','0','on','0',2,'0','','0','','0','on','0','on','0',1000,'0','','0','on','0','','0',''),(132,13,54,13,'0',1,'0','|host_description| - Memory Usage','storage.addventures.com - Memory Usage','0',120,'0',500,'0','100','0','0','0','bytes','0','on','0','on','0',2,'0','','0','','0','on','0','on','0',1000,'0','','0','on','0','','0',''),(133,8,55,8,'0',1,'0','|host_description| - Processes','storage.addventures.com - Processes','0',120,'0',500,'0','100','0','0','0','processes','0','on','0','on','0',2,'0','','0','','0','','0','on','0',1000,'0','','0','on','0','','0','');
/*!40000 ALTER TABLE `graph_templates_graph` ENABLE KEYS */;
UNLOCK TABLES;

--
-- Table structure for table `graph_templates_item`
--

DROP TABLE IF EXISTS `graph_templates_item`;
SET @saved_cs_client     = @@character_set_client;
SET character_set_client = utf8;
CREATE TABLE `graph_templates_item` (
  `id` int(12) unsigned NOT NULL auto_increment,
  `hash` varchar(32) NOT NULL default '',
  `local_graph_template_item_id` int(12) unsigned NOT NULL default '0',
  `local_graph_id` mediumint(8) unsigned NOT NULL default '0',
  `graph_template_id` mediumint(8) unsigned NOT NULL default '0',
  `task_item_id` mediumint(8) unsigned NOT NULL default '0',
  `color_id` mediumint(8) unsigned NOT NULL default '0',
  `alpha` char(2) default 'FF',
  `graph_type_id` tinyint(3) NOT NULL default '0',
  `cdef_id` mediumint(8) unsigned NOT NULL default '0',
  `consolidation_function_id` tinyint(2) NOT NULL default '0',
  `text_format` varchar(255) default NULL,
  `value` varchar(255) default NULL,
  `hard_return` char(2) default NULL,
  `gprint_id` mediumint(8) unsigned NOT NULL default '0',
  `sequence` mediumint(8) unsigned NOT NULL default '0',
  PRIMARY KEY  (`id`),
  KEY `graph_template_id` (`graph_template_id`),
  KEY `local_graph_id` (`local_graph_id`),
  KEY `task_item_id` (`task_item_id`)
) ENGINE=MyISAM AUTO_INCREMENT=1626 DEFAULT CHARSET=latin1 COMMENT='Stores the actual graph item data.';
SET character_set_client = @saved_cs_client;

--
-- Dumping data for table `graph_templates_item`
--

LOCK TABLES `graph_templates_item` WRITE;
/*!40000 ALTER TABLE `graph_templates_item` DISABLE KEYS */;
INSERT INTO `graph_templates_item` VALUES (9,'0470b2427dbfadb6b8346e10a71268fa',0,0,2,54,22,'FF',7,2,1,'Inbound','','',2,1),(10,'84a5fe0db518550266309823f994ce9c',0,0,2,54,0,'FF',9,2,4,'Current:','','',2,2),(11,'2f222f28084085cd06a1f46e4449c793',0,0,2,54,0,'FF',9,2,1,'Average:','','',2,3),(12,'55acbcc33f46ee6d754e8e81d1b54808',0,0,2,54,0,'FF',9,2,3,'Maximum:','','on',2,4),(13,'fdaf2321fc890e355711c2bffc07d036',0,0,2,55,20,'FF',4,2,1,'Outbound','','',2,5),(14,'768318f42819217ed81196d2179d3e1b',0,0,2,55,0,'FF',9,2,4,'Current:','','',2,6),(15,'cb3aa6256dcb3acd50d4517b77a1a5c3',0,0,2,55,0,'FF',9,2,1,'Average:','','',2,7),(16,'671e989be7cbf12c623b4e79d91c7bed',0,0,2,55,0,'FF',9,2,3,'Maximum:','','on',2,8),(17,'b561ed15b3ba66d277e6d7c1640b86f7',0,0,3,4,48,'FF',7,14,1,'Used','','',2,1),(18,'99ef051057fa6adfa6834a7632e9d8a2',0,0,3,4,0,'FF',9,14,4,'Current:','','',2,2),(19,'3986695132d3f4716872df4c6fbccb65',0,0,3,4,0,'FF',9,14,1,'Average:','','',2,3),(20,'0444300017b368e6257f010dca8bbd0d',0,0,3,4,0,'FF',9,14,3,'Maximum:','','on',2,4),(21,'4d6a0b9063124ca60e2d1702b3e15e41',0,0,3,3,20,'FF',8,14,1,'Available','','',2,5),(22,'181b08325e4d00cd50b8cdc8f8ae8e77',0,0,3,3,0,'FF',9,14,4,'Current:','','',2,6),(23,'bba0a9ff1357c990df50429d64314340',0,0,3,3,0,'FF',9,14,1,'Average:','','',2,7),(24,'d4a67883d53bc1df8aead21c97c0bc52',0,0,3,3,0,'FF',9,14,3,'Maximum:','','on',2,8),(25,'253c9ec2d66905245149c1c2dc8e536e',0,0,3,0,1,'FF',5,15,1,'Total','','',2,9),(26,'ea9ea883383f4eb462fec6aa309ba7b5',0,0,3,0,0,'FF',9,15,4,'Current:','','',2,10),(27,'83b746bcaba029eeca170a9f77ec4864',0,0,3,0,0,'FF',9,15,1,'Average:','','',2,11),(28,'82e01dd92fd37887c0696192efe7af65',0,0,3,0,0,'FF',9,15,3,'Maximum:','','on',2,12),(29,'ff0a6125acbb029b814ed1f271ad2d38',0,0,4,5,9,'FF',7,0,1,'System','','',2,1),(30,'f0776f7d6638bba76c2c27f75a424f0f',0,0,4,5,0,'FF',9,0,4,'Current:','','',2,2),(31,'39f4e021aa3fed9207b5f45a82122b21',0,0,4,5,0,'FF',9,0,1,'Average:','','',2,3),(32,'800f0b067c06f4ec9c2316711ea83c1e',0,0,4,5,0,'FF',9,0,3,'Maximum:','','on',2,4),(33,'9419dd5dbf549ba4c5dc1462da6ee321',0,0,4,6,21,'FF',8,0,1,'User','','',2,5),(34,'e461dd263ae47657ea2bf3fd82bec096',0,0,4,6,0,'FF',9,0,4,'Current:','','',2,6),(35,'f2d1fbb8078a424ffc8a6c9d44d8caa0',0,0,4,6,0,'FF',9,0,1,'Average:','','',2,7),(36,'e70a5de639df5ba1705b5883da7fccfc',0,0,4,6,0,'FF',9,0,3,'Maximum:','','on',2,8),(37,'85fefb25ce9fd0317da2706a5463fc42',0,0,4,7,12,'FF',8,0,1,'Nice','','',2,9),(38,'a1cb26878776999db16f1de7577b3c2a',0,0,4,7,0,'FF',9,0,4,'Current:','','',2,10),(39,'7d0f9bf64a0898a0095f099674754273',0,0,4,7,0,'FF',9,0,1,'Average:','','',2,11),(40,'b2879248a522d9679333e1f29e9a87c3',0,0,4,7,0,'FF',9,0,3,'Maximum:','','on',2,12),(41,'d800aa59eee45383b3d6d35a11cdc864',0,0,4,0,1,'FF',4,12,1,'Total','','',2,13),(42,'cab4ae79a546826288e273ca1411c867',0,0,4,0,0,'FF',9,12,4,'Current:','','',2,14),(43,'d44306ae85622fec971507460be63f5c',0,0,4,0,0,'FF',9,12,1,'Average:','','',2,15),(44,'aa5c2118035bb83be497d4e099afcc0d',0,0,4,0,0,'FF',9,12,3,'Maximum:','','on',2,16),(45,'4aa34ea1b7542b770ace48e8bc395a22',0,0,5,9,48,'FF',7,0,1,'Signal Level','','',2,1),(46,'22f118a9d81d0a9c8d922efbbc8a9cc1',0,0,5,9,0,'FF',9,0,4,'Current:','','',2,2),(47,'229de0c4b490de9d20d8f8d41059f933',0,0,5,9,0,'FF',9,0,1,'Average:','','',2,3),(48,'cd17feb30c02fd8f21e4d4dcde04e024',0,0,5,9,0,'FF',9,0,3,'Maximum:','','on',2,4),(49,'8723600cfd0f8a7b3f7dc1361981aabd',0,0,5,8,25,'FF',5,0,1,'Noise Level','','',2,5),(50,'cb06be2601b5abfb7a42fc07586de1c2',0,0,5,8,0,'FF',9,0,4,'Current:','','',2,6),(51,'55a2ee0fd511e5210ed85759171de58f',0,0,5,8,0,'FF',9,0,1,'Average:','','',2,7),(52,'704459564c84e42462e106eef20db169',0,0,5,8,0,'FF',9,0,3,'Maximum:','','on',2,8),(53,'aaebb19ec522497eaaf8c87a631b7919',0,0,6,10,48,'FF',7,0,1,'Transmissions','','',2,1),(54,'8b54843ac9d41bce2fcedd023560ed64',0,0,6,10,0,'FF',9,0,4,'Current:','','',2,2),(55,'05927dc83e07c7d9cffef387d68f35c9',0,0,6,10,0,'FF',9,0,1,'Average:','','',2,3),(56,'d11e62225a7e7a0cdce89242002ca547',0,0,6,10,0,'FF',9,0,3,'Maximum:','','on',2,4),(57,'6397b92032486c476b0e13a35b727041',0,0,6,11,25,'FF',5,0,1,'Re-Transmissions','','',2,5),(58,'cdfa5f8f82f4c479ff7f6f54160703f6',0,0,6,11,0,'FF',9,0,4,'Current:','','',2,6),(59,'ce2a309fb9ef64f83f471895069a6f07',0,0,6,11,0,'FF',9,0,1,'Average:','','',2,7),(60,'9cbfbf57ebde435b27887f27c7d3caea',0,0,6,11,0,'FF',9,0,3,'Maximum:','','on',2,8),(61,'80e0aa956f50c261e5143273da58b8a3',0,0,7,21,25,'FF',7,0,1,'','','',2,1),(62,'48fdcae893a7b7496e1a61efc3453599',0,0,7,21,0,'FF',9,0,4,'Current:','','',2,2),(63,'22f43e5fa20f2716666ba9ed9a7d1727',0,0,7,21,0,'FF',9,0,1,'Average:','','',2,3),(64,'3e86d497bcded7af7ab8408e4908e0d8',0,0,7,21,0,'FF',9,0,3,'Maximum:','','on',2,4),(65,'ba00ecd28b9774348322ff70a96f2826',0,0,8,19,48,'FF',7,0,1,'Running Processes','','',2,1),(66,'8d76de808efd73c51e9a9cbd70579512',0,0,8,19,0,'FF',9,0,4,'Current:','','',3,2),(67,'304244ca63d5b09e62a94c8ec6fbda8d',0,0,8,19,0,'FF',9,0,1,'Average:','','',3,3),(68,'da1ba71a93d2ed4a2a00d54592b14157',0,0,8,19,0,'FF',9,0,3,'Maximum:','','on',3,4),(69,'93ad2f2803b5edace85d86896620b9da',0,0,9,12,15,'FF',7,0,1,'1 Minute Average','','',2,1),(70,'e28736bf63d3a3bda03ea9f1e6ecb0f1',0,0,9,12,0,'FF',9,0,4,'Current:','','on',4,2),(71,'bbdfa13adc00398eed132b1ccb4337d2',0,0,9,13,8,'FF',8,0,1,'5 Minute Average','','',2,3),(72,'2c14062c7d67712f16adde06132675d6',0,0,9,13,0,'FF',9,0,4,'Current:','','on',4,4),(73,'9cf6ed48a6a54b9644a1de8c9929bd4e',0,0,9,14,9,'FF',8,0,1,'15 Minute Average','','',2,5),(74,'c9824064305b797f38feaeed2352e0e5',0,0,9,14,0,'FF',9,0,4,'Current:','','on',4,6),(75,'fa1bc4eff128c4da70f5247d55b8a444',0,0,9,0,1,'FF',4,12,1,'','','on',2,7),(76,'5c94ac24bc0d6d2712cc028fa7d4c7d2',0,0,10,20,67,'FF',7,0,1,'Users','','',2,1),(77,'8bc7f905526f62df7d5c2d8c27c143c1',0,0,10,20,0,'FF',9,0,4,'Current:','','',3,2),(78,'cd074cd2b920aab70d480c020276d45b',0,0,10,20,0,'FF',9,0,1,'Average:','','',3,3),(79,'415630f25f5384ba0c82adbdb05fe98b',0,0,10,20,0,'FF',9,0,3,'Maximum:','','on',3,4),(80,'d77d2050be357ab067666a9485426e6b',0,0,11,33,15,'FF',7,0,1,'1 Minute Average','','',2,1),(81,'13d22f5a0eac6d97bf6c97d7966f0a00',0,0,11,33,0,'FF',9,0,4,'Current:','','on',4,2),(82,'8580230d31d2851ec667c296a665cbf9',0,0,11,34,8,'FF',8,0,1,'5 Minute Average','','',2,3),(83,'b5b7d9b64e7640aa51dbf58c69b86d15',0,0,11,34,0,'FF',9,0,4,'Current:','','on',4,4),(84,'2ec10edf4bfaa866b7efd544d4c3f446',0,0,11,35,9,'FF',8,0,1,'15 Minute Average','','',2,5),(85,'b65666f0506c0c70966f493c19607b93',0,0,11,35,0,'FF',9,0,4,'Current:','','on',4,6),(86,'6c73575c74506cfc75b89c4276ef3455',0,0,11,0,1,'FF',4,12,1,'Total','','on',2,7),(95,'5fa7c2317f19440b757ab2ea1cae6abc',0,0,12,16,41,'FF',7,14,1,'Free','','',2,9),(96,'b1d18060bfd3f68e812c508ff4ac94ed',0,0,12,16,0,'FF',9,14,4,'Current:','','',2,10),(97,'780b6f0850aaf9431d1c246c55143061',0,0,12,16,0,'FF',9,14,1,'Average:','','',2,11),(98,'2d54a7e7bb45e6c52d97a09e24b7fba7',0,0,12,16,0,'FF',9,14,3,'Maximum:','','on',2,12),(99,'40206367a3c192b836539f49801a0b15',0,0,12,18,30,'FF',8,14,1,'Swap','','',2,13),(100,'7ee72e2bb3722d4f8a7f9c564e0dd0d0',0,0,12,18,0,'FF',9,14,4,'Current:','','',2,14),(101,'c8af33b949e8f47133ee25e63c91d4d0',0,0,12,18,0,'FF',9,14,1,'Average:','','',2,15),(102,'568128a16723d1195ce6a234d353ce00',0,0,12,18,0,'FF',9,14,3,'Maximum:','','on',2,16),(103,'7517a40d478e28ed88ba2b2a65e16b57',0,0,13,37,52,'FF',7,14,1,'Memory Free','','',2,1),(104,'df0c8b353d26c334cb909dc6243957c5',0,0,13,37,0,'FF',9,14,4,'Current:','','',2,2),(105,'c41a4cf6fefaf756a24f0a9510580724',0,0,13,37,0,'FF',9,14,1,'Average:','','',2,3),(106,'9efa8f01c6ed11364a21710ff170f422',0,0,13,37,0,'FF',9,14,3,'Maximum:','','on',2,4),(107,'95d6e4e5110b456f34324f7941d08318',0,0,13,36,35,'FF',8,14,1,'Memory Buffers','','',2,5),(108,'0c631bfc0785a9cca68489ea87a6c3da',0,0,13,36,0,'FF',9,14,4,'Current:','','',2,6),(109,'3468579d3b671dfb788696df7dcc1ec9',0,0,13,36,0,'FF',9,14,1,'Average:','','',2,7),(110,'c3ddfdaa65449f99b7f1a735307f9abe',0,0,13,36,0,'FF',9,14,3,'Maximum:','','on',2,8),(111,'4c64d5c1ce8b5d8b94129c23b46a5fd6',0,0,14,28,41,'FF',7,0,1,'Cache Hits','','',2,1),(112,'5c1845c9bd1af684a3c0ad843df69e3e',0,0,14,28,0,'FF',9,0,4,'Current:','','',3,2),(113,'e5169563f3f361701902a8da3ac0c77f',0,0,14,28,0,'FF',9,0,1,'Average:','','',3,3),(114,'35e87262efa521edbb1fd27f09c036f5',0,0,14,28,0,'FF',9,0,3,'Maximum:','','on',3,4),(115,'53069d7dba4c31b338f609bea4cd16f3',0,0,14,27,66,'FF',8,0,1,'Cache Checks','','',2,5),(116,'d9c102579839c5575806334d342b50de',0,0,14,27,0,'FF',9,0,4,'Current:','','',3,6),(117,'dc1897c3249dbabe269af49cee92f8c0',0,0,14,27,0,'FF',9,0,1,'Average:','','',3,7),(118,'ccd21fe0b5a8c24057f1eff4a6b66391',0,0,14,27,0,'FF',9,0,3,'Maximum:','','on',3,8),(119,'ab09d41c358f6b8a9d0cad4eccc25529',0,0,15,76,9,'FF',7,0,1,'CPU Utilization','','',2,1),(120,'5d5b8d8fbe751dc9c86ee86f85d7433b',0,0,15,76,0,'FF',9,0,4,'Current:','','',3,2),(121,'4822a98464c6da2afff10c6d12df1831',0,0,15,76,0,'FF',9,0,1,'Average:','','',3,3),(122,'fc6fbf2a964bea0b3c88ed0f18616aa7',0,0,15,76,0,'FF',9,0,3,'Maximum:','','on',3,4),(123,'e4094625d5443b4c87f9a87ba616a469',0,0,16,25,67,'FF',7,0,1,'File System Reads','','',2,1),(124,'ae68425cd10e8a6623076b2e6859a6aa',0,0,16,25,0,'FF',9,0,4,'Current:','','',3,2),(125,'40b8e14c6568b3f6be6a5d89d6a9f061',0,0,16,25,0,'FF',9,0,1,'Average:','','',3,3),(126,'4afbdc3851c03e206672930746b1a5e2',0,0,16,25,0,'FF',9,0,3,'Maximum:','','on',3,4),(127,'ea47d2b5516e334bc5f6ce1698a3ae76',0,0,16,26,93,'FF',8,0,1,'File System Writes','','',2,5),(128,'899c48a2f79ea3ad4629aff130d0f371',0,0,16,26,0,'FF',9,0,4,'Current:','','',3,6),(129,'ab474d7da77e9ec1f6a1d45c602580cd',0,0,16,26,0,'FF',9,0,1,'Average:','','',3,7),(130,'e143f8b4c6d4eeb6a28b052e6b8ce5a9',0,0,16,26,0,'FF',9,0,3,'Maximum:','','on',3,8),(131,'facfeeb6fc2255ba2985b2d2f695d78a',0,0,17,23,30,'FF',7,0,1,'Current Logins','','',2,1),(132,'2470e43034a5560260d79084432ed14f',0,0,17,23,0,'FF',9,0,4,'Current:','','',3,2),(133,'e9e645f07bde92b52d93a7a1f65efb30',0,0,17,23,0,'FF',9,0,1,'Average:','','',3,3),(134,'bdfe0d66103211cfdaa267a44a98b092',0,0,17,23,0,'FF',9,0,3,'Maximum:','','on',3,4),(139,'098b10c13a5701ddb7d4d1d2e2b0fdb7',0,0,18,30,9,'FF',7,0,1,'CPU Usage','','',2,1),(140,'1dbda412a9926b0ee5c025aa08f3b230',0,0,18,30,0,'FF',9,0,4,'Current:','','',3,2),(141,'725c45917146807b6a4257fc351f2bae',0,0,18,30,0,'FF',9,0,1,'Average:','','',3,3),(142,'4e336fdfeb84ce65f81ded0e0159a5e0',0,0,18,30,0,'FF',9,0,3,'Maximum:','','on',3,4),(143,'7dab7a3ceae2addd1cebddee6c483e7c',0,0,19,39,25,'FF',7,14,1,'Free Space','','',2,5),(144,'aea239f3ceea8c63d02e453e536190b8',0,0,19,39,0,'FF',9,14,4,'Current:','','',2,6),(145,'a0efae92968a6d4ae099b676e0f1430e',0,0,19,39,0,'FF',9,14,1,'Average:','','',2,7),(146,'4fd5ba88be16e3d513c9231b78ccf0e1',0,0,19,39,0,'FF',9,14,3,'Maximum:','','on',2,8),(147,'d2e98e51189e1d9be8888c3d5c5a4029',0,0,19,38,69,'FF',7,14,1,'Total Space','','',2,1),(148,'12829294ee3958f4a31a58a61228e027',0,0,19,38,0,'FF',9,14,4,'Current:','','',2,2),(149,'4b7e8755b0f2253723c1e9fb21fd37b1',0,0,19,38,0,'FF',9,14,1,'Average:','','',2,3),(150,'cbb19ffd7a0ead2bf61512e86d51ee8e',0,0,19,38,0,'FF',9,14,3,'Maximum:','','on',2,4),(151,'37b4cbed68f9b77e49149343069843b4',0,0,19,40,95,'FF',5,14,1,'Freeable Space','','',2,9),(152,'5eb7532200f2b5cc93e13743a7db027c',0,0,19,40,0,'FF',9,14,4,'Current:','','',2,10),(153,'b0f9f602fbeaaff090ea3f930b46c1c7',0,0,19,40,0,'FF',9,14,1,'Average:','','',2,11),(154,'06477f7ea46c63272cee7253e7cd8760',0,0,19,40,0,'FF',9,14,3,'Maximum:','','on',2,12),(171,'a751838f87068e073b95be9555c57bde',0,0,21,56,0,'FF',9,14,3,'Maximum:','','on',2,4),(170,'3b13eb2e542fe006c9bf86947a6854fa',0,0,21,56,0,'FF',9,14,1,'Average:','','',2,3),(169,'8ef3e7fb7ce962183f489725939ea40f',0,0,21,56,0,'FF',9,14,4,'Current:','','',2,2),(167,'6ca2161c37b0118786dbdb46ad767e5d',0,0,21,56,48,'FF',7,14,1,'Used','','',2,1),(159,'6877a2a5362a9390565758b08b9b37f7',0,0,20,43,77,'FF',7,0,1,'Used Directory Entries','','',2,1),(160,'a978834f3d02d833d3d2def243503bf2',0,0,20,43,0,'FF',9,0,4,'Current:','','',3,2),(161,'7422d87bc82de20a4333bd2f6460b2d4',0,0,20,43,0,'FF',9,0,1,'Average:','','',3,3),(162,'4d52762859a3fec297ebda0e7fd760d9',0,0,20,43,0,'FF',9,0,3,'Maximum:','','on',3,4),(163,'999d4ed1128ff03edf8ea47e56d361dd',0,0,20,42,1,'FF',5,0,1,'Available Directory Entries','','',2,5),(164,'3dfcd7f8c7a760ac89d34398af79b979',0,0,20,42,0,'FF',9,0,4,'Current:','','',3,6),(165,'217be75e28505c8f8148dec6b71b9b63',0,0,20,42,0,'FF',9,0,1,'Average:','','',3,7),(166,'69b89e1c5d6fc6182c93285b967f970a',0,0,20,42,0,'FF',9,0,3,'Maximum:','','on',3,8),(172,'5d6dff9c14c71dc1ebf83e87f1c25695',0,0,21,44,20,'FF',8,14,1,'Available','','',2,5),(173,'b27cb9a158187d29d17abddc6fdf0f15',0,0,21,44,0,'FF',9,14,4,'Current:','','',2,6),(174,'6c0555013bb9b964e51d22f108dae9b0',0,0,21,44,0,'FF',9,14,1,'Average:','','',2,7),(175,'42ce58ec17ef5199145fbf9c6ee39869',0,0,21,44,0,'FF',9,14,3,'Maximum:','','on',2,8),(176,'9bdff98f2394f666deea028cbca685f3',0,0,21,0,1,'FF',5,15,1,'Total','','',2,9),(177,'fb831fefcf602bc31d9d24e8e456c2e6',0,0,21,0,0,'FF',9,15,4,'Current:','','',2,10),(178,'5a958d56785a606c08200ef8dbf8deef',0,0,21,0,0,'FF',9,15,1,'Average:','','',2,11),(179,'5ce67a658cec37f526dc84ac9e08d6e7',0,0,21,0,0,'FF',9,15,3,'Maximum:','','on',2,12),(180,'7e04a041721df1f8828381a9ea2f2154',0,0,22,47,31,'FF',4,0,1,'Discards In','','',2,1),(181,'afc8bca6b1b3030a6d71818272336c6c',0,0,22,47,0,'FF',9,0,4,'Current:','','',2,2),(182,'6ac169785f5aeaf1cc5cdfd38dfcfb6c',0,0,22,47,0,'FF',9,0,1,'Average:','','',2,3),(183,'178c0a0ce001d36a663ff6f213c07505',0,0,22,47,0,'FF',9,0,3,'Maximum:','','on',2,4),(184,'8e3268c0abde7550616bff719f10ee2f',0,0,22,46,48,'FF',4,0,1,'Errors In','','',2,5),(185,'18891392b149de63b62c4258a68d75f8',0,0,22,46,0,'FF',9,0,4,'Current:','','',2,6),(186,'dfc9d23de0182c9967ae3dabdfa55a16',0,0,22,46,0,'FF',9,0,1,'Average:','','',2,7),(187,'c47ba64e2e5ea8bf84aceec644513176',0,0,22,46,0,'FF',9,0,3,'Maximum:','','on',2,8),(188,'9d052e7d632c479737fbfaced0821f79',0,0,23,49,71,'FF',4,0,1,'Unicast Packets Out','','',2,5),(189,'9b9fa6268571b6a04fa4411d8e08c730',0,0,23,49,0,'FF',9,0,4,'Current:','','',2,6),(190,'8e8f2fbeb624029cbda1d2a6ddd991ba',0,0,23,49,0,'FF',9,0,1,'Average:','','',2,7),(191,'c76495beb1ed01f0799838eb8a893124',0,0,23,49,0,'FF',9,0,3,'Maximum:','','on',2,8),(192,'d4e5f253f01c3ea77182c5a46418fc44',0,0,23,48,25,'FF',7,0,1,'Unicast Packets In','','',2,1),(193,'526a96add143da021c5f00d8764a6c12',0,0,23,48,0,'FF',9,0,4,'Current:','','',2,2),(194,'81eeb46f451212f00fd7caee42a81c0b',0,0,23,48,0,'FF',9,0,1,'Average:','','',2,3),(195,'089e4d1c3faeb00fd5dcc9622b06d656',0,0,23,48,0,'FF',9,0,3,'Maximum:','','on',2,4),(196,'fe66cb973966d22250de073405664200',0,0,24,53,25,'FF',7,0,1,'Non-Unicast Packets In','','',2,1),(197,'1ba3fc3466ad32fdd2669cac6cad6faa',0,0,24,53,0,'FF',9,0,4,'Current:','','',2,2),(198,'f810154d3a934c723c21659e66199cdf',0,0,24,53,0,'FF',9,0,1,'Average:','','',2,3),(199,'98a161df359b01304346657ff1a9d787',0,0,24,53,0,'FF',9,0,3,'Maximum:','','on',2,4),(200,'d5e55eaf617ad1f0516f6343b3f07c5e',0,0,24,52,71,'FF',4,0,1,'Non-Unicast Packets Out','','',2,5),(201,'9fde6b8c84089b9f9044e681162e7567',0,0,24,52,0,'FF',9,0,4,'Current:','','',2,6),(202,'9a3510727c3d9fa7e2e7a015783a99b3',0,0,24,52,0,'FF',9,0,1,'Average:','','',2,7),(203,'451afd23f2cb59ab9b975fd6e2735815',0,0,24,52,0,'FF',9,0,3,'Maximum:','','on',2,8),(204,'617d10dff9bbc3edd9d733d9c254da76',0,0,22,50,18,'FF',4,0,1,'Discards Out','','',2,9),(205,'9269a66502c34d00ac3c8b1fcc329ac6',0,0,22,50,0,'FF',9,0,4,'Current:','','',2,10),(206,'d45deed7e1ad8350f3b46b537ae0a933',0,0,22,50,0,'FF',9,0,1,'Average:','','',2,11),(207,'2f64cf47dc156e8c800ae03c3b893e3c',0,0,22,50,0,'FF',9,0,3,'Maximum:','','on',2,12),(208,'57434bef8cb21283c1a73f055b0ada19',0,0,22,51,89,'FF',4,0,1,'Errors Out','','',2,13),(209,'660a1b9365ccbba356fd142faaec9f04',0,0,22,51,0,'FF',9,0,4,'Current:','','',2,14),(210,'28c5297bdaedcca29acf245ef4bbed9e',0,0,22,51,0,'FF',9,0,1,'Average:','','',2,15),(211,'99098604fd0c78fd7dabac8f40f1fb29',0,0,22,51,0,'FF',9,0,3,'Maximum:','','on',2,16),(212,'de3eefd6d6c58afabdabcaf6c0168378',0,0,25,54,22,'FF',7,0,1,'Inbound','','',2,1),(213,'1a80fa108f5c46eecb03090c65bc9a12',0,0,25,54,0,'FF',9,0,4,'Current:','','',2,2),(214,'fe458892e7faa9d232e343d911e845f3',0,0,25,54,0,'FF',9,0,1,'Average:','','',2,3),(215,'175c0a68689bebc38aad2fbc271047b3',0,0,25,54,0,'FF',9,0,3,'Maximum:','','on',2,4),(216,'1bf2283106510491ddf3b9c1376c0b31',0,0,25,55,20,'FF',4,0,1,'Outbound','','',2,5),(217,'c5202f1690ffe45600c0d31a4a804f67',0,0,25,55,0,'FF',9,0,4,'Current:','','',2,6),(218,'eb9794e3fdafc2b74f0819269569ed40',0,0,25,55,0,'FF',9,0,1,'Average:','','',2,7),(219,'6bcedd61e3ccf7518ca431940c93c439',0,0,25,55,0,'FF',9,0,3,'Maximum:','','on',2,8),(303,'b7b381d47972f836785d338a3bef6661',0,0,26,78,0,'FF',9,0,3,'Maximum:','','on',2,8),(304,'36fa8063df3b07cece878d54443db727',0,0,26,78,0,'FF',9,0,1,'Average:','','',2,7),(305,'2c35b5cae64c5f146a55fcb416dd14b5',0,0,26,78,0,'FF',9,0,4,'Current:','','',2,6),(306,'16d6a9a7f608762ad65b0841e5ef4e9c',0,0,26,78,48,'FF',7,0,1,'Used','','',2,5),(307,'d80e4a4901ab86ee39c9cc613e13532f',0,0,26,92,20,'FF',7,0,1,'Total','','',2,1),(308,'567c2214ee4753aa712c3d101ea49a5d',0,0,26,92,0,'FF',9,0,4,'Current:','','',2,2),(309,'ba0b6a9e316ef9be66abba68b80f7587',0,0,26,92,0,'FF',9,0,1,'Average:','','',2,3),(310,'4b8e4a6bf2757f04c3e3a088338a2f7a',0,0,26,92,0,'FF',9,0,3,'Maximum:','','on',2,4),(317,'8536e034ab5268a61473f1ff2f6bd88f',0,0,27,79,0,'FF',9,0,1,'Average:','','',3,3),(316,'d478a76de1df9edf896c9ce51506c483',0,0,27,79,0,'FF',9,0,4,'Current:','','',3,2),(315,'42537599b5fb8ea852240b58a58633de',0,0,27,79,9,'FF',7,0,1,'CPU Utilization','','',2,1),(318,'87e10f9942b625aa323a0f39b60058e7',0,0,27,79,0,'FF',9,0,3,'Maximum:','','on',3,4),(319,'38f6891b0db92aa8950b4ce7ae902741',0,0,28,81,67,'FF',7,0,1,'Users','','',2,1),(320,'af13152956a20aa894ef4a4067b88f63',0,0,28,81,0,'FF',9,0,4,'Current:','','',3,2),(321,'1b2388bbede4459930c57dc93645284e',0,0,28,81,0,'FF',9,0,1,'Average:','','',3,3),(322,'6407dc226db1d03be9730f4d6f3eeccf',0,0,28,81,0,'FF',9,0,3,'Maximum:','','on',3,4),(323,'fca6a530c8f37476b9004a90b42ee988',0,0,29,80,48,'FF',7,0,1,'Running Processes','','',2,1),(324,'5acebbde3dc65e02f8fda03955852fbe',0,0,29,80,0,'FF',9,0,4,'Current:','','',3,2),(325,'311079ffffac75efaab2837df8123122',0,0,29,80,0,'FF',9,0,1,'Average:','','',3,3),(326,'724d27007ebf31016cfa5530fee1b867',0,0,29,80,0,'FF',9,0,3,'Maximum:','','on',3,4),(373,'1995d8c23e7d8e1efa2b2c55daf3c5a7',0,0,32,54,22,'FF',7,2,1,'Inbound','','',2,1),(335,'',95,1,12,84,41,'FF',7,0,1,'Free','','',2,9),(336,'',96,1,12,84,0,'FF',9,0,4,'Current:','','',2,10),(337,'',97,1,12,84,0,'FF',9,0,1,'Average:','','',2,11),(338,'',98,1,12,84,0,'FF',9,0,3,'Maximum:','','on',2,12),(339,'',99,1,12,85,30,'FF',8,0,1,'Swap','','',2,13),(340,'',100,1,12,85,0,'FF',9,0,4,'Current:','','',2,14),(341,'',101,1,12,85,0,'FF',9,0,1,'Average:','','',2,15),(342,'',102,1,12,85,0,'FF',9,0,3,'Maximum:','','on',2,16),(343,'',69,2,9,86,15,'FF',7,0,1,'1 Minute Average','','',2,1),(344,'',70,2,9,86,0,'FF',9,0,4,'Current:','','on',4,2),(345,'',71,2,9,87,8,'FF',8,0,1,'5 Minute Average','','',2,3),(346,'',72,2,9,87,0,'FF',9,0,4,'Current:','','on',4,4),(347,'',73,2,9,88,9,'FF',8,0,1,'15 Minute Average','','',2,5),(348,'',74,2,9,88,0,'FF',9,0,4,'Current:','','on',4,6),(349,'',75,2,9,0,1,'FF',4,12,1,'','','',2,7),(350,'',76,3,10,89,67,'FF',7,0,1,'Users','','',2,1),(351,'',77,3,10,89,0,'FF',9,0,4,'Current:','','',3,2),(352,'',78,3,10,89,0,'FF',9,0,1,'Average:','','',3,3),(353,'',79,3,10,89,0,'FF',9,0,3,'Maximum:','','on',3,4),(354,'',65,4,8,90,48,'FF',7,0,1,'Running Processes','','',2,1),(355,'',66,4,8,90,0,'FF',9,0,4,'Current:','','',3,2),(356,'',67,4,8,90,0,'FF',9,0,1,'Average:','','',3,3),(357,'',68,4,8,90,0,'FF',9,0,3,'Maximum:','','on',3,4),(358,'803b96bcaec33148901b4b562d9d2344',0,0,30,29,89,'FF',7,0,1,'Open Files','','',2,1),(359,'da26dd92666cb840f8a70e2ec5e90c07',0,0,30,29,0,'FF',9,0,4,'Current:','','',3,2),(360,'5258970186e4407ed31cca2782650c45',0,0,30,29,0,'FF',9,0,1,'Average:','','',3,3),(361,'7d08b996bde9cdc7efa650c7031137b4',0,0,30,29,0,'FF',9,0,3,'Maximum:','','on',3,4),(362,'918e6e7d41bb4bae0ea2937b461742a4',0,0,31,54,22,'FF',7,2,1,'Inbound','','',2,1),(363,'f19fbd06c989ea85acd6b4f926e4a456',0,0,31,54,0,'FF',9,2,4,'Current:','','',2,2),(364,'fc150a15e20c57e11e8d05feca557ef9',0,0,31,54,0,'FF',9,2,1,'Average:','','',2,3),(365,'ccbd86e03ccf07483b4d29e63612fb18',0,0,31,54,0,'FF',9,2,3,'Maximum:','','on',2,4),(366,'964c5c30cd05eaf5a49c0377d173de86',0,0,31,55,20,'FF',4,2,1,'Outbound','','',2,5),(367,'b1a6fb775cf62e79e1c4bc4933c7e4ce',0,0,31,55,0,'FF',9,2,4,'Current:','','',2,6),(368,'721038182a872ab266b5cf1bf7f7755c',0,0,31,55,0,'FF',9,2,1,'Average:','','',2,7),(369,'2302f80c2c70b897d12182a1fc11ecd6',0,0,31,55,0,'FF',9,2,3,'Maximum:','','on',2,8),(370,'4ffc7af8533d103748316752b70f8e3c',0,0,31,0,0,'FF',1,0,1,'','','',2,9),(371,'64527c4b6eeeaf627acc5117ff2180fd',0,0,31,55,9,'FF',2,0,1,'95th Percentile','|95:bits:0:max:2|','',2,10),(372,'d5bbcbdbf83ae858862611ac6de8fc62',0,0,31,55,0,'FF',1,0,1,'(|95:bits:6:max:2| mbit in+out)','','on',2,11),(374,'55083351cd728b82cc4dde68eb935700',0,0,32,54,0,'FF',9,2,4,'Current:','','',2,2),(375,'54782f71929e7d1734ed5ad4b8dda50d',0,0,32,54,0,'FF',9,2,1,'Average:','','',2,3),(376,'88d3094d5dc2164cbf2f974aeb92f051',0,0,32,54,0,'FF',9,2,3,'Maximum:','','on',2,4),(377,'4a381a8e87d4db1ac99cf8d9078266d3',0,0,32,55,20,'FF',4,2,1,'Outbound','','',2,6),(378,'5bff63207c7bf076d76ff3036b5dad54',0,0,32,55,0,'FF',9,2,4,'Current:','','',2,7),(379,'979fff9d691ca35e3f4b3383d9cae43f',0,0,32,55,0,'FF',9,2,1,'Average:','','',2,8),(380,'0e715933830112c23c15f7e3463f77b6',0,0,32,55,0,'FF',9,2,3,'Maximum:','','on',2,11),(383,'5b43e4102600ad75379c5afd235099c4',0,0,32,54,0,'FF',1,0,1,'Total In:  |sum:auto:current:2:auto|','','on',2,5),(384,'db7c15d253ca666601b3296f2574edc9',0,0,32,55,0,'FF',1,0,1,'Total Out: |sum:auto:current:2:auto|','','on',2,12),(385,'fdaec5b9227522c758ad55882c483a83',0,0,33,55,0,'FF',9,0,3,'Maximum:','','on',2,11),(386,'6824d29c3f13fe1e849f1dbb8377d3f1',0,0,33,55,0,'FF',9,0,1,'Average:','','',2,8),(387,'54e3971b3dd751dd2509f62721c12b41',0,0,33,55,0,'FF',9,0,4,'Current:','','',2,7),(388,'cf8c9f69878f0f595d583eac109a9be1',0,0,33,55,20,'FF',4,0,1,'Outbound','','',2,6),(389,'de265acbbfa99eb4b3e9f7e90c7feeda',0,0,33,54,0,'FF',9,0,3,'Maximum:','','on',2,4),(390,'777aa88fb0a79b60d081e0e3759f1cf7',0,0,33,54,0,'FF',9,0,1,'Average:','','',2,3),(391,'66bfdb701c8eeadffe55e926d6e77e71',0,0,33,54,0,'FF',9,0,4,'Current:','','',2,2),(392,'3ff8dba1ca6279692b3fcabed0bc2631',0,0,33,54,22,'FF',7,0,1,'Inbound','','',2,1),(393,'d6041d14f9c8fb9b7ddcf3556f763c03',0,0,33,55,0,'FF',1,0,1,'Total Out: |sum:auto:current:2:auto|','','on',2,12),(394,'76ae747365553a02313a2d8a0dd55c8a',0,0,33,54,0,'FF',1,0,1,'Total In:  |sum:auto:current:2:auto|','','on',2,5),(403,'8a1b44ab97d3b56207d0e9e77a035d25',0,0,13,95,30,'FF',8,14,1,'Cache Memory','','',2,9),(404,'6db3f439e9764941ff43fbaae348f5dc',0,0,13,95,0,'FF',9,14,4,'Current:','','',2,10),(405,'cc9b2fe7acf0820caa61c1519193f65e',0,0,13,95,0,'FF',9,14,1,'Average:','','',2,11),(406,'9eea140bdfeaa40d50c5cdcd1f23f72d',0,0,13,95,0,'FF',9,14,3,'Maximum:','','on',2,12),(407,'41316670b1a36171de2bda91a0cc2364',0,0,34,96,98,'FF',7,0,1,'','','',2,1),(408,'c9e8cbdca0215b434c902e68755903ea',0,0,34,96,0,'FF',9,0,4,'Current:','','',2,2),(409,'dab91d7093e720841393feea5bdcba85',0,0,34,96,0,'FF',9,0,1,'Average:','','',2,3),(410,'03e5bd2151fea3c90843eb1130b84458',0,0,34,96,0,'FF',9,0,3,'Maximum:','','on',2,4),(411,'ac260a1434298e088f15f70cd1a5f726',0,0,35,99,17,'FF',7,0,1,'Key Read Requests','','',6,1),(412,'2880fe948b6912a3bbef6d572fc08c11',0,0,35,99,0,'FF',9,0,4,'Cur:','','',6,2),(413,'7ad6f41485c166ba32e6d9e570e395f0',0,0,35,99,0,'FF',9,0,1,'Avg:','','',6,3),(414,'c0e60c7d108ee721a537bb6e3c62a1d8',0,0,35,99,0,'FF',9,0,3,'Max:','','on',6,4),(415,'25df59422c805e4b85310ec3a4face3b',0,0,35,97,80,'FF',4,0,1,'Key Reads','','',6,5),(416,'f8b4402537c5b8f6fe87f025b66fa36d',0,0,35,97,0,'FF',9,0,4,'Cur:','','',6,6),(417,'508445350edf7ebffcc53df8ca402cd4',0,0,35,97,0,'FF',9,0,1,'Avg:','','',6,7),(418,'ce2c5b685c988e9ba283a5b26019a228',0,0,35,97,0,'FF',9,0,3,'Max:','','on',6,8),(419,'c8ddc4e379739fa6860644b9ec73fd67',0,0,35,98,45,'FF',7,16,1,'Key Write Requests','','',6,9),(420,'eee6bf6b5627650df8625d88f333299f',0,0,35,98,0,'FF',9,0,4,'Cur:','','',6,10),(421,'c13f3d345b73c7333254c1d3efcbd02f',0,0,35,98,0,'FF',9,0,1,'Avg:','','',6,11),(422,'c1d97c83fc4b5cbed160c1530f937307',0,0,35,98,0,'FF',9,0,3,'Max:','','on',6,12),(423,'b05a1a789491c12bed93e2c610e72fa0',0,0,35,100,48,'FF',4,16,1,'Key Writes','','',6,13),(424,'c5621ec923c0e47f0603638f9fbb5815',0,0,35,100,0,'FF',9,0,4,'Cur:','','',6,14),(425,'7e9cc68942f31c8de3788336f080166f',0,0,35,100,0,'FF',9,0,1,'Avg:','','',6,15),(426,'c6da7f77308d3127ca7e18385c86ceeb',0,0,35,100,0,'FF',9,0,3,'Max:','','on',6,16),(427,'6820faaa15e407a4443588d8afc41fdb',0,0,36,104,105,'FF',7,0,1,'Pool Size','','',6,1),(428,'cb3addf6f0a3c3b7f4c7ffc2cffb73b9',0,0,36,104,0,'FF',9,0,4,'Cur:','','on',6,2),(429,'f831741492af46b72bc0a63d11e72869',0,0,36,103,106,'FF',7,0,1,'Database Pages','','',6,3),(430,'7abd57dc40efb7827d1424f07b8e98be',0,0,36,103,0,'FF',9,0,4,'Cur:','','',6,4),(431,'8143fa8b86d4cc3a87adc35dfc64628b',0,0,36,103,0,'FF',9,0,1,'Avg:','','',6,5),(432,'cb634dc53fa8a86fa5ab0e3828d1fab9',0,0,36,103,0,'FF',9,0,3,'Max:','','on',6,6),(433,'81b0c8274aecfa8a5e304eabdaa7f3a9',0,0,36,101,107,'FF',8,0,1,'Free Pages','','',6,7),(434,'cc3c68b2b4f7fb46913301aea0a6c1ae',0,0,36,101,0,'FF',9,0,4,'Cur:','','',6,8),(435,'0e7d24bce7e20e0a0b393d529a55a15c',0,0,36,101,0,'FF',9,0,1,'Avg:','','',6,9),(436,'ec9b15475d486e684c1e3c9c099cedf6',0,0,36,101,0,'FF',9,0,3,'Max:','','on',6,10),(437,'7053cc7687881295d23bc15f108e9433',0,0,36,102,108,'FF',4,0,1,'Modified Pages','','',6,11),(438,'5ab29120a18ffd753145908aabcb0478',0,0,36,102,0,'FF',9,0,4,'Cur:','','',6,12),(439,'62855c548aa45caba7040ee61cf02b56',0,0,36,102,0,'FF',9,0,1,'Avg:','','',6,13),(440,'e2da9c2dbdae0035fbbcf11829f14b04',0,0,36,102,0,'FF',9,0,3,'Max:','','on',6,14),(441,'d444cf5b2282941e7a2095d0a8c6ed59',0,0,37,106,109,'FF',4,0,1,'File Reads','','',6,1),(442,'910f8d7e8652692960dba852989d6f52',0,0,37,106,0,'FF',9,0,4,'Cur:','','',6,2),(443,'906960013ebee0cae830a4f11f84891a',0,0,37,106,0,'FF',9,0,1,'Avg:','','',6,3),(444,'44e429dac2b9310aee69450e868760c7',0,0,37,106,0,'FF',9,0,3,'Max:','','on',6,4),(445,'a003f2270ea883d97dcf72d1af33f596',0,0,37,107,110,'FF',4,0,1,'File Writes','','',6,5),(446,'34324f39d4a59acdf77d15b4a6959138',0,0,37,107,0,'FF',9,0,4,'Cur:','','',6,6),(447,'dacf6b13991386eacf7e598ad906ceb9',0,0,37,107,0,'FF',9,0,1,'Avg:','','',6,7),(448,'2b7efe0d49f15f3a010513c273a9409d',0,0,37,107,0,'FF',9,0,3,'Max:','','on',6,8),(449,'29e59d844c33344ee91e195ce60e8813',0,0,37,105,111,'FF',4,0,1,'Log Writes','','',6,9),(450,'bf128e2a5f554016dca014539dc9297e',0,0,37,105,0,'FF',9,0,4,'Cur:','','',6,10),(451,'0f19e132baa24ea10c693c8af3557a78',0,0,37,105,0,'FF',9,0,1,'Avg:','','',6,11),(452,'8fa4ae8356e1b417f23be3e23aa38527',0,0,37,105,0,'FF',9,0,3,'Max:','','on',6,12),(453,'6517b82d8f0c7510026ac494e83068ba',0,0,37,108,112,'FF',4,0,1,'File Fsyncs','','',6,13),(454,'7f5e1b9e217ef5abc70549cab905edd5',0,0,37,108,0,'FF',9,0,4,'Cur:','','',6,14),(455,'1b0854695edc59bc72dfe94374dd93e3',0,0,37,108,0,'FF',9,0,1,'Avg:','','',6,15),(456,'34f0b31f32801fccfc8a14e1f17c5f69',0,0,37,108,0,'FF',9,0,3,'Max:','','on',6,16),(457,'c393adc639076326c57fb39a50cd8db3',0,0,38,110,17,'FF',4,0,1,'Ibuf Inserts','','',6,1),(458,'5ddbbcb91dd2984dc6b469c0f7048bac',0,0,38,110,0,'FF',9,0,4,'Cur:','','',6,2),(459,'ccd732e33781ddff8d71f15127474247',0,0,38,110,0,'FF',9,0,1,'Avg:','','',6,3),(460,'8a97910b261420caf4f42acff0777b87',0,0,38,110,0,'FF',9,0,3,'Max:','','on',6,4),(461,'feddbb6bfb063797d3521d171e42a0c4',0,0,38,111,21,'FF',4,0,1,'Ibuf Merged','','',6,5),(462,'9a9bdf66c2f949d5cf569f2a21cfe788',0,0,38,111,0,'FF',9,0,4,'Cur:','','',6,6),(463,'37328f3198bf826ec46d705a7108fae4',0,0,38,111,0,'FF',9,0,1,'Avg:','','',6,7),(464,'0700f03352de66222852aab2c43c9395',0,0,38,111,0,'FF',9,0,3,'Max:','','on',6,8),(465,'0717fc25c141775450b5713c0fc1414f',0,0,38,109,45,'FF',4,0,1,'Ibuf Merges','','',6,9),(466,'ada7b7213b47d99ae32a6dd7700d04f4',0,0,38,109,0,'FF',9,0,4,'Cur:','','',6,10),(467,'86beb441a0cc11a71820664941b0c247',0,0,38,109,0,'FF',9,0,1,'Avg:','','',6,11),(468,'9b530b21a1de4f01474ced8fe4f68d6b',0,0,38,109,0,'FF',9,0,3,'Max:','','on',6,12),(469,'1283bcc057a75c9b4a1ad945c36116e2',0,0,39,112,113,'FF',7,0,1,'Ibuf Cell Count','','',6,1),(470,'1bd9b6067c7883300217fdfed54eadb8',0,0,39,112,0,'FF',9,0,4,'Cur:','','',6,2),(471,'3e867179f7cd5319a9e65771f8cb795e',0,0,39,112,0,'FF',9,0,1,'Avg:','','',6,3),(472,'230324959eea20e2fbf2397c18f7ee2e',0,0,39,112,0,'FF',9,0,3,'Max:','','on',6,4),(473,'cafd729f7b96ad271abd303d83a0f628',0,0,39,113,114,'FF',7,0,1,'Ibuf Used Cells','','',6,5),(474,'97c06e1784fb0fb8ad56701c18068259',0,0,39,113,0,'FF',9,0,4,'Cur:','','',6,6),(475,'a10bf1415bdf5f4a6343db5d2ed7d7ce',0,0,39,113,0,'FF',9,0,1,'Avg:','','',6,7),(476,'f480a98c47e31ff409c1e98703df2728',0,0,39,113,0,'FF',9,0,3,'Max:','','on',6,8),(477,'9e94ff3b69618aeb94f2619c8d5430ab',0,0,39,114,115,'FF',8,0,1,'Ibuf Free Cells','','',6,9),(478,'9f9ccdf93b45a2e449f17a71281f8652',0,0,39,114,0,'FF',9,0,4,'Cur:','','',6,10),(479,'af165ce034593dcc42f1ebb937fa3116',0,0,39,114,0,'FF',9,0,1,'Avg:','','',6,11),(480,'ce83e36534594ac857b951faee4c73b7',0,0,39,114,0,'FF',9,0,3,'Max:','','on',6,12),(481,'000801874164cf6cf266929cc34d8462',0,0,40,117,116,'FF',4,0,1,'Spin Rounds','','',6,1),(482,'6b0538d65229502662c88ee69966f1f4',0,0,40,117,0,'FF',9,0,4,'Cur:','','',6,2),(483,'4b2a9197fc6c30419c72dc3350e7eb6e',0,0,40,117,0,'FF',9,0,1,'Avg:','','',6,3),(484,'89cf3819b4983d8e0256579e95bbc731',0,0,40,117,0,'FF',9,0,3,'Max:','','on',6,4),(485,'b5cc89b185f3deaad54ab5e44260b3e1',0,0,40,116,10,'FF',4,0,1,'Spin Waits','','',6,5),(486,'e11c102185773f8ad8c5db1db44cccba',0,0,40,116,0,'FF',9,0,4,'Cur:','','',6,6),(487,'65c208e36bebbcb1ea02813ac43b3ac2',0,0,40,116,0,'FF',9,0,1,'Avg:','','',6,7),(488,'42cdf7d8263257532cc5c242e6ae7b06',0,0,40,116,0,'FF',9,0,3,'Max:','','on',6,8),(489,'649ce38feea031b35dc7d92ec99c0434',0,0,40,115,17,'FF',4,0,1,'Os Waits','','',6,9),(490,'96483d64f581e7e37bd192813b672b4e',0,0,40,115,0,'FF',9,0,4,'Cur:','','',6,10),(491,'247243bdb3bf137c3f985a260bc77beb',0,0,40,115,0,'FF',9,0,1,'Avg:','','',6,11),(492,'9c5bb9a6c3683dff4c187061fb6951ae',0,0,40,115,0,'FF',9,0,3,'Max:','','on',6,12),(493,'c3fb171c7118f9ccf1dfd17e7d7047cd',0,0,41,121,80,'FF',7,0,1,'Rows Read','','',6,1),(494,'8d6cb22f122886249d39b15b1c2080bf',0,0,41,121,0,'FF',9,0,4,'Cur:','','',6,2),(495,'f581e6e9da84550bb44e30a79ea72b4d',0,0,41,121,0,'FF',9,0,1,'Avg:','','',6,3),(496,'1bb952ec834b0902a2a769cfe1a0590c',0,0,41,121,0,'FF',9,0,3,'Max:','','on',6,4),(497,'d2573b0574fc966ece3c8001bb3c5203',0,0,41,118,42,'FF',8,0,1,'Rows Deleted','','',6,5),(498,'c237f0850c16775d2615a5cc5e24ec8b',0,0,41,118,0,'FF',9,0,4,'Cur:','','',6,6),(499,'8ad3785f87c97fd96614d3c54bba3d96',0,0,41,118,0,'FF',9,0,1,'Avg:','','',6,7),(500,'d3ed2a51bb32feaba600bc1b16ebc8cc',0,0,41,118,0,'FF',9,0,3,'Max:','','on',6,8),(501,'34ad6cd1d33cf3bf027ff9a450336969',0,0,41,120,8,'FF',8,0,1,'Rows Updated','','',6,9),(502,'277df4fce9190017917f8e92d61124dc',0,0,41,120,0,'FF',9,0,4,'Cur:','','',6,10),(503,'cf0a710c5fe70b89967c97e44dcec1b2',0,0,41,120,0,'FF',9,0,1,'Avg:','','',6,11),(504,'f310dd1da40fc7df9e7776c18ead315d',0,0,41,120,0,'FF',9,0,3,'Max:','','on',6,12),(505,'e6ed2155d3ecd734f55db90259946590',0,0,41,119,94,'FF',8,0,1,'Rows Inserted','','',6,13),(506,'af62d028aa17acb2276e12be3ebb2c4e',0,0,41,119,0,'FF',9,0,4,'Cur:','','',6,14),(507,'38e2fee5b5398f357145770aeb689420',0,0,41,119,0,'FF',9,0,1,'Avg:','','',6,15),(508,'35406ab0284534690161c25ba3faa46d',0,0,41,119,0,'FF',9,0,3,'Max:','','on',6,16),(509,'985c2c250576fa832083b7350b3ba43e',0,0,42,122,63,'FF',7,0,1,'Table Locks Immediate','','on',6,1),(510,'6388f8353794e11c3ba3ca88ec8092b6',0,0,42,122,72,'FF',4,0,1,'Table Locks Immediate','','',6,2),(511,'195358fe082e80eea41714386c901af0',0,0,42,122,0,'FF',9,0,4,'Cur:','','',6,3),(512,'2e180568d6e8324d8de0b5de18f9ace7',0,0,42,122,0,'FF',9,0,1,'Avg:','','',6,4),(513,'48fe37efb3fe5559477598182c6ea902',0,0,42,122,0,'FF',9,0,3,'Max:','','on',6,5),(514,'df8eadeb3843d46eab8e41843d0999a1',0,0,42,124,44,'FF',7,0,1,'Table Locks Waited','','',6,6),(515,'afc37040e3f206e690c42dc2baa16093',0,0,42,124,0,'FF',9,0,4,'Cur:','','',6,7),(516,'859b6385daccd065a051285a4dcfb990',0,0,42,124,0,'FF',9,0,1,'Avg:','','',6,8),(517,'b5e774b31844391679cfcf7a43e291c6',0,0,42,124,0,'FF',9,0,3,'Max:','','on',6,9),(518,'773a5bdc72b180711b6526d26a0dbcc1',0,0,42,123,94,'FF',4,0,1,'Slow Queries','','',6,10),(519,'57fbac2bf9599e982f379909c8d9a5f1',0,0,42,123,0,'FF',9,0,4,'Cur:','','',6,11),(520,'383655c97850192dc952ee0bd8192725',0,0,42,123,0,'FF',9,0,1,'Avg:','','',6,12),(521,'cc80408b5852dd9178493fbf52c5b043',0,0,42,123,0,'FF',9,0,3,'Max:','','on',6,13),(522,'f8ed80fe154a67993f6677d2be37b0f1',0,0,43,127,5,'FF',7,0,1,'Max Connections','','',6,1),(523,'5caf92f9dc95270cae4c634069996643',0,0,43,127,0,'FF',9,0,4,'Cur:','','on',6,2),(524,'eb683da9f481d950413161c5334cb0a4',0,0,43,128,29,'FF',7,0,1,'Max Used Connections','','',6,3),(525,'e3934ec4b365c8ac565b7d593e583800',0,0,43,128,0,'FF',9,0,4,'Cur:','','on',6,4),(526,'bac3422327a1ebb30e764c7dff9065cc',0,0,43,129,44,'FF',4,0,1,'Aborted Clients','','',6,5),(527,'f775dee2cfbf507846352aa4ca653c16',0,0,43,129,0,'FF',9,0,4,'Cur:','','',6,6),(528,'ceb7ad7aa445d84747af3a82a493cb5d',0,0,43,129,0,'FF',9,0,1,'Avg:','','',6,7),(529,'b90f98bc40c12f51cc6b06ce3afb6a3b',0,0,43,129,0,'FF',9,0,3,'Max:','','on',6,8),(530,'4802eafebf24679dc8adf774c0c3a74e',0,0,43,130,12,'FF',4,0,1,'Aborted Connects','','',6,9),(531,'29288f73324e16f0e6762d50e896b7a4',0,0,43,130,0,'FF',9,0,4,'Cur:','','',6,10),(532,'cf6ed7bcdf06e84c64714b8e317e981b',0,0,43,130,0,'FF',9,0,1,'Avg:','','',6,11),(533,'c095ef6d8f6ed688143fa36034b7bf01',0,0,43,130,0,'FF',9,0,3,'Max:','','on',6,12),(534,'bb837bdc8139f9d9022a19511fc2b38e',0,0,43,125,33,'FF',5,0,1,'Threads Connected','','',6,13),(535,'e2839637ce31f2557cf4274a28c3c101',0,0,43,125,0,'FF',9,0,4,'Cur:','','',6,14),(536,'e25a4900df11b4e8a31aba82d21ca9db',0,0,43,125,0,'FF',9,0,1,'Avg:','','',6,15),(537,'c77bd0b513b8a141437715c2883708c3',0,0,43,125,0,'FF',9,0,3,'Max:','','on',6,16),(538,'e17d122913057806703ddd96478d62fc',0,0,43,126,10,'FF',4,0,1,'Connections','','',6,17),(539,'44c9d967001eb19145c3e9461fb52892',0,0,43,126,0,'FF',9,0,4,'Cur:','','',6,18),(540,'838d420fad5e1264d752b74622040d38',0,0,43,126,0,'FF',9,0,1,'Avg:','','',6,19),(541,'690a9a33fec432fe0d2bebd8357ebba6',0,0,43,126,0,'FF',9,0,3,'Max:','','on',6,20),(542,'8e774a27bdcd687b74f59f7633261104',0,0,44,131,92,'FF',7,0,1,'Slave Running','','on',6,1),(543,'d86914f0587cc89b36795e15f6deb843',0,0,44,133,99,'FF',7,0,1,'Slave Stopped','','on',6,2),(544,'caf39e137752bd9a38ecf7ceb5d53ce3',0,0,44,135,10,'FF',4,0,1,'Slave Lag','','',6,3),(545,'6ec9f26cd661cef295cc1c76e4130b68',0,0,44,135,0,'FF',9,0,4,'Cur:','','',6,4),(546,'7c1a9200037f834bd71010f1f7708aa6',0,0,44,135,0,'FF',9,0,1,'Avg:','','',6,5),(547,'81aa16ca185a61f50f52d6d5342115a6',0,0,44,135,0,'FF',9,0,3,'Max:','','on',6,6),(548,'9ef146d43565ac74eb3a14219e6a38f2',0,0,44,134,58,'FF',4,0,1,'Slave Open Temp Tables','','',6,7),(549,'31621db648be7acd543886ea43a02a89',0,0,44,134,0,'FF',9,0,4,'Cur:','','',6,8),(550,'6cc5f7709b2390de0b8ee2580f91dba5',0,0,44,134,0,'FF',9,0,1,'Avg:','','',6,9),(551,'991855b6e433018ad55edad34fdce9d4',0,0,44,134,0,'FF',9,0,3,'Max:','','on',6,10),(552,'bc17c6a7692fbb31c18a8d6e7c491f04',0,0,44,132,9,'FF',4,0,1,'Slave Retried Transactions','','',6,11),(553,'876d9459ba58d69d04d78fa2d376c555',0,0,44,132,0,'FF',9,0,4,'Cur:','','',6,12),(554,'491d413a794cac1a923d6c9988b75416',0,0,44,132,0,'FF',9,0,1,'Avg:','','',6,13),(555,'348cd8082e7f7c6e28c2a82df019b4e0',0,0,44,132,0,'FF',9,0,3,'Max:','','on',6,14),(556,'dfe1f04f9170570eb33149475b9dcbf5',0,0,45,138,10,'FF',5,0,1,'Qcache Queries In Cache','','',6,1),(557,'2adbdba626f781797f1e04716361c05f',0,0,45,138,0,'FF',9,0,4,'Cur:','','',6,2),(558,'986ee7b27049fd1f09fc0b6128feab65',0,0,45,138,0,'FF',9,0,1,'Avg:','','',6,3),(559,'1f637ddffa2a5b1407203abebe6a1774',0,0,45,138,0,'FF',9,0,3,'Max:','','on',6,4),(560,'392b40ba2be12bed033d76fedbc965e2',0,0,45,140,28,'FF',5,0,1,'Qcache Hits','','',6,5),(561,'4dbb890527f3a12a7a44aa690f708181',0,0,45,140,0,'FF',9,0,4,'Cur:','','',6,6),(562,'7db98c77393dcc0b27a554181393c054',0,0,45,140,0,'FF',9,0,1,'Avg:','','',6,7),(563,'9203b1e3eea81a2f4346592181a60bf4',0,0,45,140,0,'FF',9,0,3,'Max:','','on',6,8),(564,'018b148bf47b8f3f929f7d946f650438',0,0,45,136,17,'FF',4,0,1,'Qcache Inserts','','',6,9),(565,'671295bad476c0787e3b65fe5a1f0ab1',0,0,45,136,0,'FF',9,0,4,'Cur:','','',6,10),(566,'653e15267565f3b39730af563efb2ecc',0,0,45,136,0,'FF',9,0,1,'Avg:','','',6,11),(567,'d253a6c48288b333e891fc8e98180f5e',0,0,45,136,0,'FF',9,0,3,'Max:','','on',6,12),(568,'501740993f941ecef68e941d3c0e18cd',0,0,45,139,77,'FF',4,0,1,'Qcache Not Cached','','',6,13),(569,'3d4e8d1a600ca1a3bd915fade265341d',0,0,45,139,0,'FF',9,0,4,'Cur:','','',6,14),(570,'ec30dc392bb86276d76b14b2dda60ea5',0,0,45,139,0,'FF',9,0,1,'Avg:','','',6,15),(571,'8179f75822f4a0b13796786a5db5bd5b',0,0,45,139,0,'FF',9,0,3,'Max:','','on',6,16),(572,'cbdccd36fa165757f95c3312c375d873',0,0,45,137,9,'FF',4,0,1,'Qcache Lowmem Prunes','','',6,17),(573,'d91ad0c0e0469fa64b4af27d3c0a4849',0,0,45,137,0,'FF',9,0,4,'Cur:','','',6,18),(574,'7596407cb1ba2bb0634c2e9301e49a36',0,0,45,137,0,'FF',9,0,1,'Avg:','','',6,19),(575,'416d5119da9da1f006cd4cd530e68bb7',0,0,45,137,0,'FF',9,0,3,'Max:','','on',6,20),(576,'ef8a3eca2ff1cfb073e6fd8f648f87aa',0,0,46,141,6,'FF',7,0,1,'Query Cache Size','','',6,1),(577,'004589ff2185c0f1e725602ca30cb57c',0,0,46,141,0,'FF',9,0,4,'Cur:','','',6,2),(578,'47d61115549b565f271ff4f638610b71',0,0,46,141,0,'FF',9,0,1,'Avg:','','',6,3),(579,'15a1953175f6a2f40db4d32dfeb8848d',0,0,46,141,0,'FF',9,0,3,'Max:','','on',6,4),(580,'2fc86127606fca358c55a6a6c8a900dc',0,0,46,144,38,'FF',7,0,1,'Qcache Free Memory','','',6,5),(581,'c1a6ad1a1670f62c6b32f05309740578',0,0,46,144,0,'FF',9,0,4,'Cur:','','',6,6),(582,'452a8285490a86891193c8fa4740b1e8',0,0,46,144,0,'FF',9,0,1,'Avg:','','',6,7),(583,'c6f4cb65024c74ebb546b052974ef6a0',0,0,46,144,0,'FF',9,0,3,'Max:','','on',6,8),(584,'2928f0a6dd9c1fb080a652154cd7b02c',0,0,46,143,58,'FF',4,0,1,'Qcache Total Blocks','','',6,9),(585,'c16f93bea3c6a51aae0a6b3bdb5ac072',0,0,46,143,0,'FF',9,0,4,'Cur:','','',6,10),(586,'2efaccedc1bab9f16e444402fe9c6843',0,0,46,143,0,'FF',9,0,1,'Avg:','','',6,11),(587,'b975f9434b7653f5b9cb4b8abda44d7f',0,0,46,143,0,'FF',9,0,3,'Max:','','on',6,12),(588,'afcbb4b9fc4fe0e171e2cd0c63cee438',0,0,46,142,27,'FF',4,0,1,'Qcache Free Blocks','','',6,13),(589,'32328853193df6a6d820182bc04affb7',0,0,46,142,0,'FF',9,0,4,'Cur:','','',6,14),(590,'dc6054b333a38f86d572617ad82efda6',0,0,46,142,0,'FF',9,0,1,'Avg:','','',6,15),(591,'490d6b2291ce225cd742145d92365d5b',0,0,46,142,0,'FF',9,0,3,'Max:','','on',6,16),(592,'2e7a7135c1f50143371f113a80b1a981',0,0,47,154,38,'FF',7,0,1,'Questions','','',6,1),(593,'172a8d09c9caf4e7f67b666c1bed49ee',0,0,47,154,0,'FF',9,0,4,'Cur:','','',6,2),(594,'e6be51aa2fc20b63014ea553836b7f43',0,0,47,154,0,'FF',9,0,1,'Avg:','','',6,3),(595,'5a26ddd649c62a7af42dbec5df2bc7f8',0,0,47,154,0,'FF',9,0,3,'Max:','','on',6,4),(596,'02c62dc17dcaf4895e81b7ae5a2188cb',0,0,47,145,9,'FF',7,0,1,'Com Select','','',6,5),(597,'d9209caec858e7e0bfafb576d92fc00c',0,0,47,145,0,'FF',9,0,4,'Cur:','','',6,6),(598,'c370ca982ed86c323c1450d1ea4bd73d',0,0,47,145,0,'FF',9,0,1,'Avg:','','',6,7),(599,'6fa4536316aa1861fc4de00345c6f185',0,0,47,145,0,'FF',9,0,3,'Max:','','on',6,8),(600,'10555bbea2a239b2c80a6d7cd8167da7',0,0,47,147,33,'FF',8,0,1,'Com Delete','','',6,9),(601,'04302e25a021a2b07e5941b8a950c313',0,0,47,147,0,'FF',9,0,4,'Cur:','','',6,10),(602,'f8ba1fd73bd7fc9cd4c34d29c43f7b0d',0,0,47,147,0,'FF',9,0,1,'Avg:','','',6,11),(603,'1c7b3f173002fbb7535745b084a86bfa',0,0,47,147,0,'FF',9,0,3,'Max:','','on',6,12),(604,'3af8d3ab9d28800e282afe4a21435652',0,0,47,148,25,'FF',8,0,1,'Com Insert','','',6,13),(605,'f0c149a27bd0713fe5ded911cb5fea3e',0,0,47,148,0,'FF',9,0,4,'Cur:','','',6,14),(606,'9adc871ac35a1d299694ad98316f7d86',0,0,47,148,0,'FF',9,0,1,'Avg:','','',6,15),(607,'860afadaed52b7db13b1753244639cad',0,0,47,148,0,'FF',9,0,3,'Max:','','on',6,16),(608,'e0359e2df0190e1a9a09b13269dd7657',0,0,47,153,22,'FF',8,0,1,'Com Update','','',6,17),(609,'6bd631c4e6180a001808e18e653ffdad',0,0,47,153,0,'FF',9,0,4,'Cur:','','',6,18),(610,'d56c67c9204e0ef3930ad08c9f88f18e',0,0,47,153,0,'FF',9,0,1,'Avg:','','',6,19),(611,'08fb1ac8a1a967ac7eb0d8e9448e5ee8',0,0,47,153,0,'FF',9,0,3,'Max:','','on',6,20),(612,'a88f1139043c3b7671adc09b6a07d86c',0,0,47,149,73,'FF',8,0,1,'Com Replace','','',6,21),(613,'430d27ff52c711a364612d16828871df',0,0,47,149,0,'FF',9,0,4,'Cur:','','',6,22),(614,'36e7baceb425ad27c731928c76c9e45a',0,0,47,149,0,'FF',9,0,1,'Avg:','','',6,23),(615,'100dbae77f81adb257efcbc1cc57ae3f',0,0,47,149,0,'FF',9,0,3,'Max:','','on',6,24),(616,'735f510ae982c05fa39793302cddda42',0,0,47,155,60,'FF',8,0,1,'Com Load','','',6,25),(617,'058ee9da209b619b4bc2320a185e9074',0,0,47,155,0,'FF',9,0,4,'Cur:','','',6,26),(618,'54c34f644ab432db574d6cc4210a17ae',0,0,47,155,0,'FF',9,0,1,'Avg:','','',6,27),(619,'3acc64545edd38de731fdff21c45f790',0,0,47,155,0,'FF',9,0,3,'Max:','','on',6,28),(620,'ecb13ef9d128278ce48bc61ba63982e4',0,0,47,146,43,'FF',8,0,1,'Com Delete Multi','','',6,29),(621,'71e775824e1d5b6665c701545a7ede25',0,0,47,146,0,'FF',9,0,4,'Cur:','','',6,30),(622,'1080ce68620ac9ce974e1ee64432239a',0,0,47,146,0,'FF',9,0,1,'Avg:','','',6,31),(623,'1d69fb349c635d51d220cf9f087346cc',0,0,47,146,0,'FF',9,0,3,'Max:','','on',6,32),(624,'f15c596e1a03887d1ff35dff0066d7ff',0,0,47,152,101,'FF',8,0,1,'Com Insert Select','','',6,33),(625,'181238ca7a5de200f15bff26c9386eb0',0,0,47,152,0,'FF',9,0,4,'Cur:','','',6,34),(626,'36208e3c88fe1dcbdb2d48367646db91',0,0,47,152,0,'FF',9,0,1,'Avg:','','',6,35),(627,'e23f356983345f281cec523ce06b811d',0,0,47,152,0,'FF',9,0,3,'Max:','','on',6,36),(628,'f549d1913a868d26f56e82630e4d743b',0,0,47,150,55,'FF',8,0,1,'Com Update Multi','','',6,37),(629,'65ae55f6b3a1a95ed5e3469fbfd7e516',0,0,47,150,0,'FF',9,0,4,'Cur:','','',6,38),(630,'39fd88b9507249a13b2ebeff8505567b',0,0,47,150,0,'FF',9,0,1,'Avg:','','',6,39),(631,'dbc20ab2c1f40ed2d6b39b2bd3b3a17b',0,0,47,150,0,'FF',9,0,3,'Max:','','on',6,40),(632,'9c07a00e281edeb5d8348b0ee2f5eab4',0,0,47,151,87,'FF',8,0,1,'Com Replace Select','','',6,41),(633,'96508bb2f618f79f1f5d8ef70aa42ae7',0,0,47,151,0,'FF',9,0,4,'Cur:','','',6,42),(634,'82105088462f61eeac14f30245c6087f',0,0,47,151,0,'FF',9,0,1,'Avg:','','',6,43),(635,'2a56292a9002a3eb03f718139b48b128',0,0,47,151,0,'FF',9,0,3,'Max:','','on',6,44),(636,'c56eef30cb2750b8c160595048a6fd40',0,0,48,157,105,'FF',7,0,1,'Select Full Join','','',6,1),(637,'7dddaf0db46aed1eed2da9b0af799bc3',0,0,48,157,0,'FF',9,0,4,'Cur:','','',6,2),(638,'9992f7d108b3a046ccd3ff9a4c3ecdf7',0,0,48,157,0,'FF',9,0,1,'Avg:','','',6,3),(639,'e8b78bd4b9eaf82a252a1982169363eb',0,0,48,157,0,'FF',9,0,3,'Max:','','on',6,4),(640,'27daf8c1e7a9aebf985c44bc937646ec',0,0,48,159,107,'FF',8,0,1,'Select Full Range Join','','',6,5),(641,'f23fbb5d3be74ee20efb914d08a849e8',0,0,48,159,0,'FF',9,0,4,'Cur:','','',6,6),(642,'6aef22e6514cfe8a3489c012f0f85fb0',0,0,48,159,0,'FF',9,0,1,'Avg:','','',6,7),(643,'239e1dacf1a673cae8000e7a22425c8f',0,0,48,159,0,'FF',9,0,3,'Max:','','on',6,8),(644,'83f1b2dbdab4e2d780683f8a9014f451',0,0,48,156,106,'FF',8,0,1,'Select Range','','',6,9),(645,'3ca5d0704e28b5c55bcb19325c12f101',0,0,48,156,0,'FF',9,0,4,'Cur:','','',6,10),(646,'f99f49daf66e88096d7615f2b1131192',0,0,48,156,0,'FF',9,0,1,'Avg:','','',6,11),(647,'b15bce4c94ef4df5ea1402105e458bd1',0,0,48,156,0,'FF',9,0,3,'Max:','','on',6,12),(648,'488c4bc114ba402b7ed472f7ceabccf2',0,0,48,160,108,'FF',8,0,1,'Select Range Check','','',6,13),(649,'ffdc03f26f6f691f460458e0fcfe1bc4',0,0,48,160,0,'FF',9,0,4,'Cur:','','',6,14),(650,'7b499ad32708b136c05842ad07f54896',0,0,48,160,0,'FF',9,0,1,'Avg:','','',6,15),(651,'f4286ff70508f23c03d619b8f8722c33',0,0,48,160,0,'FF',9,0,3,'Max:','','on',6,16),(652,'e23d1f843362c44acf88bcedb6de2a54',0,0,48,158,117,'FF',8,0,1,'Select Scan','','',6,17),(653,'3cb99e0ee36b28fc509f175201b90e4b',0,0,48,158,0,'FF',9,0,4,'Cur:','','',6,18),(654,'e6adff914ad87f65130e21b800e95955',0,0,48,158,0,'FF',9,0,1,'Avg:','','',6,19),(655,'9cb350c0003fc595cafd7095535b686a',0,0,48,158,0,'FF',9,0,3,'Max:','','on',6,20),(656,'45e3c5e3c0d7701a0b56c430e6fdcab9',0,0,49,161,31,'FF',7,0,1,'Sort Rows','','',6,1),(657,'3a41008db73a7cd74715875a8bd52451',0,0,49,161,0,'FF',9,0,4,'Cur:','','',6,2),(658,'3a133f5d14e06fee170c8ad7ef8de5c4',0,0,49,161,0,'FF',9,0,1,'Avg:','','',6,3),(659,'c2fa578d29043b002e2cae7ebd4736db',0,0,49,161,0,'FF',9,0,3,'Max:','','on',6,4),(660,'6083ab752c56ac346dfea41c113ff7a3',0,0,49,164,17,'FF',4,0,1,'Sort Range','','',6,5),(661,'8f01a56eeba5440b2fa838553db59fcd',0,0,49,164,0,'FF',9,0,4,'Cur:','','',6,6),(662,'23beafb7767a9a4f601e637972486958',0,0,49,164,0,'FF',9,0,1,'Avg:','','',6,7),(663,'456117e3d41e0b0b079a415ad46ef523',0,0,49,164,0,'FF',9,0,3,'Max:','','on',6,8),(664,'5ba3612031bfe6d070f78912b97c8d03',0,0,49,162,42,'FF',4,0,1,'Sort Merge Passes','','',6,9),(665,'8928744e7f6ac91022ba96fba38589e4',0,0,49,162,0,'FF',9,0,4,'Cur:','','',6,10),(666,'ad5819a6628719e7a49fdd8ac7ae97db',0,0,49,162,0,'FF',9,0,1,'Avg:','','',6,11),(667,'ffd49771ea557b9845ffc3f21169dfdf',0,0,49,162,0,'FF',9,0,3,'Max:','','on',6,12),(668,'89ac96e847224611f4b23ebe3c687182',0,0,49,163,10,'FF',4,0,1,'Sort Scan','','',6,13),(669,'1e640214365964c47ef1648a660b1b7c',0,0,49,163,0,'FF',9,0,4,'Cur:','','',6,14),(670,'0dbca0e7c3b7dc3c4aaf94545f73780f',0,0,49,163,0,'FF',9,0,1,'Avg:','','',6,15),(671,'505915e62a2a048e8e44697efc05685a',0,0,49,163,0,'FF',9,0,3,'Max:','','on',6,16),(672,'09a8c0e87dae4f0992ca91ab68ec5073',0,0,50,165,31,'FF',7,0,1,'Created Tmp Tables','','on',6,1),(673,'88983587ec40912f7323632c80c8d604',0,0,50,165,27,'FF',4,0,1,'Created Tmp Tables','','',6,2),(674,'3868c9f1c6a36578f03a37e589378ed5',0,0,50,165,0,'FF',9,0,4,'Cur:','','',6,3),(675,'adfd30ecf4b2fbfca111cf83f597928b',0,0,50,165,0,'FF',9,0,1,'Avg:','','',6,4),(676,'46d958f121c20c56e49e2649099ba494',0,0,50,165,0,'FF',9,0,3,'Max:','','on',6,5),(677,'4931d6a0ed43bbeb26cf42b8be7af622',0,0,50,167,48,'FF',4,0,1,'Created Tmp Disk Tables','','',6,6),(678,'b1ef407b7f6e0560296b6a1a8d6cf0cc',0,0,50,167,0,'FF',9,0,4,'Cur:','','',6,7),(679,'a4f1beec017b91120d0b7c8256144bc2',0,0,50,167,0,'FF',9,0,1,'Avg:','','',6,8),(680,'e12998eb863e61739ac92a950ea120d1',0,0,50,167,0,'FF',9,0,3,'Max:','','on',6,9),(681,'46267ac815f34fdabfa2229e4ceca4a3',0,0,50,166,17,'FF',5,0,1,'Created Tmp Files','','',6,10),(682,'4e440d1c26bbb47bc12f42893c811691',0,0,50,166,0,'FF',9,0,4,'Cur:','','',6,11),(683,'330a3ac3b383c1006dfa9abe85405ceb',0,0,50,166,0,'FF',9,0,1,'Avg:','','',6,12),(684,'ef72b720c40ffcb1be23085b710457b1',0,0,50,166,0,'FF',9,0,3,'Max:','','on',6,13),(685,'f9276bc645b301cb7ed35be16bfbf863',0,0,51,169,118,'FF',7,0,1,'Bytes Sent','','',6,1),(686,'cc9fe030f9b3acf9ca42f030097b8d59',0,0,51,169,0,'FF',9,0,4,'Cur:','','',6,2),(687,'061261483ac3a8baebd9e3f3e270002e',0,0,51,169,0,'FF',9,0,1,'Avg:','','',6,3),(688,'5421724540377f8b0c11deb852325fdb',0,0,51,169,0,'FF',9,0,3,'Max:','','on',6,4),(689,'2c3bc6cf1e7b659f900870349739fee2',0,0,51,168,119,'FF',7,16,1,'Bytes Received','','',6,5),(690,'39e91e27c91788433d0aa45874ca4a73',0,0,51,168,0,'FF',9,0,4,'Cur:','','',6,6),(691,'9e97e4b3c18e969f41f6996e8cca64e2',0,0,51,168,0,'FF',9,0,1,'Avg:','','',6,7),(692,'d927842a2873737a5b088611da3efa6e',0,0,51,168,0,'FF',9,0,3,'Max:','','on',6,8),(693,'462fc089f00bca62dd10b09b5862838f',0,0,52,172,120,'FF',7,0,1,'Pages Created','','',6,1),(694,'3c900059ae6cc8145ac328de111cc8a9',0,0,52,172,0,'FF',9,0,4,'Cur:','','',6,2),(695,'eec5ae6bc3c3ce86ac0a4b9d9ad07e5a',0,0,52,172,0,'FF',9,0,1,'Avg:','','',6,3),(696,'67e882593a3f67a8e3319cba1c881412',0,0,52,172,0,'FF',9,0,3,'Max:','','on',6,4),(697,'edf22d9ba85d806adb691f9d79450da3',0,0,52,171,121,'FF',8,0,1,'Pages Read','','',6,5),(698,'c7fe57ccf638845a30d74557ed005e62',0,0,52,171,0,'FF',9,0,4,'Cur:','','',6,6),(699,'8c232a2da0e09884bc124da80f451505',0,0,52,171,0,'FF',9,0,1,'Avg:','','',6,7),(700,'765aabd73eb15beeb616f4aaba657818',0,0,52,171,0,'FF',9,0,3,'Max:','','on',6,8),(701,'e0228f620c72daec30dcbdff9baa07da',0,0,52,170,122,'FF',7,0,1,'Pages Written','','',6,9),(702,'172bfa89f1bed5ce930a52737af78fa4',0,0,52,170,0,'FF',9,0,4,'Cur:','','',6,10),(703,'4d1b82e9640177b4c7d74fc29265f1b3',0,0,52,170,0,'FF',9,0,1,'Avg:','','',6,11),(704,'26cd06f682d8bd046412f1d3e2ec98d0',0,0,52,170,0,'FF',9,0,3,'Max:','','on',6,12),(705,'d21a9951ba8813a4505f2572e2bef676',0,0,53,178,9,'FF',4,0,1,'Pending Aio Log Ios','','',6,1),(706,'f03e27a71b81610e839262a2fb8ec4b7',0,0,53,178,0,'FF',9,0,4,'Cur:','','',6,2),(707,'1a0cbc1cba7bfd5cf5d641b6146c0c4b',0,0,53,178,0,'FF',9,0,1,'Avg:','','',6,3),(708,'08e80ca0dc28c401920dbd3540cf765a',0,0,53,178,0,'FF',9,0,3,'Max:','','on',6,4),(709,'ce67b7a964ab4c3bc8a1578e5dcc76f9',0,0,53,174,33,'FF',4,0,1,'Pending Aio Sync Ios','','',6,5),(710,'dd876c2147e37ff976803a18ef40371a',0,0,53,174,0,'FF',9,0,4,'Cur:','','',6,6),(711,'619e93ae2a74953949153852cc0621fe',0,0,53,174,0,'FF',9,0,1,'Avg:','','',6,7),(712,'76c4e95626c9cc0cec44da88decb3925',0,0,53,174,0,'FF',9,0,3,'Max:','','on',6,8),(713,'8aa736fa01c628e975b41252e512ec94',0,0,53,177,25,'FF',4,0,1,'Pending Buf Pool Flushes','','',6,9),(714,'65b2e3b048397ed0e1480b7319fb3443',0,0,53,177,0,'FF',9,0,4,'Cur:','','',6,10),(715,'c72917dfc5af5dd476f266520d425241',0,0,53,177,0,'FF',9,0,1,'Avg:','','',6,11),(716,'fc81f3cb45d20d13316d69a8574917dd',0,0,53,177,0,'FF',9,0,3,'Max:','','on',6,12),(717,'17582e94b4264ab817938c8bada78efa',0,0,53,175,90,'FF',4,0,1,'Pending Chkp Writes','','',6,13),(718,'db72e7d89fea92ef3e9abc3706b27b36',0,0,53,175,0,'FF',9,0,4,'Cur:','','',6,14),(719,'09946af875c05e210f8f70f01f24d93e',0,0,53,175,0,'FF',9,0,1,'Avg:','','',6,15),(720,'027cb7c607a2e0f20227cf3ebc5341f2',0,0,53,175,0,'FF',9,0,3,'Max:','','on',6,16),(721,'9673dcdfd1f439cf6ca7a8871d0979c9',0,0,53,173,7,'FF',4,0,1,'Pending Ibuf Aio Reads','','',6,17),(722,'e023366a6af291e1797b7c7d57fb7f79',0,0,53,173,0,'FF',9,0,4,'Cur:','','',6,18),(723,'e63fe4d64fc6eb41ad1d8745b36a3d04',0,0,53,173,0,'FF',9,0,1,'Avg:','','',6,19),(724,'2354e66e7c9a43f02c6b1e7d9e51dc91',0,0,53,173,0,'FF',9,0,3,'Max:','','on',6,20),(725,'db06f04a06097376c0bed252423c8c6c',0,0,53,181,10,'FF',4,0,1,'Pending Log Flushes','','',6,21),(726,'9cb48a22ccd7bd680511fb702b1dcf71',0,0,53,181,0,'FF',9,0,4,'Cur:','','',6,22),(727,'ad44daf07dfb9a2a4df14b3ec3ce8f58',0,0,53,181,0,'FF',9,0,1,'Avg:','','',6,23),(728,'8f525137edd9df0006f1eef9bfa69401',0,0,53,181,0,'FF',9,0,3,'Max:','','on',6,24),(729,'fe3f897a75b84aee639e832063610f27',0,0,53,179,60,'FF',4,0,1,'Pending Log Writes','','',6,25),(730,'9f014c0d51042ab5de5aa5dc04a35d87',0,0,53,179,0,'FF',9,0,4,'Cur:','','',6,26),(731,'19197f10e9a007e1ae58dbe0881d01e0',0,0,53,179,0,'FF',9,0,1,'Avg:','','',6,27),(732,'fbcf731f5ab559282403896740822952',0,0,53,179,0,'FF',9,0,3,'Max:','','on',6,28),(733,'15c67502eadf765f66179d6ca5d6761b',0,0,53,176,51,'FF',4,0,1,'Pending Normal Aio Reads','','',6,29),(734,'1dff5f52f49d6ae236c856e23d85a8a3',0,0,53,176,0,'FF',9,0,4,'Cur:','','',6,30),(735,'7542394e5b2210ee44e2f2fa5bef6042',0,0,53,176,0,'FF',9,0,1,'Avg:','','',6,31),(736,'e11cf5f3587dcf6e066fdef5fbff7818',0,0,53,176,0,'FF',9,0,3,'Max:','','on',6,32),(737,'b7525295600f757e9abaef973c74f418',0,0,53,180,102,'FF',4,0,1,'Pending Normal Aio Writes','','',6,33),(738,'00b2d22372be4021532bddf9a7b93792',0,0,53,180,0,'FF',9,0,4,'Cur:','','',6,34),(739,'ce1bb418cdf977ea49ceb48f2e6f6677',0,0,53,180,0,'FF',9,0,1,'Avg:','','',6,35),(740,'564854fe731da9f47140e39d1fdcb027',0,0,53,180,0,'FF',9,0,3,'Max:','','on',6,36),(741,'c423f770cd7c28ea828f07eafe8a0d8e',0,0,54,185,123,'FF',7,0,1,'Innodb Log Buffer Size','','',6,1),(742,'944a7ba19cd050a8a7bf97eaf92e2abd',0,0,54,185,0,'FF',9,0,4,'Cur:','','on',6,2),(743,'0b5c10093a46c828a111a7cec5a0185f',0,0,54,183,124,'FF',7,0,1,'Log Bytes Written','','',6,3),(744,'acf3d6e8c8956e88c608785f45b3aaf3',0,0,54,183,0,'FF',9,0,4,'Cur:','','',6,4),(745,'a65ab0ae13164a97f9a0ab34f157ef53',0,0,54,183,0,'FF',9,0,1,'Avg:','','',6,5),(746,'502ad627f2520ca965e29e693ef0289e',0,0,54,183,0,'FF',9,0,3,'Max:','','on',6,6),(747,'3e79586e910c279a76578637b0878d10',0,0,54,184,125,'FF',4,0,1,'Log Bytes Flushed','','',6,7),(748,'c0966b24084c40ef5a85e0febd2f4052',0,0,54,184,0,'FF',9,0,4,'Cur:','','',6,8),(749,'84554ec500c694be73d300733e1873a4',0,0,54,184,0,'FF',9,0,1,'Avg:','','',6,9),(750,'3e65794f011f26f044b88b7bda7c51de',0,0,54,184,0,'FF',9,0,3,'Max:','','on',6,10),(751,'da80bd49abd1bdea5a9cea349b0b199c',0,0,54,182,80,'FF',7,0,1,'Unflushed Log','','',6,11),(752,'316e2c71816a5c05bf978f1d66c122fe',0,0,54,182,0,'FF',9,0,4,'Cur:','','',6,12),(753,'ac65e2932e4436f728d862e1ffa4bff3',0,0,54,182,0,'FF',9,0,1,'Avg:','','',6,13),(754,'998cb4617d6e1f967542e3bec06c3758',0,0,54,182,0,'FF',9,0,3,'Max:','','on',6,14),(755,'c5b05fc456a9cad2a69a58ee3e56118a',0,0,55,186,94,'FF',4,0,1,'Binlog Cache Use','','',6,1),(756,'94bd92fcfd69ebdb73c3a3577dc7ef58',0,0,55,186,0,'FF',9,0,4,'Cur:','','',6,2),(757,'dd96f360449d720dbc16864dbb15e8fc',0,0,55,186,0,'FF',9,0,1,'Avg:','','',6,3),(758,'1699c5a26d871b28b9d4eb51eef53f8a',0,0,55,186,0,'FF',9,0,3,'Max:','','on',6,4),(759,'8bad3e47d6fb153fbc99794918fe2512',0,0,55,189,9,'FF',4,0,1,'Binlog Cache Disk Use','','',6,5),(760,'8032865a15e68e2e0555d22edd5ff42c',0,0,55,189,0,'FF',9,0,4,'Cur:','','',6,6),(761,'632bda96bd1eac81024969c449f204d7',0,0,55,189,0,'FF',9,0,1,'Avg:','','',6,7),(762,'0a539358313a62bfa639091d8517c498',0,0,55,189,0,'FF',9,0,3,'Max:','','on',6,8),(763,'d6582cb06b9d448e2c3c3bb6e50c50d5',0,0,55,187,58,'FF',4,0,1,'Binary Log Space','','',6,9),(764,'cb4d8c2db6435a9ccfc5f53862f02a3d',0,0,55,187,0,'FF',9,0,4,'Cur:','','',6,10),(765,'9d0b945724e324e22a604c72950b4ead',0,0,55,187,0,'FF',9,0,1,'Avg:','','',6,11),(766,'cd0efca302f184dd204924ee64df2fdf',0,0,55,187,0,'FF',9,0,3,'Max:','','on',6,12),(767,'857d639ccb42443ae1f6f9760aa635bc',0,0,55,188,52,'FF',4,0,1,'Relay Log Space','','',6,13),(768,'aa2b804807ffbf1e9e43e9a352842b6c',0,0,55,188,0,'FF',9,0,4,'Cur:','','',6,14),(769,'e785b7e00e316e6f4c32a0a377bf204d',0,0,55,188,0,'FF',9,0,1,'Avg:','','',6,15),(770,'abb03054799f429bf4b4a6c19bf5dc2d',0,0,55,188,0,'FF',9,0,3,'Max:','','on',6,16),(771,'c3a080885091b936617afd51968e86fe',0,0,56,190,52,'FF',4,0,1,'Innodb Transactions','','',6,1),(772,'8bbb9681ff7835d6d725f5f9de021f21',0,0,56,190,0,'FF',9,0,4,'Cur:','','',6,2),(773,'acbd62720c59a24b72df434f5f997be5',0,0,56,190,0,'FF',9,0,1,'Avg:','','',6,3),(774,'c2635e832f989960faa2710b780c48e8',0,0,56,190,0,'FF',9,0,3,'Max:','','on',6,4),(775,'1541676d140a4dac37656c772c56e83f',0,0,56,191,10,'FF',4,0,1,'Current Transactions','','',6,5),(776,'0d2599eaa11fd4e3f1c1f56df279df0a',0,0,56,191,0,'FF',9,0,4,'Cur:','','',6,6),(777,'a4557928a62844ccb487e73ec01aa6e0',0,0,56,191,0,'FF',9,0,1,'Avg:','','',6,7),(778,'2818ffcfcceaa49d0d0f1f2315af2006',0,0,56,191,0,'FF',9,0,3,'Max:','','on',6,8),(779,'b66a6d7a2ef6f29f92dd2cd07aa5ab55',0,0,56,192,33,'FF',4,0,1,'History List','','',6,9),(780,'b68ced42be8345b14d16c9e9e714a93e',0,0,56,192,0,'FF',9,0,4,'Cur:','','',6,10),(781,'b098dc91c0b51b21e318aaf2181238e4',0,0,56,192,0,'FF',9,0,1,'Avg:','','',6,11),(782,'fd6f9a810514cfb9bdf5bc9638394538',0,0,56,192,0,'FF',9,0,3,'Max:','','on',6,12),(783,'6d6d7abff63a7a52a1ee61168f8320a1',0,0,56,193,6,'FF',4,0,1,'Read Views','','',6,13),(784,'26bba3ca70e705b05186396a4379357f',0,0,56,193,0,'FF',9,0,4,'Cur:','','',6,14),(785,'58e550f8923ae74195585e11270de50a',0,0,56,193,0,'FF',9,0,1,'Avg:','','',6,15),(786,'8f81adca5b09f671a0ce364c66c910ad',0,0,56,193,0,'FF',9,0,3,'Max:','','on',6,16),(787,'1541676d140a4dac37656c772c56e83e',0,0,57,195,5,'FF',7,0,1,'Active Transactions','','',6,1),(788,'0d2599eaa11fd4e3f1c1f56df279df0e',0,0,57,195,0,'FF',9,0,4,'Cur:','','',6,2),(789,'a4557928a62844ccb487e73ec01aa6ee',0,0,57,195,0,'FF',9,0,1,'Avg:','','',6,3),(790,'2818ffcfcceaa49d0d0f1f2315af200e',0,0,57,195,0,'FF',9,0,3,'Max:','','on',6,4),(791,'1541676d140a4dac37656c772c56e83d',0,0,57,194,9,'FF',4,0,1,'Locked Transactions','','',6,5),(792,'0d2599eaa11fd4e3f1c1f56df279df0d',0,0,57,194,0,'FF',9,0,4,'Cur:','','',6,6),(793,'a4557928a62844ccb487e73ec01aa6ed',0,0,57,194,0,'FF',9,0,1,'Avg:','','',6,7),(794,'2818ffcfcceaa49d0d0f1f2315af200d',0,0,57,194,0,'FF',9,0,3,'Max:','','on',6,8),(795,'33a746dcc4a95dff1b433fee306e0684',0,0,58,199,126,'FF',7,0,1,'Table Cache','','',6,1),(796,'29c6a88d42f3f9bf18fd6d11ca87990d',0,0,58,199,0,'FF',9,0,4,'Cur:','','on',6,2),(797,'976798d4f86d71a171872e9f088885fc',0,0,58,198,127,'FF',4,0,1,'Open Tables','','',6,3),(798,'23f8dc021c342f1a836acc07dd9f6707',0,0,58,198,0,'FF',9,0,4,'Cur:','','',6,4),(799,'b28206886165e05ae5f8d4e2f5b0dc94',0,0,58,198,0,'FF',9,0,1,'Avg:','','',6,5),(800,'9890f3f876ae0ba5d63c7584c49899a5',0,0,58,198,0,'FF',9,0,3,'Max:','','on',6,6),(801,'d9dfa15dcbd8c9e1f48e0e6791898f47',0,0,58,197,128,'FF',4,0,1,'Open Files','','',6,7),(802,'80449a7ae5a282757b2b979be8390a2f',0,0,58,197,0,'FF',9,0,4,'Cur:','','',6,8),(803,'78b40b8618a0580d2c860bb21f9c0a9e',0,0,58,197,0,'FF',9,0,1,'Avg:','','',6,9),(804,'7ab18fafaba985d7dd05f1ecb320bee1',0,0,58,197,0,'FF',9,0,3,'Max:','','on',6,10),(805,'e7bb489f5d3384b0100ac76c4448bc79',0,0,58,196,49,'FF',4,0,1,'Opened Tables','','',6,11),(806,'ba5f7f8444ec9094a1db780cda473702',0,0,58,196,0,'FF',9,0,4,'Cur:','','',6,12),(807,'1b78488e57bdd0d87f443d4588be6577',0,0,58,196,0,'FF',9,0,1,'Avg:','','',6,13),(808,'5dbf7983e735e09f45d0e6ff19547089',0,0,58,196,0,'FF',9,0,3,'Max:','','on',6,14),(809,'ad46b6a1aa4f388b3abe0c49ca447cae',0,0,59,201,55,'FF',7,0,1,'Thread Cache Size','','',6,1),(810,'6585d5733853c43deb022b40ccfdbb30',0,0,59,201,0,'FF',9,0,4,'Cur:','','on',6,2),(811,'4b53caedc48f17e9c108b9e4f858b63a',0,0,59,200,49,'FF',4,0,1,'Threads Created','','',6,3),(812,'721c9388de416c984c2b58400c98cec0',0,0,59,200,0,'FF',9,0,4,'Cur:','','',6,4),(813,'c88f9d4ffcdcef3df7d82628195b5d74',0,0,59,200,0,'FF',9,0,1,'Avg:','','',6,5),(814,'4e64d92b5d72ef80783e7531a7af0912',0,0,59,200,0,'FF',9,0,3,'Max:','','on',6,6),(815,'0815097ed29bff1b2d4b43d4ffd7ffd5',0,0,60,202,129,'FF',7,0,1,'Total Mem Alloc','','',6,1),(816,'efc8ac3081f1694d17c797769de9da62',0,0,60,202,0,'FF',9,0,4,'Cur:','','',6,2),(817,'87b22b63083baab6e2e274f1e51536ed',0,0,60,202,0,'FF',9,0,1,'Avg:','','',6,3),(818,'02a184caf9b997611b77f03659c20feb',0,0,60,202,0,'FF',9,0,3,'Max:','','on',6,4),(819,'aef9157fabdcdb7ea8a5c97440b59223',0,0,60,203,130,'FF',4,0,1,'Additional Pool Alloc','','',6,5),(820,'3fd9a433e11c885832cd5c152febf655',0,0,60,203,0,'FF',9,0,4,'Cur:','','',6,6),(821,'c253d0f3374d0e342f7e8e85d529475a',0,0,60,203,0,'FF',9,0,1,'Avg:','','',6,7),(822,'e40d149a42c8b7ec40788180debe581b',0,0,60,203,0,'FF',9,0,3,'Max:','','on',6,8),(823,'7c39f0329b33f02fd56450700f59c8c1',0,0,61,204,131,'FF',7,0,1,'Hash Index Cells Total','','',6,1),(824,'b24264894ac48f742013d27e3b373df8',0,0,61,204,0,'FF',9,0,4,'Cur:','','',6,2),(825,'a1634ebb8e1446051704c4c6a3004097',0,0,61,204,0,'FF',9,0,1,'Avg:','','',6,3),(826,'a5ea01f22f25e767e6d1f1efa18d7118',0,0,61,204,0,'FF',9,0,3,'Max:','','on',6,4),(827,'3b9a6f37bfbb6bf2eceb4888c69ff56a',0,0,61,205,132,'FF',7,0,1,'Hash Index Cells Used','','',6,5),(828,'18a08df1eeea8630b86a23ff51a78811',0,0,61,205,0,'FF',9,0,4,'Cur:','','',6,6),(829,'dbe5a768874b97d0706584e810a0be7b',0,0,61,205,0,'FF',9,0,1,'Avg:','','',6,7),(830,'49a6ddd17afea61cf72fde31f47fcf05',0,0,61,205,0,'FF',9,0,3,'Max:','','on',6,8),(831,'63a310dc9339b7f10c47d9761196bf4d',0,0,62,212,113,'FF',7,0,1,'Adaptive Hash Memory','','',6,1),(832,'630b59f846deebdcf8379edeb3e53670',0,0,62,212,0,'FF',9,0,4,'Cur:','','',6,2),(833,'1f3795f4e95d0eb7e6fd90a8c02884f2',0,0,62,212,0,'FF',9,0,1,'Avg:','','',6,3),(834,'30cb8a77fd3386c4177cf3a40ad1b944',0,0,62,212,0,'FF',9,0,3,'Max:','','on',6,4),(835,'85989ba7392acc1ae764cef76960701d',0,0,62,208,114,'FF',8,0,1,'Page Hash Memory','','',6,5),(836,'1b8267e2ddf81459c1f3c377c2a23b88',0,0,62,208,0,'FF',9,0,4,'Cur:','','',6,6),(837,'3bd861a08f76b610ab395109f5ee406f',0,0,62,208,0,'FF',9,0,1,'Avg:','','',6,7),(838,'6705b66a17d9ede86437c61b4386ab4d',0,0,62,208,0,'FF',9,0,3,'Max:','','on',6,8),(839,'ea36d71fd9b3e4c7886d74d7543d2226',0,0,62,210,133,'FF',8,0,1,'Dictionary Cache Memory','','',6,9),(840,'1e05af0a8e28454101d04b4aadbf8deb',0,0,62,210,0,'FF',9,0,4,'Cur:','','',6,10),(841,'d8e93b989316a660acf676933a68cc47',0,0,62,210,0,'FF',9,0,1,'Avg:','','',6,11),(842,'51ed34bb59e4586c3c1e92318b7ab0f2',0,0,62,210,0,'FF',9,0,3,'Max:','','on',6,12),(843,'70a8dd6d6eb9823bf310f58c6afaf7d6',0,0,62,207,134,'FF',8,0,1,'File System Memory','','',6,13),(844,'144d56ef7bcd6402583dcbc7fc628350',0,0,62,207,0,'FF',9,0,4,'Cur:','','',6,14),(845,'a6322b11ccdc403f6b0f36e907e45ed0',0,0,62,207,0,'FF',9,0,1,'Avg:','','',6,15),(846,'0f7aae872217aba0aab873d534d85f58',0,0,62,207,0,'FF',9,0,3,'Max:','','on',6,16),(847,'729f04994479fd089be832c92a72389e',0,0,62,206,115,'FF',8,0,1,'Lock System Memory','','',6,17),(848,'6b7749d58f0b009d1ac62c8524fe6e44',0,0,62,206,0,'FF',9,0,4,'Cur:','','',6,18),(849,'2e995517fae725371e4acb0d7bb99cfe',0,0,62,206,0,'FF',9,0,1,'Avg:','','',6,19),(850,'02820480d00282e2ec768aceddc3c22e',0,0,62,206,0,'FF',9,0,3,'Max:','','on',6,20),(851,'7b6953f8ebe4836fe31db6e55f821349',0,0,62,211,135,'FF',8,0,1,'Recovery System Memory','','',6,21),(852,'108e43f0df54c13603a56c0f6e48f684',0,0,62,211,0,'FF',9,0,4,'Cur:','','',6,22),(853,'cf086a61d1fc50451cb21475ece123a9',0,0,62,211,0,'FF',9,0,1,'Avg:','','',6,23),(854,'a9829bdc0689b4d0b79e6516ff20a106',0,0,62,211,0,'FF',9,0,3,'Max:','','on',6,24),(855,'0cbeb4e296eeaaff0f701237b2581dea',0,0,62,209,136,'FF',8,0,1,'Thread Hash Memory','','',6,25),(856,'ad981a84e6115349fbc7a54d676bb38f',0,0,62,209,0,'FF',9,0,4,'Cur:','','',6,26),(857,'5945fe9b1d54ca80a46fd0612c0288df',0,0,62,209,0,'FF',9,0,1,'Avg:','','',6,27),(858,'8bb043d21b2291ab264ed968f9e5612e',0,0,62,209,0,'FF',9,0,3,'Max:','','on',6,28),(859,'632de2d2dba8e00ee255391cb39372ab',0,0,63,214,137,'FF',7,0,1,'Innodb Tables In Use','','',6,1),(860,'66d7ac2b40592af3638826799b3e6020',0,0,63,214,0,'FF',9,0,4,'Cur:','','',6,2),(861,'6b9ff0f513f19bb3d08041dd481e25a0',0,0,63,214,0,'FF',9,0,1,'Avg:','','',6,3),(862,'f670163b5e743a8c08277065e562daf7',0,0,63,214,0,'FF',9,0,3,'Max:','','on',6,4),(863,'13cc1753ad33975160421091dbc5e19c',0,0,63,213,138,'FF',4,0,1,'Innodb Locked Tables','','',6,5),(864,'4bcab5c82265d43f7d52763383342797',0,0,63,213,0,'FF',9,0,4,'Cur:','','',6,6),(865,'1de7b65567556cd43ee688675c3624ed',0,0,63,213,0,'FF',9,0,1,'Avg:','','',6,7),(866,'63d3d8efd94cd7b5725cb61c297c6c72',0,0,63,213,0,'FF',9,0,3,'Max:','','on',6,8),(867,'0b2eef3d5e7c44a96c4a7dfb670e29a0',0,0,64,215,139,'FF',4,0,1,'Innodb Lock Wait Secs','','',6,1),(868,'062b7dc73fae07a95d8cfa3985971ccb',0,0,64,215,0,'FF',9,0,4,'Cur:','','',6,2),(869,'6d0a8715b44360e867994a078862fe96',0,0,64,215,0,'FF',9,0,1,'Avg:','','',6,3),(870,'8dbed494d38d6c784d70964e514e2394',0,0,64,215,0,'FF',9,0,3,'Max:','','on',6,4),(871,'c5aa52bf7bb2be7caafc0a240badcb6f',0,0,65,216,131,'FF',4,0,1,'Innodb Lock Structs','','',6,1),(872,'ffcaf8999b3c538e2255f270b277f403',0,0,65,216,0,'FF',9,0,4,'Cur:','','',6,2),(873,'2a4b2f4e246f52587119e48150015af6',0,0,65,216,0,'FF',9,0,1,'Avg:','','',6,3),(874,'f1de18e0c7b05eab75a4665e8415aeaf',0,0,65,216,0,'FF',9,0,3,'Max:','','on',6,4),(875,'b0f6d70eb7b2ce641f143bf4bcebc8ab',0,0,66,217,140,'FF',4,0,1,'Uncheckpointed Bytes','','',6,1),(876,'8acca09fcba5c0fb1715f7eba8e00612',0,0,66,217,0,'FF',9,0,4,'Cur:','','',6,2),(877,'bae31ffd62ba3128bd9f6e337df94aff',0,0,66,217,0,'FF',9,0,1,'Avg:','','',6,3),(878,'873153cc754a3d3595b5536cee08a0cd',0,0,66,217,0,'FF',9,0,3,'Max:','','on',6,4),(879,'84e9d86de5c1114cfb8a1600cc3f88e7',0,0,67,219,49,'FF',7,0,1,'State Closing Tables','','',6,1),(880,'e7718d2cb9f2a22e250a741d404be8a6',0,0,67,219,0,'FF',9,0,4,'Cur:','','',6,2),(881,'6bbc94b9366ca53ae2b2ff6b6930cd1a',0,0,67,219,0,'FF',9,0,1,'Avg:','','',6,3),(882,'db21a5d6734464c7796f7571146a98a5',0,0,67,219,0,'FF',9,0,3,'Max:','','on',6,4),(883,'283e1a91c71b707665c5c91578780d61',0,0,67,226,141,'FF',8,0,1,'State Copying To Tmp Table','','',6,5),(884,'5ad8e662fab946269ec9dc6c33683ce2',0,0,67,226,0,'FF',9,0,4,'Cur:','','',6,6),(885,'6b5c2e71824c6843e225df9a3de07bc9',0,0,67,226,0,'FF',9,0,1,'Avg:','','',6,7),(886,'314e5704a31a9d38cb60ced5c37663ae',0,0,67,226,0,'FF',9,0,3,'Max:','','on',6,8),(887,'2a04a77295c535690870f758e74faedc',0,0,67,228,142,'FF',8,0,1,'State End','','',6,9),(888,'7a9bf3a9ed453411890b02042f32f95a',0,0,67,228,0,'FF',9,0,4,'Cur:','','',6,10),(889,'b7de1a6198895b29b660680128882004',0,0,67,228,0,'FF',9,0,1,'Avg:','','',6,11),(890,'c5ae4b0d5707dcf645b21625de3dd9a6',0,0,67,228,0,'FF',9,0,3,'Max:','','on',6,12),(891,'a4f6af1550598966dda534218cfd3784',0,0,67,223,143,'FF',8,0,1,'State Freeing Items','','',6,13),(892,'9a7e3da9807e775e05116cbdf2947480',0,0,67,223,0,'FF',9,0,4,'Cur:','','',6,14),(893,'84e5a85ee5ba28187eab33bdb12ed140',0,0,67,223,0,'FF',9,0,1,'Avg:','','',6,15),(894,'e363bff9440fa3c68fb9af3e1a9b3e99',0,0,67,223,0,'FF',9,0,3,'Max:','','on',6,16),(895,'7a82cd2cc8b648dce65c7ec3802462a4',0,0,67,222,144,'FF',8,0,1,'State Init','','',6,17),(896,'9cc8addbc34b486aa53bbb3e713b300c',0,0,67,222,0,'FF',9,0,4,'Cur:','','',6,18),(897,'20761ec1ddc008eb4656a7b9115e9226',0,0,67,222,0,'FF',9,0,1,'Avg:','','',6,19),(898,'8e043c9ad079fbe46cc04331c4b78e53',0,0,67,222,0,'FF',9,0,3,'Max:','','on',6,20),(899,'dcc867aef7185941f9371e2171a61a50',0,0,67,224,49,'FF',8,0,1,'State Locked','','',6,21),(900,'b09cf2592c17fb796d6df640d6427de7',0,0,67,224,0,'FF',9,0,4,'Cur:','','',6,22),(901,'2590b2a8908ac100ee28527808c110a5',0,0,67,224,0,'FF',9,0,1,'Avg:','','',6,23),(902,'c7441bddeb24900abf9a926cbaa2d577',0,0,67,224,0,'FF',9,0,3,'Max:','','on',6,24),(903,'96fad6b497522628c10b4cd019179603',0,0,67,218,145,'FF',8,0,1,'State Login','','',6,25),(904,'702974da20f0907184384840cac6578f',0,0,67,218,0,'FF',9,0,4,'Cur:','','',6,26),(905,'c7999f6a9beda2345f53265fff43d8ca',0,0,67,218,0,'FF',9,0,1,'Avg:','','',6,27),(906,'021c012fa5d9a5f7cf048b61c15f2da3',0,0,67,218,0,'FF',9,0,3,'Max:','','on',6,28),(907,'6d2c06c20e934bfed61a4a30646001fe',0,0,67,221,146,'FF',8,0,1,'State Preparing','','',6,29),(908,'5550d5816489d4068b92c549a60a9886',0,0,67,221,0,'FF',9,0,4,'Cur:','','',6,30),(909,'3a46d5f08fefb8dec8114bc50a144fc2',0,0,67,221,0,'FF',9,0,1,'Avg:','','',6,31),(910,'23e3b48ff55394e0139cebc3a5fcddc7',0,0,67,221,0,'FF',9,0,3,'Max:','','on',6,32),(911,'c358ddcea377a992a291c8a5aebf887f',0,0,67,230,147,'FF',8,0,1,'State Reading From Net','','',6,33),(912,'9530c1d35d09c7fdf35d92933f2c0b50',0,0,67,230,0,'FF',9,0,4,'Cur:','','',6,34),(913,'2fac9d6879067880e6b7ef45ade60c4f',0,0,67,230,0,'FF',9,0,1,'Avg:','','',6,35),(914,'3d97138092a0f13eaf08bf519e1d0b90',0,0,67,230,0,'FF',9,0,3,'Max:','','on',6,36),(915,'dddb98067b260e22b260651a8b5d7a8f',0,0,67,231,148,'FF',8,0,1,'State Sending Data','','',6,37),(916,'e06b233a1b546980db71108f39a12d7a',0,0,67,231,0,'FF',9,0,4,'Cur:','','',6,38),(917,'8fc73b57e2c7284e46fc66e0d41dfa53',0,0,67,231,0,'FF',9,0,1,'Avg:','','',6,39),(918,'5e0808e7926436f078884661ef815d4f',0,0,67,231,0,'FF',9,0,3,'Max:','','on',6,40),(919,'6570e5db3835b51ee3ab2ea64f37eafb',0,0,67,220,149,'FF',8,0,1,'State Sorting Result','','',6,41),(920,'6db3754986d28351e61cbcfdc603ccbc',0,0,67,220,0,'FF',9,0,4,'Cur:','','',6,42),(921,'48f85282ddef3c161cd7a66a382a08af',0,0,67,220,0,'FF',9,0,1,'Avg:','','',6,43),(922,'44876cff438108ab5e501bebb1fe41f7',0,0,67,220,0,'FF',9,0,3,'Max:','','on',6,44),(923,'e6089aed8d6ed3af0018a49944096d82',0,0,67,232,123,'FF',8,0,1,'State Statistics','','',6,45),(924,'4112a18aec131ee18b4e39d825a4b8ef',0,0,67,232,0,'FF',9,0,4,'Cur:','','',6,46),(925,'2eb1bb265440758e4589d6806e79c527',0,0,67,232,0,'FF',9,0,1,'Avg:','','',6,47),(926,'50df4a255c011b4ead7c0d6546b07aa3',0,0,67,232,0,'FF',9,0,3,'Max:','','on',6,48),(927,'b48d6e58a9527c743ee00315b6637ec2',0,0,67,233,150,'FF',8,0,1,'State Updating','','',6,49),(928,'090c9bfb3f5e5d982c5b94272a9f3883',0,0,67,233,0,'FF',9,0,4,'Cur:','','',6,50),(929,'830d7ad831e0464d3e28199959a7fa3f',0,0,67,233,0,'FF',9,0,1,'Avg:','','',6,51),(930,'182dbd0eb886db1f3bb0ad7158d83504',0,0,67,233,0,'FF',9,0,3,'Max:','','on',6,52),(931,'5a339642f5735a36037c707b9c06d982',0,0,67,225,151,'FF',8,0,1,'State Writing To Net','','',6,53),(932,'3b6956b1cd2a74f681c61b6f5df3d0c6',0,0,67,225,0,'FF',9,0,4,'Cur:','','',6,54),(933,'5cc2b7b09968e06252557662ca586ae6',0,0,67,225,0,'FF',9,0,1,'Avg:','','',6,55),(934,'23b2b07be24730bbc01a9c96f9430efe',0,0,67,225,0,'FF',9,0,3,'Max:','','on',6,56),(935,'ca492930762bbfb52ba41808d10fabf1',0,0,67,229,152,'FF',8,0,1,'State None','','',6,57),(936,'576fe9338095625df387e5d7b4e95351',0,0,67,229,0,'FF',9,0,4,'Cur:','','',6,58),(937,'70367a44b497d745c9952338aa8b1164',0,0,67,229,0,'FF',9,0,1,'Avg:','','',6,59),(938,'ace2ed6aea8edc90089129bdab7cf897',0,0,67,229,0,'FF',9,0,3,'Max:','','on',6,60),(939,'1f3acc29a48d9a807992ab48955a51d4',0,0,67,227,153,'FF',8,0,1,'State Other','','',6,61),(940,'56f9b28ee40df1491bb5cc765692ea10',0,0,67,227,0,'FF',9,0,4,'Cur:','','',6,62),(941,'7cf87142ef848654707e3ad68d75cc1f',0,0,67,227,0,'FF',9,0,1,'Avg:','','',6,63),(942,'5182ec6dfc1bfba9489cfa134369d1c3',0,0,67,227,0,'FF',9,0,3,'Max:','','on',6,64),(943,'a0d6308fd5387a54653b212439fd9c7f',0,0,68,234,49,'FF',4,0,1,'Handler Commit','','',6,1),(944,'9ab915226c64de24a54e1373bd59b998',0,0,68,234,0,'FF',9,0,4,'Cur:','','',6,2),(945,'ed0b172c7db9eed8e93cc94fada83986',0,0,68,234,0,'FF',9,0,1,'Avg:','','',6,3),(946,'a75e34678335c6666cb4feaa5a0d3ef5',0,0,68,234,0,'FF',9,0,3,'Max:','','on',6,4),(947,'a31c3a6d65ba6d5e5a3afb4bf39765d8',0,0,68,237,141,'FF',4,0,1,'Handler Rollback','','',6,5),(948,'b175d317caa4288fb2d48979efae75e4',0,0,68,237,0,'FF',9,0,4,'Cur:','','',6,6),(949,'004993f0ce626c6e507ddd57667aef79',0,0,68,237,0,'FF',9,0,1,'Avg:','','',6,7),(950,'23bf99e1e8698ce73f414945f017fa01',0,0,68,237,0,'FF',9,0,3,'Max:','','on',6,8),(951,'8cfe28a9423369260d0078c710c417a9',0,0,68,235,142,'FF',4,0,1,'Handler Savepoint','','',6,9),(952,'d5354f604591f333bb8af2191998eb76',0,0,68,235,0,'FF',9,0,4,'Cur:','','',6,10),(953,'c663d92dc8607c4e752599f1329c7017',0,0,68,235,0,'FF',9,0,1,'Avg:','','',6,11),(954,'802bcd10b066743e871e1d7a96bacd12',0,0,68,235,0,'FF',9,0,3,'Max:','','on',6,12),(955,'f22038a4fed6ff65452f98addfe71637',0,0,68,236,143,'FF',4,0,1,'Handler Savepoint Rollback','','',6,13),(956,'932ad5a8af70ec83a5f1dbf8228c4c35',0,0,68,236,0,'FF',9,0,4,'Cur:','','',6,14),(957,'05c5c84cc6597009600a1e9cf94d3ac8',0,0,68,236,0,'FF',9,0,1,'Avg:','','',6,15),(958,'6e0e8e688d0c3f0a810aa17540bf4434',0,0,68,236,0,'FF',9,0,3,'Max:','','on',6,16),(959,'2f3b82eca899a2d798c351715b0a73bb',0,0,69,243,154,'FF',7,0,1,'Handler Write','','',6,1),(960,'44efe367ec987847cae2e44f63fc9e2d',0,0,69,243,0,'FF',9,0,4,'Cur:','','',6,2),(961,'0aa3b8bf59de28c3f26f6e131164c79b',0,0,69,243,0,'FF',9,0,1,'Avg:','','',6,3),(962,'395cad31336f7c20c42f96edeba6a0ed',0,0,69,243,0,'FF',9,0,3,'Max:','','on',6,4),(963,'c3e36343135c4a9537acd15d23ae4491',0,0,69,245,155,'FF',8,0,1,'Handler Update','','',6,5),(964,'16908eb047f2db8c2c85fbf233cb4c6f',0,0,69,245,0,'FF',9,0,4,'Cur:','','',6,6),(965,'7529d36af9e6ca08cea6845086d91483',0,0,69,245,0,'FF',9,0,1,'Avg:','','',6,7),(966,'1179ba39d450ad09e1f16fc343f2c370',0,0,69,245,0,'FF',9,0,3,'Max:','','on',6,8),(967,'4aefd45b2ca5aa903a76754c3f091616',0,0,69,238,156,'FF',8,0,1,'Handler Delete','','',6,9),(968,'8d526c0914ee78f36af74ecb691b0d32',0,0,69,238,0,'FF',9,0,4,'Cur:','','',6,10),(969,'2e57eddeb93ad45d94a461dd9184cb1f',0,0,69,238,0,'FF',9,0,1,'Avg:','','',6,11),(970,'95e1c9a1d758878b889c7973ec70526b',0,0,69,238,0,'FF',9,0,3,'Max:','','on',6,12),(971,'cc432e2b88b1092c8c299123f7a39c34',0,0,69,239,157,'FF',8,0,1,'Handler Read First','','',6,13),(972,'0c11c5a8d02d9654a187be7d9c95608f',0,0,69,239,0,'FF',9,0,4,'Cur:','','',6,14),(973,'d2f951f9036b66e3f96a3a5bd5dc94b1',0,0,69,239,0,'FF',9,0,1,'Avg:','','',6,15),(974,'a53abbc97fd289d27dd818b01b8442ca',0,0,69,239,0,'FF',9,0,3,'Max:','','on',6,16),(975,'822f8b8d593037f40e7b78ebc7956033',0,0,69,241,158,'FF',8,0,1,'Handler Read Key','','',6,17),(976,'3f8a67d26a8a428552abc8b20bb25609',0,0,69,241,0,'FF',9,0,4,'Cur:','','',6,18),(977,'e770a47d99bdd5c034438149e41e0cba',0,0,69,241,0,'FF',9,0,1,'Avg:','','',6,19),(978,'7e36c221ad2adff08bde11a966961df0',0,0,69,241,0,'FF',9,0,3,'Max:','','on',6,20),(979,'8a1a540ae4277ecdbf28840c90f174cb',0,0,69,246,130,'FF',8,0,1,'Handler Read Next','','',6,21),(980,'73b50c32caa2ce49974f8a4c5d85c1c7',0,0,69,246,0,'FF',9,0,4,'Cur:','','',6,22),(981,'d126b879ae83877b5cf7938c52b3851b',0,0,69,246,0,'FF',9,0,1,'Avg:','','',6,23),(982,'93efd62d913c2e1e17876cbf9b017953',0,0,69,246,0,'FF',9,0,3,'Max:','','on',6,24),(983,'75b3a4893c79ecbe714afa4ee85109eb',0,0,69,240,159,'FF',8,0,1,'Handler Read Prev','','',6,25),(984,'54887db14f8078ca029841c343579f32',0,0,69,240,0,'FF',9,0,4,'Cur:','','',6,26),(985,'71bfac99073e0ed9acfa4edfe0dbe44b',0,0,69,240,0,'FF',9,0,1,'Avg:','','',6,27),(986,'3184eb2aad7890a485ac36ec0650390e',0,0,69,240,0,'FF',9,0,3,'Max:','','on',6,28),(987,'5480c58191fed36ffa0790fb0c8fb590',0,0,69,244,160,'FF',8,0,1,'Handler Read Rnd','','',6,29),(988,'e32fde6412e828ea258a0c10763a4dc9',0,0,69,244,0,'FF',9,0,4,'Cur:','','',6,30),(989,'217f195626c6439921bb8a74a8b4974a',0,0,69,244,0,'FF',9,0,1,'Avg:','','',6,31),(990,'cc2be38e50259bb623ecfcd5ee207ea4',0,0,69,244,0,'FF',9,0,3,'Max:','','on',6,32),(991,'f5d1d89f25f5091745f6494bc2ee237a',0,0,69,242,161,'FF',8,0,1,'Handler Read Rnd Next','','',6,33),(992,'c31b04a0275a02837d12d1669f97eedb',0,0,69,242,0,'FF',9,0,4,'Cur:','','',6,34),(993,'d75b4a16e74c8ca9bc4fe3c93669953e',0,0,69,242,0,'FF',9,0,1,'Avg:','','',6,35),(994,'9c6e4a16fee8b34ec64469a3994c63bc',0,0,69,242,0,'FF',9,0,3,'Max:','','on',6,36),(995,'',427,5,36,250,105,'FF',7,0,1,'Pool Size','','',6,1),(996,'',428,5,36,250,0,'FF',9,0,4,'Cur:','','on',6,2),(997,'',429,5,36,249,106,'FF',7,0,1,'Database Pages','','',6,3),(998,'',430,5,36,249,0,'FF',9,0,4,'Cur:','','',6,4),(999,'',431,5,36,249,0,'FF',9,0,1,'Avg:','','',6,5),(1000,'',432,5,36,249,0,'FF',9,0,3,'Max:','','on',6,6),(1001,'',433,5,36,247,107,'FF',8,0,1,'Free Pages','','',6,7),(1002,'',434,5,36,247,0,'FF',9,0,4,'Cur:','','',6,8),(1003,'',435,5,36,247,0,'FF',9,0,1,'Avg:','','',6,9),(1004,'',436,5,36,247,0,'FF',9,0,3,'Max:','','on',6,10),(1005,'',437,5,36,248,108,'FF',4,0,1,'Modified Pages','','',6,11),(1006,'',438,5,36,248,0,'FF',9,0,4,'Cur:','','',6,12),(1007,'',439,5,36,248,0,'FF',9,0,1,'Avg:','','',6,13),(1008,'',440,5,36,248,0,'FF',9,0,3,'Max:','','on',6,14),(1009,'',592,6,47,260,38,'FF',7,0,1,'Questions','','',6,1),(1010,'',593,6,47,260,0,'FF',9,0,4,'Cur:','','',6,2),(1011,'',594,6,47,260,0,'FF',9,0,1,'Avg:','','',6,3),(1012,'',595,6,47,260,0,'FF',9,0,3,'Max:','','on',6,4),(1013,'',596,6,47,251,9,'FF',7,0,1,'Com Select','','',6,5),(1014,'',597,6,47,251,0,'FF',9,0,4,'Cur:','','',6,6),(1015,'',598,6,47,251,0,'FF',9,0,1,'Avg:','','',6,7),(1016,'',599,6,47,251,0,'FF',9,0,3,'Max:','','on',6,8),(1017,'',600,6,47,253,33,'FF',8,0,1,'Com Delete','','',6,9),(1018,'',601,6,47,253,0,'FF',9,0,4,'Cur:','','',6,10),(1019,'',602,6,47,253,0,'FF',9,0,1,'Avg:','','',6,11),(1020,'',603,6,47,253,0,'FF',9,0,3,'Max:','','on',6,12),(1021,'',604,6,47,254,25,'FF',8,0,1,'Com Insert','','',6,13),(1022,'',605,6,47,254,0,'FF',9,0,4,'Cur:','','',6,14),(1023,'',606,6,47,254,0,'FF',9,0,1,'Avg:','','',6,15),(1024,'',607,6,47,254,0,'FF',9,0,3,'Max:','','on',6,16),(1025,'',608,6,47,259,22,'FF',8,0,1,'Com Update','','',6,17),(1026,'',609,6,47,259,0,'FF',9,0,4,'Cur:','','',6,18),(1027,'',610,6,47,259,0,'FF',9,0,1,'Avg:','','',6,19),(1028,'',611,6,47,259,0,'FF',9,0,3,'Max:','','on',6,20),(1029,'',612,6,47,255,73,'FF',8,0,1,'Com Replace','','',6,21),(1030,'',613,6,47,255,0,'FF',9,0,4,'Cur:','','',6,22),(1031,'',614,6,47,255,0,'FF',9,0,1,'Avg:','','',6,23),(1032,'',615,6,47,255,0,'FF',9,0,3,'Max:','','on',6,24),(1033,'',616,6,47,261,60,'FF',8,0,1,'Com Load','','',6,25),(1034,'',617,6,47,261,0,'FF',9,0,4,'Cur:','','',6,26),(1035,'',618,6,47,261,0,'FF',9,0,1,'Avg:','','',6,27),(1036,'',619,6,47,261,0,'FF',9,0,3,'Max:','','on',6,28),(1037,'',620,6,47,252,43,'FF',8,0,1,'Com Delete Multi','','',6,29),(1038,'',621,6,47,252,0,'FF',9,0,4,'Cur:','','',6,30),(1039,'',622,6,47,252,0,'FF',9,0,1,'Avg:','','',6,31),(1040,'',623,6,47,252,0,'FF',9,0,3,'Max:','','on',6,32),(1041,'',624,6,47,258,101,'FF',8,0,1,'Com Insert Select','','',6,33),(1042,'',625,6,47,258,0,'FF',9,0,4,'Cur:','','',6,34),(1043,'',626,6,47,258,0,'FF',9,0,1,'Avg:','','',6,35),(1044,'',627,6,47,258,0,'FF',9,0,3,'Max:','','on',6,36),(1045,'',628,6,47,256,55,'FF',8,0,1,'Com Update Multi','','',6,37),(1046,'',629,6,47,256,0,'FF',9,0,4,'Cur:','','',6,38),(1047,'',630,6,47,256,0,'FF',9,0,1,'Avg:','','',6,39),(1048,'',631,6,47,256,0,'FF',9,0,3,'Max:','','on',6,40),(1049,'',632,6,47,257,87,'FF',8,0,1,'Com Replace Select','','',6,41),(1050,'',633,6,47,257,0,'FF',9,0,4,'Cur:','','',6,42),(1051,'',634,6,47,257,0,'FF',9,0,1,'Avg:','','',6,43),(1052,'',635,6,47,257,0,'FF',9,0,3,'Max:','','on',6,44),(1053,'',522,7,43,264,5,'FF',7,0,1,'Max Connections','','',6,1),(1054,'',523,7,43,264,0,'FF',9,0,4,'Cur:','','on',6,2),(1055,'',524,7,43,265,29,'FF',7,0,1,'Max Used Connections','','',6,3),(1056,'',525,7,43,265,0,'FF',9,0,4,'Cur:','','on',6,4),(1057,'',526,7,43,266,44,'FF',4,0,1,'Aborted Clients','','',6,5),(1058,'',527,7,43,266,0,'FF',9,0,4,'Cur:','','',6,6),(1059,'',528,7,43,266,0,'FF',9,0,1,'Avg:','','',6,7),(1060,'',529,7,43,266,0,'FF',9,0,3,'Max:','','on',6,8),(1061,'',530,7,43,267,12,'FF',4,0,1,'Aborted Connects','','',6,9),(1062,'',531,7,43,267,0,'FF',9,0,4,'Cur:','','',6,10),(1063,'',532,7,43,267,0,'FF',9,0,1,'Avg:','','',6,11),(1064,'',533,7,43,267,0,'FF',9,0,3,'Max:','','on',6,12),(1065,'',534,7,43,262,33,'FF',5,0,1,'Threads Connected','','',6,13),(1066,'',535,7,43,262,0,'FF',9,0,4,'Cur:','','',6,14),(1067,'',536,7,43,262,0,'FF',9,0,1,'Avg:','','',6,15),(1068,'',537,7,43,262,0,'FF',9,0,3,'Max:','','on',6,16),(1069,'',538,7,43,263,10,'FF',4,0,1,'Connections','','',6,17),(1070,'',539,7,43,263,0,'FF',9,0,4,'Cur:','','',6,18),(1071,'',540,7,43,263,0,'FF',9,0,1,'Avg:','','',6,19),(1072,'',541,7,43,263,0,'FF',9,0,3,'Max:','','on',6,20),(1073,'',795,8,58,271,126,'FF',7,0,1,'Table Cache','','',6,1),(1074,'',796,8,58,271,0,'FF',9,0,4,'Cur:','','on',6,2),(1075,'',797,8,58,270,127,'FF',4,0,1,'Open Tables','','',6,3),(1076,'',798,8,58,270,0,'FF',9,0,4,'Cur:','','',6,4),(1077,'',799,8,58,270,0,'FF',9,0,1,'Avg:','','',6,5),(1078,'',800,8,58,270,0,'FF',9,0,3,'Max:','','on',6,6),(1079,'',801,8,58,269,128,'FF',4,0,1,'Open Files','','',6,7),(1080,'',802,8,58,269,0,'FF',9,0,4,'Cur:','','',6,8),(1081,'',803,8,58,269,0,'FF',9,0,1,'Avg:','','',6,9),(1082,'',804,8,58,269,0,'FF',9,0,3,'Max:','','on',6,10),(1083,'',805,8,58,268,49,'FF',4,0,1,'Opened Tables','','',6,11),(1084,'',806,8,58,268,0,'FF',9,0,4,'Cur:','','',6,12),(1085,'',807,8,58,268,0,'FF',9,0,1,'Avg:','','',6,13),(1086,'',808,8,58,268,0,'FF',9,0,3,'Max:','','on',6,14),(1087,'',685,9,51,273,118,'FF',7,0,1,'Bytes Sent','','',6,1),(1088,'',686,9,51,273,0,'FF',9,0,4,'Cur:','','',6,2),(1089,'',687,9,51,273,0,'FF',9,0,1,'Avg:','','',6,3),(1090,'',688,9,51,273,0,'FF',9,0,3,'Max:','','on',6,4),(1091,'',689,9,51,272,119,'FF',7,16,1,'Bytes Received','','',6,5),(1092,'',690,9,51,272,0,'FF',9,0,4,'Cur:','','',6,6),(1093,'',691,9,51,272,0,'FF',9,0,1,'Avg:','','',6,7),(1094,'',692,9,51,272,0,'FF',9,0,3,'Max:','','on',6,8),(1095,'',556,10,45,276,10,'FF',5,0,1,'Qcache Queries In Cache','','',6,1),(1096,'',557,10,45,276,0,'FF',9,0,4,'Cur:','','',6,2),(1097,'',558,10,45,276,0,'FF',9,0,1,'Avg:','','',6,3),(1098,'',559,10,45,276,0,'FF',9,0,3,'Max:','','on',6,4),(1099,'',560,10,45,278,28,'FF',5,0,1,'Qcache Hits','','',6,5),(1100,'',561,10,45,278,0,'FF',9,0,4,'Cur:','','',6,6),(1101,'',562,10,45,278,0,'FF',9,0,1,'Avg:','','',6,7),(1102,'',563,10,45,278,0,'FF',9,0,3,'Max:','','on',6,8),(1103,'',564,10,45,274,17,'FF',4,0,1,'Qcache Inserts','','',6,9),(1104,'',565,10,45,274,0,'FF',9,0,4,'Cur:','','',6,10),(1105,'',566,10,45,274,0,'FF',9,0,1,'Avg:','','',6,11),(1106,'',567,10,45,274,0,'FF',9,0,3,'Max:','','on',6,12),(1107,'',568,10,45,277,77,'FF',4,0,1,'Qcache Not Cached','','',6,13),(1108,'',569,10,45,277,0,'FF',9,0,4,'Cur:','','',6,14),(1109,'',570,10,45,277,0,'FF',9,0,1,'Avg:','','',6,15),(1110,'',571,10,45,277,0,'FF',9,0,3,'Max:','','on',6,16),(1111,'',572,10,45,275,9,'FF',4,0,1,'Qcache Lowmem Prunes','','',6,17),(1112,'',573,10,45,275,0,'FF',9,0,4,'Cur:','','',6,18),(1113,'',574,10,45,275,0,'FF',9,0,1,'Avg:','','',6,19),(1114,'',575,10,45,275,0,'FF',9,0,3,'Max:','','on',6,20),(1115,'',672,11,50,279,31,'FF',7,0,1,'Created Tmp Tables','','on',6,1),(1116,'',673,11,50,279,27,'FF',4,0,1,'Created Tmp Tables','','',6,2),(1117,'',674,11,50,279,0,'FF',9,0,4,'Cur:','','',6,3),(1118,'',675,11,50,279,0,'FF',9,0,1,'Avg:','','',6,4),(1119,'',676,11,50,279,0,'FF',9,0,3,'Max:','','on',6,5),(1120,'',677,11,50,281,48,'FF',4,0,1,'Created Tmp Disk Tables','','',6,6),(1121,'',678,11,50,281,0,'FF',9,0,4,'Cur:','','',6,7),(1122,'',679,11,50,281,0,'FF',9,0,1,'Avg:','','',6,8),(1123,'',680,11,50,281,0,'FF',9,0,3,'Max:','','on',6,9),(1124,'',681,11,50,280,17,'FF',5,0,1,'Created Tmp Files','','',6,10),(1125,'',682,11,50,280,0,'FF',9,0,4,'Cur:','','',6,11),(1126,'',683,11,50,280,0,'FF',9,0,1,'Avg:','','',6,12),(1127,'',684,11,50,280,0,'FF',9,0,3,'Max:','','on',6,13),(1128,'',509,12,42,282,63,'FF',7,0,1,'Table Locks Immediate','','on',6,1),(1129,'',510,12,42,282,72,'FF',4,0,1,'Table Locks Immediate','','',6,2),(1130,'',511,12,42,282,0,'FF',9,0,4,'Cur:','','',6,3),(1131,'',512,12,42,282,0,'FF',9,0,1,'Avg:','','',6,4),(1132,'',513,12,42,282,0,'FF',9,0,3,'Max:','','on',6,5),(1133,'',514,12,42,284,44,'FF',7,0,1,'Table Locks Waited','','',6,6),(1134,'',515,12,42,284,0,'FF',9,0,4,'Cur:','','',6,7),(1135,'',516,12,42,284,0,'FF',9,0,1,'Avg:','','',6,8),(1136,'',517,12,42,284,0,'FF',9,0,3,'Max:','','on',6,9),(1137,'',518,12,42,283,94,'FF',4,0,1,'Slow Queries','','',6,10),(1138,'',519,12,42,283,0,'FF',9,0,4,'Cur:','','',6,11),(1139,'',520,12,42,283,0,'FF',9,0,1,'Avg:','','',6,12),(1140,'',521,12,42,283,0,'FF',9,0,3,'Max:','','on',6,13),(1371,'',37,28,4,342,12,'FF',8,0,1,'Nice','','',2,9),(1370,'',36,28,4,344,0,'FF',9,0,3,'Maximum:','','on',2,8),(1369,'',35,28,4,344,0,'FF',9,0,1,'Average:','','',2,7),(1368,'',34,28,4,344,0,'FF',9,0,4,'Current:','','',2,6),(1367,'',33,28,4,344,21,'FF',8,0,1,'User','','',2,5),(1366,'',32,28,4,343,0,'FF',9,0,3,'Maximum:','','on',2,4),(1365,'',31,28,4,343,0,'FF',9,0,1,'Average:','','',2,3),(1364,'',30,28,4,343,0,'FF',9,0,4,'Current:','','',2,2),(1363,'',29,28,4,343,9,'FF',7,0,1,'System','','',2,1),(1362,'',16,27,2,341,0,'FF',9,2,3,'Maximum:','','on',2,8),(1361,'',15,27,2,341,0,'FF',9,2,1,'Average:','','',2,7),(1360,'',14,27,2,341,0,'FF',9,2,4,'Current:','','',2,6),(1359,'',13,27,2,341,20,'FF',4,2,1,'Outbound','','',2,5),(1358,'',12,27,2,340,0,'FF',9,2,3,'Maximum:','','on',2,4),(1357,'',11,27,2,340,0,'FF',9,2,1,'Average:','','',2,3),(1356,'',10,27,2,340,0,'FF',9,2,4,'Current:','','',2,2),(1355,'',9,27,2,340,22,'FF',7,2,1,'Inbound','','',2,1),(1354,'',635,26,47,335,0,'FF',9,0,3,'Max:','','on',6,44),(1353,'',634,26,47,335,0,'FF',9,0,1,'Avg:','','',6,43),(1352,'',633,26,47,335,0,'FF',9,0,4,'Cur:','','',6,42),(1351,'',632,26,47,335,87,'FF',8,0,1,'Com Replace Select','','',6,41),(1350,'',631,26,47,334,0,'FF',9,0,3,'Max:','','on',6,40),(1349,'',630,26,47,334,0,'FF',9,0,1,'Avg:','','',6,39),(1348,'',629,26,47,334,0,'FF',9,0,4,'Cur:','','',6,38),(1347,'',628,26,47,334,55,'FF',8,0,1,'Com Update Multi','','',6,37),(1346,'',627,26,47,336,0,'FF',9,0,3,'Max:','','on',6,36),(1345,'',626,26,47,336,0,'FF',9,0,1,'Avg:','','',6,35),(1344,'',625,26,47,336,0,'FF',9,0,4,'Cur:','','',6,34),(1343,'',624,26,47,336,101,'FF',8,0,1,'Com Insert Select','','',6,33),(1342,'',623,26,47,330,0,'FF',9,0,3,'Max:','','on',6,32),(1341,'',622,26,47,330,0,'FF',9,0,1,'Avg:','','',6,31),(1340,'',621,26,47,330,0,'FF',9,0,4,'Cur:','','',6,30),(1339,'',620,26,47,330,43,'FF',8,0,1,'Com Delete Multi','','',6,29),(1338,'',619,26,47,339,0,'FF',9,0,3,'Max:','','on',6,28),(1337,'',618,26,47,339,0,'FF',9,0,1,'Avg:','','',6,27),(1336,'',617,26,47,339,0,'FF',9,0,4,'Cur:','','',6,26),(1335,'',616,26,47,339,60,'FF',8,0,1,'Com Load','','',6,25),(1334,'',615,26,47,333,0,'FF',9,0,3,'Max:','','on',6,24),(1333,'',614,26,47,333,0,'FF',9,0,1,'Avg:','','',6,23),(1332,'',613,26,47,333,0,'FF',9,0,4,'Cur:','','',6,22),(1331,'',612,26,47,333,73,'FF',8,0,1,'Com Replace','','',6,21),(1330,'',611,26,47,337,0,'FF',9,0,3,'Max:','','on',6,20),(1329,'',610,26,47,337,0,'FF',9,0,1,'Avg:','','',6,19),(1328,'',609,26,47,337,0,'FF',9,0,4,'Cur:','','',6,18),(1327,'',608,26,47,337,22,'FF',8,0,1,'Com Update','','',6,17),(1326,'',607,26,47,332,0,'FF',9,0,3,'Max:','','on',6,16),(1325,'',606,26,47,332,0,'FF',9,0,1,'Avg:','','',6,15),(1324,'',605,26,47,332,0,'FF',9,0,4,'Cur:','','',6,14),(1323,'',604,26,47,332,25,'FF',8,0,1,'Com Insert','','',6,13),(1322,'',603,26,47,331,0,'FF',9,0,3,'Max:','','on',6,12),(1321,'',602,26,47,331,0,'FF',9,0,1,'Avg:','','',6,11),(1320,'',601,26,47,331,0,'FF',9,0,4,'Cur:','','',6,10),(1319,'',600,26,47,331,33,'FF',8,0,1,'Com Delete','','',6,9),(1318,'',599,26,47,329,0,'FF',9,0,3,'Max:','','on',6,8),(1317,'',598,26,47,329,0,'FF',9,0,1,'Avg:','','',6,7),(1316,'',597,26,47,329,0,'FF',9,0,4,'Cur:','','',6,6),(1315,'',596,26,47,329,9,'FF',7,0,1,'Com Select','','',6,5),(1314,'',595,26,47,338,0,'FF',9,0,3,'Max:','','on',6,4),(1313,'',594,26,47,338,0,'FF',9,0,1,'Avg:','','',6,3),(1312,'',593,26,47,338,0,'FF',9,0,4,'Cur:','','',6,2),(1311,'',592,26,47,338,38,'FF',7,0,1,'Questions','','',6,1),(1310,'',406,25,13,327,0,'FF',9,14,3,'Maximum:','','on',2,12),(1309,'',405,25,13,327,0,'FF',9,14,1,'Average:','','',2,11),(1308,'',404,25,13,327,0,'FF',9,14,4,'Current:','','',2,10),(1307,'',403,25,13,327,30,'FF',8,14,1,'Cache Memory','','',2,9),(1306,'',110,25,13,326,0,'FF',9,14,3,'Maximum:','','on',2,8),(1305,'',109,25,13,326,0,'FF',9,14,1,'Average:','','',2,7),(1304,'',108,25,13,326,0,'FF',9,14,4,'Current:','','',2,6),(1303,'',107,25,13,326,35,'FF',8,14,1,'Memory Buffers','','',2,5),(1302,'',106,25,13,328,0,'FF',9,14,3,'Maximum:','','on',2,4),(1301,'',105,25,13,328,0,'FF',9,14,1,'Average:','','',2,3),(1300,'',104,25,13,328,0,'FF',9,14,4,'Current:','','',2,2),(1299,'',103,25,13,328,52,'FF',7,14,1,'Memory Free','','',2,1),(1298,'',86,24,11,0,1,'FF',4,12,1,'Total','','on',2,7),(1297,'',85,24,11,324,0,'FF',9,0,4,'Current:','','on',4,6),(1296,'',84,24,11,324,9,'FF',8,0,1,'15 Minute Average','','',2,5),(1295,'',83,24,11,325,0,'FF',9,0,4,'Current:','','on',4,4),(1294,'',82,24,11,325,8,'FF',8,0,1,'5 Minute Average','','',2,3),(1293,'',81,24,11,323,0,'FF',9,0,4,'Current:','','on',4,2),(1292,'',80,24,11,323,15,'FF',7,0,1,'1 Minute Average','','',2,1),(1291,'',44,23,4,0,0,'FF',9,12,3,'Maximum:','','on',2,16),(1290,'',43,23,4,0,0,'FF',9,12,1,'Average:','','',2,15),(1289,'',42,23,4,0,0,'FF',9,12,4,'Current:','','',2,14),(1288,'',41,23,4,0,1,'FF',4,12,1,'Total','','',2,13),(1287,'',40,23,4,320,0,'FF',9,0,3,'Maximum:','','on',2,12),(1286,'',39,23,4,320,0,'FF',9,0,1,'Average:','','',2,11),(1285,'',38,23,4,320,0,'FF',9,0,4,'Current:','','',2,10),(1284,'',37,23,4,320,12,'FF',8,0,1,'Nice','','',2,9),(1283,'',36,23,4,322,0,'FF',9,0,3,'Maximum:','','on',2,8),(1282,'',35,23,4,322,0,'FF',9,0,1,'Average:','','',2,7),(1281,'',34,23,4,322,0,'FF',9,0,4,'Current:','','',2,6),(1280,'',33,23,4,322,21,'FF',8,0,1,'User','','',2,5),(1279,'',32,23,4,321,0,'FF',9,0,3,'Maximum:','','on',2,4),(1278,'',31,23,4,321,0,'FF',9,0,1,'Average:','','',2,3),(1277,'',30,23,4,321,0,'FF',9,0,4,'Current:','','',2,2),(1276,'',29,23,4,321,9,'FF',7,0,1,'System','','',2,1),(1372,'',38,28,4,342,0,'FF',9,0,4,'Current:','','',2,10),(1373,'',39,28,4,342,0,'FF',9,0,1,'Average:','','',2,11),(1374,'',40,28,4,342,0,'FF',9,0,3,'Maximum:','','on',2,12),(1375,'',41,28,4,0,1,'FF',4,12,1,'Total','','',2,13),(1376,'',42,28,4,0,0,'FF',9,12,4,'Current:','','',2,14),(1377,'',43,28,4,0,0,'FF',9,12,1,'Average:','','',2,15),(1378,'',44,28,4,0,0,'FF',9,12,3,'Maximum:','','on',2,16),(1379,'',80,29,11,345,15,'FF',7,0,1,'1 Minute Average','','',2,1),(1380,'',81,29,11,345,0,'FF',9,0,4,'Current:','','on',4,2),(1381,'',82,29,11,347,8,'FF',8,0,1,'5 Minute Average','','',2,3),(1382,'',83,29,11,347,0,'FF',9,0,4,'Current:','','on',4,4),(1383,'',84,29,11,346,9,'FF',8,0,1,'15 Minute Average','','',2,5),(1384,'',85,29,11,346,0,'FF',9,0,4,'Current:','','on',4,6),(1385,'',86,29,11,0,1,'FF',4,12,1,'Total','','on',2,7),(1386,'',103,30,13,350,52,'FF',7,14,1,'Memory Free','','',2,1),(1387,'',104,30,13,350,0,'FF',9,14,4,'Current:','','',2,2),(1388,'',105,30,13,350,0,'FF',9,14,1,'Average:','','',2,3),(1389,'',106,30,13,350,0,'FF',9,14,3,'Maximum:','','on',2,4),(1390,'',107,30,13,348,35,'FF',8,14,1,'Memory Buffers','','',2,5),(1391,'',108,30,13,348,0,'FF',9,14,4,'Current:','','',2,6),(1392,'',109,30,13,348,0,'FF',9,14,1,'Average:','','',2,7),(1393,'',110,30,13,348,0,'FF',9,14,3,'Maximum:','','on',2,8),(1394,'',403,30,13,349,30,'FF',8,14,1,'Cache Memory','','',2,9),(1395,'',404,30,13,349,0,'FF',9,14,4,'Current:','','',2,10),(1396,'',405,30,13,349,0,'FF',9,14,1,'Average:','','',2,11),(1397,'',406,30,13,349,0,'FF',9,14,3,'Maximum:','','on',2,12),(1398,'',76,31,10,351,67,'FF',7,0,1,'Users','','',2,1),(1399,'',77,31,10,351,0,'FF',9,0,4,'Current:','','',3,2),(1400,'',78,31,10,351,0,'FF',9,0,1,'Average:','','',3,3),(1401,'',79,31,10,351,0,'FF',9,0,3,'Maximum:','','on',3,4),(1402,'',9,32,2,352,22,'FF',7,2,1,'Inbound','','',2,1),(1403,'',10,32,2,352,0,'FF',9,2,4,'Current:','','',2,2),(1404,'',11,32,2,352,0,'FF',9,2,1,'Average:','','',2,3),(1405,'',12,32,2,352,0,'FF',9,2,3,'Maximum:','','on',2,4),(1406,'',13,32,2,353,20,'FF',4,2,1,'Outbound','','',2,5),(1407,'',14,32,2,353,0,'FF',9,2,4,'Current:','','',2,6),(1408,'',15,32,2,353,0,'FF',9,2,1,'Average:','','',2,7),(1409,'',16,32,2,353,0,'FF',9,2,3,'Maximum:','','on',2,8),(1410,'',29,33,4,355,9,'FF',7,0,1,'System','','',2,1),(1411,'',30,33,4,355,0,'FF',9,0,4,'Current:','','',2,2),(1412,'',31,33,4,355,0,'FF',9,0,1,'Average:','','',2,3),(1413,'',32,33,4,355,0,'FF',9,0,3,'Maximum:','','on',2,4),(1414,'',33,33,4,356,21,'FF',8,0,1,'User','','',2,5),(1415,'',34,33,4,356,0,'FF',9,0,4,'Current:','','',2,6),(1416,'',35,33,4,356,0,'FF',9,0,1,'Average:','','',2,7),(1417,'',36,33,4,356,0,'FF',9,0,3,'Maximum:','','on',2,8),(1418,'',37,33,4,354,12,'FF',8,0,1,'Nice','','',2,9),(1419,'',38,33,4,354,0,'FF',9,0,4,'Current:','','',2,10),(1420,'',39,33,4,354,0,'FF',9,0,1,'Average:','','',2,11),(1421,'',40,33,4,354,0,'FF',9,0,3,'Maximum:','','on',2,12),(1422,'',41,33,4,0,1,'FF',4,12,1,'Total','','',2,13),(1423,'',42,33,4,0,0,'FF',9,12,4,'Current:','','',2,14),(1424,'',43,33,4,0,0,'FF',9,12,1,'Average:','','',2,15),(1425,'',44,33,4,0,0,'FF',9,12,3,'Maximum:','','on',2,16),(1426,'',80,34,11,357,15,'FF',7,0,1,'1 Minute Average','','',2,1),(1427,'',81,34,11,357,0,'FF',9,0,4,'Current:','','on',4,2),(1428,'',82,34,11,359,8,'FF',8,0,1,'5 Minute Average','','',2,3),(1429,'',83,34,11,359,0,'FF',9,0,4,'Current:','','on',4,4),(1430,'',84,34,11,358,9,'FF',8,0,1,'15 Minute Average','','',2,5),(1431,'',85,34,11,358,0,'FF',9,0,4,'Current:','','on',4,6),(1432,'',86,34,11,0,1,'FF',4,12,1,'Total','','on',2,7),(1433,'',103,35,13,362,52,'FF',7,14,1,'Memory Free','','',2,1),(1434,'',104,35,13,362,0,'FF',9,14,4,'Current:','','',2,2),(1435,'',105,35,13,362,0,'FF',9,14,1,'Average:','','',2,3),(1436,'',106,35,13,362,0,'FF',9,14,3,'Maximum:','','on',2,4),(1437,'',107,35,13,360,35,'FF',8,14,1,'Memory Buffers','','',2,5),(1438,'',108,35,13,360,0,'FF',9,14,4,'Current:','','',2,6),(1439,'',109,35,13,360,0,'FF',9,14,1,'Average:','','',2,7),(1440,'',110,35,13,360,0,'FF',9,14,3,'Maximum:','','on',2,8),(1441,'',403,35,13,361,30,'FF',8,14,1,'Cache Memory','','',2,9),(1442,'',404,35,13,361,0,'FF',9,14,4,'Current:','','',2,10),(1443,'',405,35,13,361,0,'FF',9,14,1,'Average:','','',2,11),(1444,'',406,35,13,361,0,'FF',9,14,3,'Maximum:','','on',2,12),(1445,'',9,36,2,363,22,'FF',7,2,1,'Inbound','','',2,1),(1446,'',10,36,2,363,0,'FF',9,2,4,'Current:','','',2,2),(1447,'',11,36,2,363,0,'FF',9,2,1,'Average:','','',2,3),(1448,'',12,36,2,363,0,'FF',9,2,3,'Maximum:','','on',2,4),(1449,'',13,36,2,364,20,'FF',4,2,1,'Outbound','','',2,5),(1450,'',14,36,2,364,0,'FF',9,2,4,'Current:','','',2,6),(1451,'',15,36,2,364,0,'FF',9,2,1,'Average:','','',2,7),(1452,'',16,36,2,364,0,'FF',9,2,3,'Maximum:','','on',2,8),(1453,'',65,37,8,365,48,'FF',7,0,1,'Running Processes','','',2,1),(1454,'',66,37,8,365,0,'FF',9,0,4,'Current:','','',3,2),(1455,'',67,37,8,365,0,'FF',9,0,1,'Average:','','',3,3),(1456,'',68,37,8,365,0,'FF',9,0,3,'Maximum:','','on',3,4),(1552,'',84,47,11,389,9,'FF',8,0,1,'15 Minute Average','','',2,5),(1551,'',83,47,11,390,0,'FF',9,0,4,'Current:','','on',4,4),(1550,'',82,47,11,390,8,'FF',8,0,1,'5 Minute Average','','',2,3),(1549,'',81,47,11,388,0,'FF',9,0,4,'Current:','','on',4,2),(1548,'',80,47,11,388,15,'FF',7,0,1,'1 Minute Average','','',2,1),(1465,'',9,39,2,368,22,'FF',7,2,1,'Inbound','','',2,1),(1466,'',10,39,2,368,0,'FF',9,2,4,'Current:','','',2,2),(1467,'',11,39,2,368,0,'FF',9,2,1,'Average:','','',2,3),(1468,'',12,39,2,368,0,'FF',9,2,3,'Maximum:','','on',2,4),(1469,'',13,39,2,369,20,'FF',4,2,1,'Outbound','','',2,5),(1470,'',14,39,2,369,0,'FF',9,2,4,'Current:','','',2,6),(1471,'',15,39,2,369,0,'FF',9,2,1,'Average:','','',2,7),(1472,'',16,39,2,369,0,'FF',9,2,3,'Maximum:','','on',2,8),(1547,'',44,46,4,0,0,'FF',9,12,3,'Maximum:','','on',2,16),(1546,'',43,46,4,0,0,'FF',9,12,1,'Average:','','',2,15),(1545,'',42,46,4,0,0,'FF',9,12,4,'Current:','','',2,14),(1544,'',41,46,4,0,1,'FF',4,12,1,'Total','','',2,13),(1543,'',40,46,4,385,0,'FF',9,0,3,'Maximum:','','on',2,12),(1542,'',39,46,4,385,0,'FF',9,0,1,'Average:','','',2,11),(1541,'',38,46,4,385,0,'FF',9,0,4,'Current:','','',2,10),(1540,'',37,46,4,385,12,'FF',8,0,1,'Nice','','',2,9),(1539,'',36,46,4,387,0,'FF',9,0,3,'Maximum:','','on',2,8),(1538,'',35,46,4,387,0,'FF',9,0,1,'Average:','','',2,7),(1537,'',34,46,4,387,0,'FF',9,0,4,'Current:','','',2,6),(1536,'',33,46,4,387,21,'FF',8,0,1,'User','','',2,5),(1535,'',32,46,4,386,0,'FF',9,0,3,'Maximum:','','on',2,4),(1534,'',31,46,4,386,0,'FF',9,0,1,'Average:','','',2,3),(1533,'',30,46,4,386,0,'FF',9,0,4,'Current:','','',2,2),(1532,'',29,46,4,386,9,'FF',7,0,1,'System','','',2,1),(1489,'',29,42,4,375,9,'FF',7,0,1,'System','','',2,1),(1490,'',30,42,4,375,0,'FF',9,0,4,'Current:','','',2,2),(1491,'',31,42,4,375,0,'FF',9,0,1,'Average:','','',2,3),(1492,'',32,42,4,375,0,'FF',9,0,3,'Maximum:','','on',2,4),(1493,'',33,42,4,376,21,'FF',8,0,1,'User','','',2,5),(1494,'',34,42,4,376,0,'FF',9,0,4,'Current:','','',2,6),(1495,'',35,42,4,376,0,'FF',9,0,1,'Average:','','',2,7),(1496,'',36,42,4,376,0,'FF',9,0,3,'Maximum:','','on',2,8),(1497,'',37,42,4,374,12,'FF',8,0,1,'Nice','','',2,9),(1498,'',38,42,4,374,0,'FF',9,0,4,'Current:','','',2,10),(1499,'',39,42,4,374,0,'FF',9,0,1,'Average:','','',2,11),(1500,'',40,42,4,374,0,'FF',9,0,3,'Maximum:','','on',2,12),(1501,'',41,42,4,0,1,'FF',4,12,1,'Total','','',2,13),(1502,'',42,42,4,0,0,'FF',9,12,4,'Current:','','',2,14),(1503,'',43,42,4,0,0,'FF',9,12,1,'Average:','','',2,15),(1504,'',44,42,4,0,0,'FF',9,12,3,'Maximum:','','on',2,16),(1505,'',80,43,11,377,15,'FF',7,0,1,'1 Minute Average','','',2,1),(1506,'',81,43,11,377,0,'FF',9,0,4,'Current:','','on',4,2),(1507,'',82,43,11,379,8,'FF',8,0,1,'5 Minute Average','','',2,3),(1508,'',83,43,11,379,0,'FF',9,0,4,'Current:','','on',4,4),(1509,'',84,43,11,378,9,'FF',8,0,1,'15 Minute Average','','',2,5),(1510,'',85,43,11,378,0,'FF',9,0,4,'Current:','','on',4,6),(1511,'',86,43,11,0,1,'FF',4,12,1,'Total','','on',2,7),(1512,'',103,44,13,382,52,'FF',7,14,1,'Memory Free','','',2,1),(1513,'',104,44,13,382,0,'FF',9,14,4,'Current:','','',2,2),(1514,'',105,44,13,382,0,'FF',9,14,1,'Average:','','',2,3),(1515,'',106,44,13,382,0,'FF',9,14,3,'Maximum:','','on',2,4),(1516,'',107,44,13,380,35,'FF',8,14,1,'Memory Buffers','','',2,5),(1517,'',108,44,13,380,0,'FF',9,14,4,'Current:','','',2,6),(1518,'',109,44,13,380,0,'FF',9,14,1,'Average:','','',2,7),(1519,'',110,44,13,380,0,'FF',9,14,3,'Maximum:','','on',2,8),(1520,'',403,44,13,381,30,'FF',8,14,1,'Cache Memory','','',2,9),(1521,'',404,44,13,381,0,'FF',9,14,4,'Current:','','',2,10),(1522,'',405,44,13,381,0,'FF',9,14,1,'Average:','','',2,11),(1523,'',406,44,13,381,0,'FF',9,14,3,'Maximum:','','on',2,12),(1556,'',104,48,13,393,0,'FF',9,14,4,'Current:','','',2,2),(1555,'',103,48,13,393,52,'FF',7,14,1,'Memory Free','','',2,1),(1554,'',86,47,11,0,1,'FF',4,12,1,'Total','','on',2,7),(1553,'',85,47,11,389,0,'FF',9,0,4,'Current:','','on',4,6),(1557,'',105,48,13,393,0,'FF',9,14,1,'Average:','','',2,3),(1558,'',106,48,13,393,0,'FF',9,14,3,'Maximum:','','on',2,4),(1559,'',107,48,13,391,35,'FF',8,14,1,'Memory Buffers','','',2,5),(1560,'',108,48,13,391,0,'FF',9,14,4,'Current:','','',2,6),(1561,'',109,48,13,391,0,'FF',9,14,1,'Average:','','',2,7),(1562,'',110,48,13,391,0,'FF',9,14,3,'Maximum:','','on',2,8),(1563,'',403,48,13,392,30,'FF',8,14,1,'Cache Memory','','',2,9),(1564,'',404,48,13,392,0,'FF',9,14,4,'Current:','','',2,10),(1565,'',405,48,13,392,0,'FF',9,14,1,'Average:','','',2,11),(1566,'',406,48,13,392,0,'FF',9,14,3,'Maximum:','','on',2,12),(1567,'',65,49,8,394,31,'FF',7,0,1,'Running Processes','','',2,1),(1568,'',66,49,8,394,0,'FF',9,0,4,'Current:','','',3,2),(1569,'',67,49,8,394,0,'FF',9,0,1,'Average:','','',3,3),(1570,'',68,49,8,394,0,'FF',9,0,3,'Maximum:','','on',3,4),(1596,'',38,52,4,399,0,'FF',9,0,4,'Current:','','',2,10),(1595,'',37,52,4,399,12,'FF',8,0,1,'Nice','','',2,9),(1594,'',36,52,4,401,0,'FF',9,0,3,'Maximum:','','on',2,8),(1593,'',35,52,4,401,0,'FF',9,0,1,'Average:','','',2,7),(1592,'',34,52,4,401,0,'FF',9,0,4,'Current:','','',2,6),(1591,'',33,52,4,401,21,'FF',8,0,1,'User','','',2,5),(1590,'',32,52,4,400,0,'FF',9,0,3,'Maximum:','','on',2,4),(1589,'',31,52,4,400,0,'FF',9,0,1,'Average:','','',2,3),(1588,'',30,52,4,400,0,'FF',9,0,4,'Current:','','',2,2),(1587,'',29,52,4,400,9,'FF',7,0,1,'System','','',2,1),(1597,'',39,52,4,399,0,'FF',9,0,1,'Average:','','',2,11),(1598,'',40,52,4,399,0,'FF',9,0,3,'Maximum:','','on',2,12),(1599,'',41,52,4,0,1,'FF',4,12,1,'Total','','',2,13),(1600,'',42,52,4,0,0,'FF',9,12,4,'Current:','','',2,14),(1601,'',43,52,4,0,0,'FF',9,12,1,'Average:','','',2,15),(1602,'',44,52,4,0,0,'FF',9,12,3,'Maximum:','','on',2,16),(1603,'',80,53,11,402,15,'FF',7,0,1,'1 Minute Average','','',2,1),(1604,'',81,53,11,402,0,'FF',9,0,4,'Current:','','on',4,2),(1605,'',82,53,11,404,8,'FF',8,0,1,'5 Minute Average','','',2,3),(1606,'',83,53,11,404,0,'FF',9,0,4,'Current:','','on',4,4),(1607,'',84,53,11,403,9,'FF',8,0,1,'15 Minute Average','','',2,5),(1608,'',85,53,11,403,0,'FF',9,0,4,'Current:','','on',4,6),(1609,'',86,53,11,0,1,'FF',4,12,1,'Total','','on',2,7),(1610,'',103,54,13,407,52,'FF',7,14,1,'Memory Free','','',2,1),(1611,'',104,54,13,407,0,'FF',9,14,4,'Current:','','',2,2),(1612,'',105,54,13,407,0,'FF',9,14,1,'Average:','','',2,3),(1613,'',106,54,13,407,0,'FF',9,14,3,'Maximum:','','on',2,4),(1614,'',107,54,13,405,35,'FF',8,14,1,'Memory Buffers','','',2,5),(1615,'',108,54,13,405,0,'FF',9,14,4,'Current:','','',2,6),(1616,'',109,54,13,405,0,'FF',9,14,1,'Average:','','',2,7),(1617,'',110,54,13,405,0,'FF',9,14,3,'Maximum:','','on',2,8),(1618,'',403,54,13,406,30,'FF',8,14,1,'Cache Memory','','',2,9),(1619,'',404,54,13,406,0,'FF',9,14,4,'Current:','','',2,10),(1620,'',405,54,13,406,0,'FF',9,14,1,'Average:','','',2,11),(1621,'',406,54,13,406,0,'FF',9,14,3,'Maximum:','','on',2,12),(1622,'',65,55,8,408,48,'FF',7,0,1,'Running Processes','','',2,1),(1623,'',66,55,8,408,0,'FF',9,0,4,'Current:','','',3,2),(1624,'',67,55,8,408,0,'FF',9,0,1,'Average:','','',3,3),(1625,'',68,55,8,408,0,'FF',9,0,3,'Maximum:','','on',3,4);
/*!40000 ALTER TABLE `graph_templates_item` ENABLE KEYS */;
UNLOCK TABLES;

--
-- Table structure for table `graph_tree`
--

DROP TABLE IF EXISTS `graph_tree`;
SET @saved_cs_client     = @@character_set_client;
SET character_set_client = utf8;
CREATE TABLE `graph_tree` (
  `id` smallint(5) unsigned NOT NULL auto_increment,
  `sort_type` tinyint(3) unsigned NOT NULL default '1',
  `name` varchar(255) NOT NULL default '',
  PRIMARY KEY  (`id`)
) ENGINE=MyISAM AUTO_INCREMENT=2 DEFAULT CHARSET=latin1;
SET character_set_client = @saved_cs_client;

--
-- Dumping data for table `graph_tree`
--

LOCK TABLES `graph_tree` WRITE;
/*!40000 ALTER TABLE `graph_tree` DISABLE KEYS */;
INSERT INTO `graph_tree` VALUES (1,1,'Default Tree');
/*!40000 ALTER TABLE `graph_tree` ENABLE KEYS */;
UNLOCK TABLES;

--
-- Table structure for table `graph_tree_items`
--

DROP TABLE IF EXISTS `graph_tree_items`;
SET @saved_cs_client     = @@character_set_client;
SET character_set_client = utf8;
CREATE TABLE `graph_tree_items` (
  `id` mediumint(8) unsigned NOT NULL auto_increment,
  `graph_tree_id` smallint(5) unsigned NOT NULL default '0',
  `local_graph_id` mediumint(8) unsigned NOT NULL default '0',
  `rra_id` smallint(8) unsigned NOT NULL default '0',
  `title` varchar(255) default NULL,
  `host_id` mediumint(8) unsigned NOT NULL default '0',
  `order_key` varchar(100) NOT NULL default '0',
  `host_grouping_type` tinyint(3) unsigned NOT NULL default '1',
  `sort_children_type` tinyint(3) unsigned NOT NULL default '1',
  PRIMARY KEY  (`id`),
  KEY `graph_tree_id` (`graph_tree_id`),
  KEY `host_id` (`host_id`),
  KEY `local_graph_id` (`local_graph_id`),
  KEY `order_key` (`order_key`)
) ENGINE=MyISAM AUTO_INCREMENT=29 DEFAULT CHARSET=latin1;
SET character_set_client = @saved_cs_client;

--
-- Dumping data for table `graph_tree_items`
--

LOCK TABLES `graph_tree_items` WRITE;
/*!40000 ALTER TABLE `graph_tree_items` DISABLE KEYS */;
INSERT INTO `graph_tree_items` VALUES (7,1,0,0,'',1,'001000000000000000000000000000000000000000000000000000000000000000000000000000000000000000',1,1),(19,1,0,1,'',3,'002000000000000000000000000000000000000000000000000000000000000000000000000000000000000000',1,1),(20,1,0,1,'',4,'003000000000000000000000000000000000000000000000000000000000000000000000000000000000000000',1,1),(21,1,0,1,'',5,'004000000000000000000000000000000000000000000000000000000000000000000000000000000000000000',1,1),(22,1,42,1,'',0,'005000000000000000000000000000000000000000000000000000000000000000000000000000000000000000',0,0),(23,1,43,1,'',0,'006000000000000000000000000000000000000000000000000000000000000000000000000000000000000000',0,0),(24,1,44,1,'',0,'007000000000000000000000000000000000000000000000000000000000000000000000000000000000000000',0,0),(28,1,0,1,'',8,'011000000000000000000000000000000000000000000000000000000000000000000000000000000000000000',1,1),(27,1,0,1,'',7,'010000000000000000000000000000000000000000000000000000000000000000000000000000000000000000',1,1),(26,1,0,1,'',6,'009000000000000000000000000000000000000000000000000000000000000000000000000000000000000000',1,1),(25,1,39,1,'',0,'008000000000000000000000000000000000000000000000000000000000000000000000000000000000000000',0,0);
/*!40000 ALTER TABLE `graph_tree_items` ENABLE KEYS */;
UNLOCK TABLES;

--
-- Table structure for table `host`
--

DROP TABLE IF EXISTS `host`;
SET @saved_cs_client     = @@character_set_client;
SET character_set_client = utf8;
CREATE TABLE `host` (
  `id` mediumint(8) unsigned NOT NULL auto_increment,
  `host_template_id` mediumint(8) unsigned NOT NULL default '0',
  `description` varchar(150) NOT NULL default '',
  `hostname` varchar(250) default NULL,
  `notes` text,
  `snmp_community` varchar(100) default NULL,
  `snmp_version` tinyint(1) unsigned NOT NULL default '1',
  `snmp_username` varchar(50) default NULL,
  `snmp_password` varchar(50) default NULL,
  `snmp_auth_protocol` char(5) default '',
  `snmp_priv_passphrase` varchar(200) default '',
  `snmp_priv_protocol` char(6) default '',
  `snmp_context` varchar(64) default '',
  `snmp_port` mediumint(5) unsigned NOT NULL default '161',
  `snmp_timeout` mediumint(8) unsigned NOT NULL default '500',
  `availability_method` smallint(5) unsigned NOT NULL default '1',
  `ping_method` smallint(5) unsigned default '0',
  `ping_port` int(12) unsigned default '0',
  `ping_timeout` int(12) unsigned default '500',
  `ping_retries` int(12) unsigned default '2',
  `max_oids` int(12) unsigned default '10',
  `disabled` char(2) default NULL,
  `status` tinyint(2) NOT NULL default '0',
  `status_event_count` mediumint(8) unsigned NOT NULL default '0',
  `status_fail_date` datetime NOT NULL default '0000-00-00 00:00:00',
  `status_rec_date` datetime NOT NULL default '0000-00-00 00:00:00',
  `status_last_error` varchar(255) default '',
  `min_time` decimal(10,5) default '9.99999',
  `max_time` decimal(10,5) default '0.00000',
  `cur_time` decimal(10,5) default '0.00000',
  `avg_time` decimal(10,5) default '0.00000',
  `total_polls` int(12) unsigned default '0',
  `failed_polls` int(12) unsigned default '0',
  `availability` decimal(8,5) NOT NULL default '100.00000',
  PRIMARY KEY  (`id`),
  KEY `disabled` (`disabled`)
) ENGINE=MyISAM AUTO_INCREMENT=9 DEFAULT CHARSET=latin1;
SET character_set_client = @saved_cs_client;

--
-- Dumping data for table `host`
--

LOCK TABLES `host` WRITE;
/*!40000 ALTER TABLE `host` DISABLE KEYS */;
INSERT INTO `host` VALUES (1,8,'db1.addventures.com','127.0.0.1','','public',0,'','','MD5','','DES','',161,500,3,2,23,400,1,10,'',3,0,'0000-00-00 00:00:00','0000-00-00 00:00:00','','0.04000','2.04000','0.06000','0.05667',60652,0,'100.00000'),(4,3,'Web1-addventures','192.168.100.42','','webserv1-addv',1,'','','','','','',161,500,2,2,23,400,1,10,'',3,0,'2011-07-05 16:15:03','2011-04-04 06:55:02','Host did not respond to SNMP','0.75000','1001.52000','1.88000','11.41519',31106,83,'99.73317'),(3,3,'db2.Addventures.com','192.168.100.48','','addv-db2',1,'','','','','','',161,500,2,2,23,400,1,10,'',3,0,'0000-00-00 00:00:00','0000-00-00 00:00:00','','0.98000','168.79000','1.13000','1.26894',32199,0,'100.00000'),(5,3,'Web2-addventures','192.168.100.44','','web2-addventures',1,'','','','','','',161,500,2,2,23,400,1,10,'',3,0,'2011-07-06 04:05:04','2011-03-28 01:35:03','Host did not respond to SNMP','0.67000','1000.49000','1.30000','9.55661',31089,72,'99.76841'),(6,3,'stage.addventures.com','192.168.100.38','','dev1app-addv',1,'','','','','','',161,500,2,2,23,400,1,10,'',3,0,'2011-07-04 08:35:05','2011-05-26 06:05:04','Host did not respond to SNMP','0.76000','888.38000','1.38000','3.72555',12655,7,'99.94469'),(8,3,'storage.addventures.com','207.21.210.52','','storage.addventures',1,'','','','','','',161,500,2,2,23,400,1,10,'',1,347,'2011-07-06 06:50:07','2011-06-28 10:15:06','Host did not respond to SNMP','0.78000','753.83000','1.49000','3.41006',10918,349,'96.80344'),(7,3,'dev.addventures','207.21.210.40','','dev1db.addventures',1,'','','','','','',161,500,2,2,23,400,1,10,'',1,6040,'2011-06-10 07:10:06','2011-06-08 07:15:06','Host did not respond to SNMP','0.89000','912.84000','2.52000','3.58969',11139,6043,'45.74917');
/*!40000 ALTER TABLE `host` ENABLE KEYS */;
UNLOCK TABLES;

--
-- Table structure for table `host_graph`
--

DROP TABLE IF EXISTS `host_graph`;
SET @saved_cs_client     = @@character_set_client;
SET character_set_client = utf8;
CREATE TABLE `host_graph` (
  `host_id` mediumint(8) unsigned NOT NULL default '0',
  `graph_template_id` mediumint(8) unsigned NOT NULL default '0',
  PRIMARY KEY  (`host_id`,`graph_template_id`)
) ENGINE=MyISAM DEFAULT CHARSET=latin1;
SET character_set_client = @saved_cs_client;

--
-- Dumping data for table `host_graph`
--

LOCK TABLES `host_graph` WRITE;
/*!40000 ALTER TABLE `host_graph` DISABLE KEYS */;
INSERT INTO `host_graph` VALUES (1,8),(1,9),(1,10),(1,12),(3,4),(3,11),(3,13),(4,4),(4,10),(4,11),(4,13),(4,59),(5,4),(5,11),(5,13),(6,4),(6,11),(6,13),(7,4),(7,8),(7,11),(7,13),(7,57),(7,61),(8,4),(8,11),(8,13);
/*!40000 ALTER TABLE `host_graph` ENABLE KEYS */;
UNLOCK TABLES;

--
-- Table structure for table `host_snmp_cache`
--

DROP TABLE IF EXISTS `host_snmp_cache`;
SET @saved_cs_client     = @@character_set_client;
SET character_set_client = utf8;
CREATE TABLE `host_snmp_cache` (
  `host_id` mediumint(8) unsigned NOT NULL default '0',
  `snmp_query_id` mediumint(8) unsigned NOT NULL default '0',
  `field_name` varchar(50) NOT NULL default '',
  `field_value` varchar(255) default NULL,
  `snmp_index` varchar(255) NOT NULL default '',
  `oid` text NOT NULL,
  PRIMARY KEY  (`host_id`,`snmp_query_id`,`field_name`,`snmp_index`),
  KEY `host_id` (`host_id`,`field_name`),
  KEY `snmp_index` (`snmp_index`),
  KEY `field_name` (`field_name`),
  KEY `field_value` (`field_value`),
  KEY `snmp_query_id` (`snmp_query_id`)
) ENGINE=MyISAM DEFAULT CHARSET=latin1;
SET character_set_client = @saved_cs_client;

--
-- Dumping data for table `host_snmp_cache`
--

LOCK TABLES `host_snmp_cache` WRITE;
/*!40000 ALTER TABLE `host_snmp_cache` DISABLE KEYS */;
INSERT INTO `host_snmp_cache` VALUES (1,6,'dskDevice','/dev/sda1','/dev/sda1',''),(1,6,'dskMount','/','/dev/mapper/SysVolGroup-LogVolRoot',''),(1,6,'dskDevice','/dev/mapper/SysVolGroup-LogVolRoot','/dev/mapper/SysVolGroup-LogVolRoot',''),(3,1,'ifIndex','1','1','.1.3.6.1.2.1.2.2.1.1.1'),(3,1,'ifIndex','2','2','.1.3.6.1.2.1.2.2.1.1.2'),(3,1,'ifIndex','3','3','.1.3.6.1.2.1.2.2.1.1.3'),(3,1,'ifIndex','4','4','.1.3.6.1.2.1.2.2.1.1.4'),(3,1,'ifOperStatus','Up','1','.1.3.6.1.2.1.2.2.1.8.1'),(3,1,'ifOperStatus','Up','2','.1.3.6.1.2.1.2.2.1.8.2'),(3,1,'ifOperStatus','Up','3','.1.3.6.1.2.1.2.2.1.8.3'),(3,1,'ifOperStatus','Down','4','.1.3.6.1.2.1.2.2.1.8.4'),(3,1,'ifDescr','lo','1','.1.3.6.1.2.1.2.2.1.2.1'),(3,1,'ifDescr','eth0','2','.1.3.6.1.2.1.2.2.1.2.2'),(3,1,'ifDescr','eth1','3','.1.3.6.1.2.1.2.2.1.2.3'),(3,1,'ifDescr','sit0','4','.1.3.6.1.2.1.2.2.1.2.4'),(3,1,'ifName','lo','1','.1.3.6.1.2.1.31.1.1.1.1.1'),(3,1,'ifName','eth0','2','.1.3.6.1.2.1.31.1.1.1.1.2'),(3,1,'ifName','eth1','3','.1.3.6.1.2.1.31.1.1.1.1.3'),(3,1,'ifName','sit0','4','.1.3.6.1.2.1.31.1.1.1.1.4'),(3,1,'ifAlias','','1','.1.3.6.1.2.1.31.1.1.1.18.1'),(3,1,'ifAlias','','2','.1.3.6.1.2.1.31.1.1.1.18.2'),(3,1,'ifAlias','','3','.1.3.6.1.2.1.31.1.1.1.18.3'),(3,1,'ifAlias','','4','.1.3.6.1.2.1.31.1.1.1.18.4'),(3,1,'ifType','softwareLoopback(24)','1','.1.3.6.1.2.1.2.2.1.3.1'),(3,1,'ifType','ethernetCsmacd(6)','2','.1.3.6.1.2.1.2.2.1.3.2'),(3,1,'ifType','ethernetCsmacd(6)','3','.1.3.6.1.2.1.2.2.1.3.3'),(3,1,'ifType','tunnel(131)','4','.1.3.6.1.2.1.2.2.1.3.4'),(3,1,'ifSpeed','10000000','1','.1.3.6.1.2.1.2.2.1.5.1'),(3,1,'ifSpeed','100000000','2','.1.3.6.1.2.1.2.2.1.5.2'),(3,1,'ifSpeed','1000000000','3','.1.3.6.1.2.1.2.2.1.5.3'),(3,1,'ifSpeed','0','4','.1.3.6.1.2.1.2.2.1.5.4'),(3,1,'ifHwAddr','','1','.1.3.6.1.2.1.2.2.1.6.1'),(3,1,'ifHwAddr','00:30:48:34:8E:9A','2','.1.3.6.1.2.1.2.2.1.6.2'),(3,1,'ifHwAddr','00:30:48:34:8E:9B','3','.1.3.6.1.2.1.2.2.1.6.3'),(3,1,'ifHwAddr','','4','.1.3.6.1.2.1.2.2.1.6.4'),(3,1,'ifIP','127.0.0.1','1','.1.3.6.1.2.1.4.20.1.2.127.0.0.1'),(3,1,'ifIP','192.168.100.48','3','.1.3.6.1.2.1.4.20.1.2.192.168.100.48'),(3,1,'ifIP','207.21.210.49','2','.1.3.6.1.2.1.4.20.1.2.207.21.210.49'),(8,1,'ifIP','127.0.0.1','1','.1.3.6.1.2.1.4.20.1.2.127.0.0.1'),(8,1,'ifHwAddr','','4','.1.3.6.1.2.1.2.2.1.6.4'),(8,1,'ifHwAddr','00:30:48:95:CB:C7','3','.1.3.6.1.2.1.2.2.1.6.3'),(4,1,'ifName','sit0','4','.1.3.6.1.2.1.31.1.1.1.1.4'),(4,1,'ifName','eth1','3','.1.3.6.1.2.1.31.1.1.1.1.3'),(4,1,'ifName','eth0','2','.1.3.6.1.2.1.31.1.1.1.1.2'),(4,1,'ifDescr','sit0','4','.1.3.6.1.2.1.2.2.1.2.4'),(4,1,'ifName','lo','1','.1.3.6.1.2.1.31.1.1.1.1.1'),(8,1,'ifIP','207.21.210.53','2','.1.3.6.1.2.1.4.20.1.2.207.21.210.53'),(4,1,'ifIP','207.21.210.43','2','.1.3.6.1.2.1.4.20.1.2.207.21.210.43'),(4,1,'ifIP','192.168.100.42','3','.1.3.6.1.2.1.4.20.1.2.192.168.100.42'),(4,1,'ifIP','207.21.210.51','1','.1.3.6.1.2.1.4.20.1.2.207.21.210.51'),(1,6,'dskMount','/boot','/dev/sda1',''),(4,1,'ifDescr','eth1','3','.1.3.6.1.2.1.2.2.1.2.3'),(4,1,'ifDescr','eth0','2','.1.3.6.1.2.1.2.2.1.2.2'),(4,1,'ifDescr','lo','1','.1.3.6.1.2.1.2.2.1.2.1'),(4,1,'ifIndex','1','1','.1.3.6.1.2.1.2.2.1.1.1'),(4,1,'ifIndex','2','2','.1.3.6.1.2.1.2.2.1.1.2'),(4,1,'ifIndex','3','3','.1.3.6.1.2.1.2.2.1.1.3'),(4,1,'ifIndex','4','4','.1.3.6.1.2.1.2.2.1.1.4'),(4,1,'ifOperStatus','Up','1','.1.3.6.1.2.1.2.2.1.8.1'),(4,1,'ifOperStatus','Up','2','.1.3.6.1.2.1.2.2.1.8.2'),(4,1,'ifOperStatus','Up','3','.1.3.6.1.2.1.2.2.1.8.3'),(4,1,'ifOperStatus','Down','4','.1.3.6.1.2.1.2.2.1.8.4'),(8,1,'ifHwAddr','00:30:48:95:CB:C6','2','.1.3.6.1.2.1.2.2.1.6.2'),(5,1,'ifIndex','1','1','.1.3.6.1.2.1.2.2.1.1.1'),(5,1,'ifIndex','2','2','.1.3.6.1.2.1.2.2.1.1.2'),(5,1,'ifIndex','3','3','.1.3.6.1.2.1.2.2.1.1.3'),(5,1,'ifIndex','4','4','.1.3.6.1.2.1.2.2.1.1.4'),(5,1,'ifOperStatus','Up','1','.1.3.6.1.2.1.2.2.1.8.1'),(5,1,'ifOperStatus','Up','2','.1.3.6.1.2.1.2.2.1.8.2'),(5,1,'ifOperStatus','Up','3','.1.3.6.1.2.1.2.2.1.8.3'),(5,1,'ifOperStatus','Down','4','.1.3.6.1.2.1.2.2.1.8.4'),(5,1,'ifDescr','lo','1','.1.3.6.1.2.1.2.2.1.2.1'),(5,1,'ifDescr','eth0','2','.1.3.6.1.2.1.2.2.1.2.2'),(5,1,'ifDescr','eth1','3','.1.3.6.1.2.1.2.2.1.2.3'),(5,1,'ifDescr','sit0','4','.1.3.6.1.2.1.2.2.1.2.4'),(5,1,'ifName','lo','1','.1.3.6.1.2.1.31.1.1.1.1.1'),(5,1,'ifName','eth0','2','.1.3.6.1.2.1.31.1.1.1.1.2'),(5,1,'ifName','eth1','3','.1.3.6.1.2.1.31.1.1.1.1.3'),(5,1,'ifName','sit0','4','.1.3.6.1.2.1.31.1.1.1.1.4'),(5,1,'ifAlias','','1','.1.3.6.1.2.1.31.1.1.1.18.1'),(5,1,'ifAlias','','2','.1.3.6.1.2.1.31.1.1.1.18.2'),(5,1,'ifAlias','','3','.1.3.6.1.2.1.31.1.1.1.18.3'),(5,1,'ifAlias','','4','.1.3.6.1.2.1.31.1.1.1.18.4'),(5,1,'ifType','softwareLoopback(24)','1','.1.3.6.1.2.1.2.2.1.3.1'),(5,1,'ifType','ethernetCsmacd(6)','2','.1.3.6.1.2.1.2.2.1.3.2'),(5,1,'ifType','ethernetCsmacd(6)','3','.1.3.6.1.2.1.2.2.1.3.3'),(5,1,'ifType','tunnel(131)','4','.1.3.6.1.2.1.2.2.1.3.4'),(5,1,'ifSpeed','10000000','1','.1.3.6.1.2.1.2.2.1.5.1'),(5,1,'ifSpeed','100000000','2','.1.3.6.1.2.1.2.2.1.5.2'),(5,1,'ifSpeed','1000000000','3','.1.3.6.1.2.1.2.2.1.5.3'),(5,1,'ifSpeed','0','4','.1.3.6.1.2.1.2.2.1.5.4'),(6,1,'ifIndex','1','1','.1.3.6.1.2.1.2.2.1.1.1'),(6,1,'ifIndex','2','2','.1.3.6.1.2.1.2.2.1.1.2'),(6,1,'ifIndex','3','3','.1.3.6.1.2.1.2.2.1.1.3'),(6,1,'ifIndex','4','4','.1.3.6.1.2.1.2.2.1.1.4'),(6,1,'ifOperStatus','Up','1','.1.3.6.1.2.1.2.2.1.8.1'),(6,1,'ifOperStatus','Up','2','.1.3.6.1.2.1.2.2.1.8.2'),(6,1,'ifOperStatus','Up','3','.1.3.6.1.2.1.2.2.1.8.3'),(6,1,'ifOperStatus','Down','4','.1.3.6.1.2.1.2.2.1.8.4'),(6,1,'ifDescr','lo','1','.1.3.6.1.2.1.2.2.1.2.1'),(6,1,'ifDescr','eth0','2','.1.3.6.1.2.1.2.2.1.2.2'),(6,1,'ifDescr','eth1','3','.1.3.6.1.2.1.2.2.1.2.3'),(6,1,'ifDescr','sit0','4','.1.3.6.1.2.1.2.2.1.2.4'),(6,1,'ifName','lo','1','.1.3.6.1.2.1.31.1.1.1.1.1'),(6,1,'ifName','eth0','2','.1.3.6.1.2.1.31.1.1.1.1.2'),(6,1,'ifName','eth1','3','.1.3.6.1.2.1.31.1.1.1.1.3'),(6,1,'ifName','sit0','4','.1.3.6.1.2.1.31.1.1.1.1.4'),(6,1,'ifAlias','','1','.1.3.6.1.2.1.31.1.1.1.18.1'),(6,1,'ifAlias','','2','.1.3.6.1.2.1.31.1.1.1.18.2'),(6,1,'ifAlias','','3','.1.3.6.1.2.1.31.1.1.1.18.3'),(6,1,'ifAlias','','4','.1.3.6.1.2.1.31.1.1.1.18.4'),(6,1,'ifType','softwareLoopback(24)','1','.1.3.6.1.2.1.2.2.1.3.1'),(6,1,'ifType','ethernetCsmacd(6)','2','.1.3.6.1.2.1.2.2.1.3.2'),(6,1,'ifType','ethernetCsmacd(6)','3','.1.3.6.1.2.1.2.2.1.3.3'),(6,1,'ifType','tunnel(131)','4','.1.3.6.1.2.1.2.2.1.3.4'),(6,1,'ifSpeed','10000000','1','.1.3.6.1.2.1.2.2.1.5.1'),(6,1,'ifSpeed','100000000','2','.1.3.6.1.2.1.2.2.1.5.2'),(6,1,'ifSpeed','1000000000','3','.1.3.6.1.2.1.2.2.1.5.3'),(6,1,'ifSpeed','0','4','.1.3.6.1.2.1.2.2.1.5.4'),(6,1,'ifHwAddr','','1','.1.3.6.1.2.1.2.2.1.6.1'),(6,1,'ifHwAddr','00:30:48:90:F0:00','2','.1.3.6.1.2.1.2.2.1.6.2'),(6,1,'ifHwAddr','00:30:48:90:F0:01','3','.1.3.6.1.2.1.2.2.1.6.3'),(6,1,'ifHwAddr','','4','.1.3.6.1.2.1.2.2.1.6.4'),(6,1,'ifIP','127.0.0.1','1','.1.3.6.1.2.1.4.20.1.2.127.0.0.1'),(6,1,'ifIP','192.168.100.38','3','.1.3.6.1.2.1.4.20.1.2.192.168.100.38'),(6,1,'ifIP','207.21.210.39','2','.1.3.6.1.2.1.4.20.1.2.207.21.210.39'),(7,1,'ifIndex','1','1','.1.3.6.1.2.1.2.2.1.1.1'),(7,1,'ifIndex','2','2','.1.3.6.1.2.1.2.2.1.1.2'),(7,1,'ifIndex','3','3','.1.3.6.1.2.1.2.2.1.1.3'),(7,1,'ifIndex','4','4','.1.3.6.1.2.1.2.2.1.1.4'),(7,1,'ifOperStatus','Up','1','.1.3.6.1.2.1.2.2.1.8.1'),(7,1,'ifOperStatus','Up','2','.1.3.6.1.2.1.2.2.1.8.2'),(7,1,'ifOperStatus','Up','3','.1.3.6.1.2.1.2.2.1.8.3'),(7,1,'ifOperStatus','Down','4','.1.3.6.1.2.1.2.2.1.8.4'),(7,1,'ifDescr','lo','1','.1.3.6.1.2.1.2.2.1.2.1'),(7,1,'ifDescr','eth0','2','.1.3.6.1.2.1.2.2.1.2.2'),(7,1,'ifDescr','eth1','3','.1.3.6.1.2.1.2.2.1.2.3'),(7,1,'ifDescr','sit0','4','.1.3.6.1.2.1.2.2.1.2.4'),(7,1,'ifName','lo','1','.1.3.6.1.2.1.31.1.1.1.1.1'),(7,1,'ifName','eth0','2','.1.3.6.1.2.1.31.1.1.1.1.2'),(7,1,'ifName','eth1','3','.1.3.6.1.2.1.31.1.1.1.1.3'),(7,1,'ifName','sit0','4','.1.3.6.1.2.1.31.1.1.1.1.4'),(7,1,'ifAlias','','1','.1.3.6.1.2.1.31.1.1.1.18.1'),(7,1,'ifAlias','','2','.1.3.6.1.2.1.31.1.1.1.18.2'),(7,1,'ifAlias','','3','.1.3.6.1.2.1.31.1.1.1.18.3'),(7,1,'ifAlias','','4','.1.3.6.1.2.1.31.1.1.1.18.4'),(7,1,'ifType','softwareLoopback(24)','1','.1.3.6.1.2.1.2.2.1.3.1'),(7,1,'ifType','ethernetCsmacd(6)','2','.1.3.6.1.2.1.2.2.1.3.2'),(7,1,'ifType','ethernetCsmacd(6)','3','.1.3.6.1.2.1.2.2.1.3.3'),(7,1,'ifType','tunnel(131)','4','.1.3.6.1.2.1.2.2.1.3.4'),(7,1,'ifSpeed','10000000','1','.1.3.6.1.2.1.2.2.1.5.1'),(7,1,'ifSpeed','100000000','2','.1.3.6.1.2.1.2.2.1.5.2'),(7,1,'ifSpeed','1000000000','3','.1.3.6.1.2.1.2.2.1.5.3'),(7,1,'ifSpeed','0','4','.1.3.6.1.2.1.2.2.1.5.4'),(7,1,'ifHwAddr','','1','.1.3.6.1.2.1.2.2.1.6.1'),(7,1,'ifHwAddr','00:30:48:8D:9E:28','2','.1.3.6.1.2.1.2.2.1.6.2'),(7,1,'ifHwAddr','00:30:48:8D:9E:29','3','.1.3.6.1.2.1.2.2.1.6.3'),(7,1,'ifHwAddr','','4','.1.3.6.1.2.1.2.2.1.6.4'),(7,1,'ifIP','127.0.0.1','1','.1.3.6.1.2.1.4.20.1.2.127.0.0.1'),(7,1,'ifIP','192.168.100.40','3','.1.3.6.1.2.1.4.20.1.2.192.168.100.40'),(7,1,'ifIP','207.21.210.41','2','.1.3.6.1.2.1.4.20.1.2.207.21.210.41'),(8,1,'ifHwAddr','','1','.1.3.6.1.2.1.2.2.1.6.1'),(8,1,'ifSpeed','0','4','.1.3.6.1.2.1.2.2.1.5.4'),(8,1,'ifSpeed','1000000000','3','.1.3.6.1.2.1.2.2.1.5.3'),(8,1,'ifSpeed','100000000','2','.1.3.6.1.2.1.2.2.1.5.2'),(8,1,'ifSpeed','10000000','1','.1.3.6.1.2.1.2.2.1.5.1'),(8,1,'ifType','tunnel(131)','4','.1.3.6.1.2.1.2.2.1.3.4'),(8,1,'ifType','ethernetCsmacd(6)','3','.1.3.6.1.2.1.2.2.1.3.3'),(8,1,'ifType','ethernetCsmacd(6)','2','.1.3.6.1.2.1.2.2.1.3.2'),(8,1,'ifType','softwareLoopback(24)','1','.1.3.6.1.2.1.2.2.1.3.1'),(8,1,'ifAlias','','4','.1.3.6.1.2.1.31.1.1.1.18.4'),(8,1,'ifAlias','','3','.1.3.6.1.2.1.31.1.1.1.18.3'),(8,1,'ifAlias','','2','.1.3.6.1.2.1.31.1.1.1.18.2'),(8,1,'ifAlias','','1','.1.3.6.1.2.1.31.1.1.1.18.1'),(8,1,'ifName','sit0','4','.1.3.6.1.2.1.31.1.1.1.1.4'),(8,1,'ifName','eth1','3','.1.3.6.1.2.1.31.1.1.1.1.3'),(8,1,'ifName','eth0','2','.1.3.6.1.2.1.31.1.1.1.1.2'),(8,1,'ifName','lo','1','.1.3.6.1.2.1.31.1.1.1.1.1'),(8,1,'ifDescr','sit0','4','.1.3.6.1.2.1.2.2.1.2.4'),(8,1,'ifDescr','eth1','3','.1.3.6.1.2.1.2.2.1.2.3'),(8,1,'ifDescr','eth0','2','.1.3.6.1.2.1.2.2.1.2.2'),(8,1,'ifDescr','lo','1','.1.3.6.1.2.1.2.2.1.2.1'),(8,1,'ifOperStatus','Down','4','.1.3.6.1.2.1.2.2.1.8.4'),(8,1,'ifOperStatus','Up','3','.1.3.6.1.2.1.2.2.1.8.3'),(8,1,'ifOperStatus','Up','2','.1.3.6.1.2.1.2.2.1.8.2'),(8,1,'ifOperStatus','Up','1','.1.3.6.1.2.1.2.2.1.8.1'),(8,1,'ifIndex','4','4','.1.3.6.1.2.1.2.2.1.1.4'),(8,1,'ifIndex','3','3','.1.3.6.1.2.1.2.2.1.1.3'),(8,1,'ifIndex','2','2','.1.3.6.1.2.1.2.2.1.1.2'),(8,1,'ifIndex','1','1','.1.3.6.1.2.1.2.2.1.1.1'),(5,1,'ifHwAddr','00:30:48:33:50:79','3','.1.3.6.1.2.1.2.2.1.6.3'),(5,1,'ifHwAddr','','1','.1.3.6.1.2.1.2.2.1.6.1'),(5,1,'ifHwAddr','00:30:48:33:50:78','2','.1.3.6.1.2.1.2.2.1.6.2'),(5,1,'ifIP','207.21.210.45','2','.1.3.6.1.2.1.4.20.1.2.207.21.210.45'),(5,1,'ifIP','192.168.100.44','3','.1.3.6.1.2.1.4.20.1.2.192.168.100.44'),(5,1,'ifHwAddr','','4','.1.3.6.1.2.1.2.2.1.6.4'),(5,1,'ifIP','207.21.210.51','1','.1.3.6.1.2.1.4.20.1.2.207.21.210.51');
/*!40000 ALTER TABLE `host_snmp_cache` ENABLE KEYS */;
UNLOCK TABLES;

--
-- Table structure for table `host_snmp_query`
--

DROP TABLE IF EXISTS `host_snmp_query`;
SET @saved_cs_client     = @@character_set_client;
SET character_set_client = utf8;
CREATE TABLE `host_snmp_query` (
  `host_id` mediumint(8) unsigned NOT NULL default '0',
  `snmp_query_id` mediumint(8) unsigned NOT NULL default '0',
  `sort_field` varchar(50) NOT NULL default '',
  `title_format` varchar(50) NOT NULL default '',
  `reindex_method` tinyint(3) unsigned NOT NULL default '0',
  PRIMARY KEY  (`host_id`,`snmp_query_id`),
  KEY `host_id` (`host_id`)
) ENGINE=MyISAM DEFAULT CHARSET=latin1;
SET character_set_client = @saved_cs_client;

--
-- Dumping data for table `host_snmp_query`
--

LOCK TABLES `host_snmp_query` WRITE;
/*!40000 ALTER TABLE `host_snmp_query` DISABLE KEYS */;
INSERT INTO `host_snmp_query` VALUES (1,6,'dskDevice','|query_dskDevice|',0),(3,1,'ifDescr','|query_ifDescr|',1),(3,2,'','|query_|',1),(4,1,'ifDescr','|query_ifDescr|',1),(4,2,'','|query_|',1),(5,1,'ifDescr','|query_ifDescr|',1),(5,2,'','|query_|',1),(6,1,'ifDescr','|query_ifDescr|',1),(6,2,'','|query_|',1),(7,1,'ifDescr','|query_ifDescr|',1),(7,2,'','|query_|',1),(8,1,'ifDescr','|query_ifDescr|',1),(8,2,'','|query_|',1);
/*!40000 ALTER TABLE `host_snmp_query` ENABLE KEYS */;
UNLOCK TABLES;

--
-- Table structure for table `host_template`
--

DROP TABLE IF EXISTS `host_template`;
SET @saved_cs_client     = @@character_set_client;
SET character_set_client = utf8;
CREATE TABLE `host_template` (
  `id` mediumint(8) unsigned NOT NULL auto_increment,
  `hash` varchar(32) NOT NULL default '',
  `name` varchar(100) NOT NULL default '',
  PRIMARY KEY  (`id`)
) ENGINE=MyISAM AUTO_INCREMENT=10 DEFAULT CHARSET=latin1;
SET character_set_client = @saved_cs_client;

--
-- Dumping data for table `host_template`
--

LOCK TABLES `host_template` WRITE;
/*!40000 ALTER TABLE `host_template` DISABLE KEYS */;
INSERT INTO `host_template` VALUES (1,'4855b0e3e553085ed57219690285f91f','Generic SNMP-enabled Host'),(3,'07d3fe6a52915f99e642d22e27d967a4','ucd/net SNMP Host'),(4,'4e5dc8dd115264c2e9f3adb725c29413','Karlnet Wireless Bridge'),(5,'cae6a879f86edacb2471055783bec6d0','Cisco Router'),(6,'9ef418b4251751e09c3c416704b01b01','Netware 4/5 Server'),(7,'5b8300be607dce4f030b026a381b91cd','Windows 2000/XP Host'),(8,'2d3e47f416738c2d22c87c40218cc55e','Local Linux Machine'),(9,'3df221ff7893faad48ecc15026687215','X MySQL Server HT');
/*!40000 ALTER TABLE `host_template` ENABLE KEYS */;
UNLOCK TABLES;

--
-- Table structure for table `host_template_graph`
--

DROP TABLE IF EXISTS `host_template_graph`;
SET @saved_cs_client     = @@character_set_client;
SET character_set_client = utf8;
CREATE TABLE `host_template_graph` (
  `host_template_id` mediumint(8) unsigned NOT NULL default '0',
  `graph_template_id` mediumint(8) unsigned NOT NULL default '0',
  PRIMARY KEY  (`host_template_id`,`graph_template_id`),
  KEY `host_template_id` (`host_template_id`)
) ENGINE=MyISAM DEFAULT CHARSET=latin1;
SET character_set_client = @saved_cs_client;

--
-- Dumping data for table `host_template_graph`
--

LOCK TABLES `host_template_graph` WRITE;
/*!40000 ALTER TABLE `host_template_graph` DISABLE KEYS */;
INSERT INTO `host_template_graph` VALUES (3,4),(3,11),(3,13),(5,18),(6,14),(6,16),(6,17),(6,30),(7,28),(7,29),(8,8),(8,9),(8,10),(8,12),(9,35),(9,36),(9,37),(9,38),(9,39),(9,40),(9,41),(9,42),(9,43),(9,44),(9,45),(9,46),(9,47),(9,48),(9,49),(9,50),(9,51),(9,52),(9,53),(9,54),(9,55),(9,56),(9,57),(9,58),(9,59),(9,60),(9,61),(9,62),(9,63),(9,64),(9,65),(9,66),(9,67),(9,68),(9,69);
/*!40000 ALTER TABLE `host_template_graph` ENABLE KEYS */;
UNLOCK TABLES;

--
-- Table structure for table `host_template_snmp_query`
--

DROP TABLE IF EXISTS `host_template_snmp_query`;
SET @saved_cs_client     = @@character_set_client;
SET character_set_client = utf8;
CREATE TABLE `host_template_snmp_query` (
  `host_template_id` mediumint(8) unsigned NOT NULL default '0',
  `snmp_query_id` mediumint(8) unsigned NOT NULL default '0',
  PRIMARY KEY  (`host_template_id`,`snmp_query_id`),
  KEY `host_template_id` (`host_template_id`)
) ENGINE=MyISAM DEFAULT CHARSET=latin1;
SET character_set_client = @saved_cs_client;

--
-- Dumping data for table `host_template_snmp_query`
--

LOCK TABLES `host_template_snmp_query` WRITE;
/*!40000 ALTER TABLE `host_template_snmp_query` DISABLE KEYS */;
INSERT INTO `host_template_snmp_query` VALUES (1,1),(3,1),(3,2),(4,1),(4,3),(5,1),(6,1),(6,4),(6,7),(7,1),(7,8),(7,9),(8,6);
/*!40000 ALTER TABLE `host_template_snmp_query` ENABLE KEYS */;
UNLOCK TABLES;

--
-- Table structure for table `poller`
--

DROP TABLE IF EXISTS `poller`;
SET @saved_cs_client     = @@character_set_client;
SET character_set_client = utf8;
CREATE TABLE `poller` (
  `id` smallint(5) unsigned NOT NULL auto_increment,
  `hostname` varchar(250) NOT NULL default '',
  `ip_address` int(11) unsigned NOT NULL default '0',
  `last_update` datetime NOT NULL default '0000-00-00 00:00:00',
  PRIMARY KEY  (`id`)
) ENGINE=MyISAM DEFAULT CHARSET=latin1;
SET character_set_client = @saved_cs_client;

--
-- Dumping data for table `poller`
--

LOCK TABLES `poller` WRITE;
/*!40000 ALTER TABLE `poller` DISABLE KEYS */;
/*!40000 ALTER TABLE `poller` ENABLE KEYS */;
UNLOCK TABLES;

--
-- Table structure for table `poller_command`
--

DROP TABLE IF EXISTS `poller_command`;
SET @saved_cs_client     = @@character_set_client;
SET character_set_client = utf8;
CREATE TABLE `poller_command` (
  `poller_id` smallint(5) unsigned NOT NULL default '0',
  `time` datetime NOT NULL default '0000-00-00 00:00:00',
  `action` tinyint(3) unsigned NOT NULL default '0',
  `command` varchar(200) NOT NULL default '',
  PRIMARY KEY  (`poller_id`,`action`,`command`)
) ENGINE=MyISAM DEFAULT CHARSET=latin1;
SET character_set_client = @saved_cs_client;

--
-- Dumping data for table `poller_command`
--

LOCK TABLES `poller_command` WRITE;
/*!40000 ALTER TABLE `poller_command` DISABLE KEYS */;
/*!40000 ALTER TABLE `poller_command` ENABLE KEYS */;
UNLOCK TABLES;

--
-- Table structure for table `poller_item`
--

DROP TABLE IF EXISTS `poller_item`;
SET @saved_cs_client     = @@character_set_client;
SET character_set_client = utf8;
CREATE TABLE `poller_item` (
  `local_data_id` mediumint(8) unsigned NOT NULL default '0',
  `poller_id` smallint(5) unsigned NOT NULL default '0',
  `host_id` mediumint(8) NOT NULL default '0',
  `action` tinyint(2) unsigned NOT NULL default '1',
  `hostname` varchar(250) NOT NULL default '',
  `snmp_community` varchar(100) NOT NULL default '',
  `snmp_version` tinyint(1) unsigned NOT NULL default '0',
  `snmp_username` varchar(50) NOT NULL default '',
  `snmp_password` varchar(50) NOT NULL default '',
  `snmp_auth_protocol` varchar(5) NOT NULL default '',
  `snmp_priv_passphrase` varchar(200) NOT NULL default '',
  `snmp_priv_protocol` varchar(6) NOT NULL default '',
  `snmp_context` varchar(64) default '',
  `snmp_port` mediumint(5) unsigned NOT NULL default '161',
  `snmp_timeout` mediumint(8) unsigned NOT NULL default '0',
  `rrd_name` varchar(19) NOT NULL default '',
  `rrd_path` varchar(255) NOT NULL default '',
  `rrd_num` tinyint(2) unsigned NOT NULL default '0',
  `rrd_step` mediumint(8) NOT NULL default '300',
  `rrd_next_step` mediumint(8) NOT NULL default '0',
  `arg1` text,
  `arg2` varchar(255) default NULL,
  `arg3` varchar(255) default NULL,
  PRIMARY KEY  (`local_data_id`,`rrd_name`),
  KEY `local_data_id` (`local_data_id`),
  KEY `host_id` (`host_id`),
  KEY `rrd_next_step` (`rrd_next_step`),
  KEY `action` (`action`)
) ENGINE=MyISAM DEFAULT CHARSET=latin1;
SET character_set_client = @saved_cs_client;

--
-- Dumping data for table `poller_item`
--

LOCK TABLES `poller_item` WRITE;
/*!40000 ALTER TABLE `poller_item` DISABLE KEYS */;
INSERT INTO `poller_item` VALUES (3,0,1,1,'127.0.0.1','public',0,'','','MD5','','DES','',161,500,'mem_buffers','/var/www/html/cacti1/rra/localhost_mem_buffers_3.rrd',1,300,0,'perl /var/www/html/cacti1/scripts/linux_memory.pl MemFree:','',''),(4,0,1,1,'127.0.0.1','public',0,'','','MD5','','DES','',161,500,'mem_swap','/var/www/html/cacti1/rra/localhost_mem_swap_4.rrd',1,300,0,'perl /var/www/html/cacti1/scripts/linux_memory.pl SwapFree:','',''),(5,0,1,1,'127.0.0.1','public',0,'','','MD5','','DES','',161,500,'','/var/www/html/cacti1/rra/localhost_load_1min_5.rrd',1,300,0,'perl /var/www/html/cacti1/scripts/loadavg_multi.pl','',''),(6,0,1,1,'127.0.0.1','public',0,'','','MD5','','DES','',161,500,'users','/var/www/html/cacti1/rra/localhost_users_6.rrd',1,300,0,'perl /var/www/html/cacti1/scripts/unix_users.pl ','',''),(7,0,1,1,'127.0.0.1','public',0,'','','MD5','','DES','',161,500,'proc','/var/www/html/cacti1/rra/localhost_proc_7.rrd',1,300,0,'perl /var/www/html/cacti1/scripts/unix_processes.pl','',''),(8,0,1,1,'127.0.0.1','public',0,'','','MD5','','DES','',161,500,'','/var/www/html/cacti1/rra/localhost_free_pages_8.rrd',1,300,0,'/usr/bin/php -q /var/www/html/cacti1/scripts/ss_get_mysql_stats.php --host 127.0.0.1 --items aa,ab,ac,ad --user  --pass  --port ','',''),(9,0,1,1,'127.0.0.1','public',0,'','','MD5','','DES','',161,500,'','/var/www/html/cacti1/rra/localhost_com_select_9.rrd',1,300,0,'/usr/bin/php -q /var/www/html/cacti1/scripts/ss_get_mysql_stats.php --host 127.0.0.1 --items c2,c3,c4,c5,c6,c7,c8,c9,ca,cb,cc --user  --pass  --port ','',''),(10,0,1,1,'127.0.0.1','public',0,'','','MD5','','DES','',161,500,'','/var/www/html/cacti1/rra/localhost_threads_connected_10.rrd',1,300,0,'/usr/bin/php -q /var/www/html/cacti1/scripts/ss_get_mysql_stats.php --host 127.0.0.1 --items bd,be,bf,bi,bl,bn --user  --pass  --port ','',''),(11,0,1,1,'127.0.0.1','public',0,'','','MD5','','DES','',161,500,'','/var/www/html/cacti1/rra/localhost_opened_tables_11.rrd',1,300,0,'/usr/bin/php -q /var/www/html/cacti1/scripts/ss_get_mysql_stats.php --host 127.0.0.1 --items b7,b8,b9,bc --user  --pass  --port ','',''),(12,0,1,1,'127.0.0.1','public',0,'','','MD5','','DES','',161,500,'','/var/www/html/cacti1/rra/localhost_bytes_received_12.rrd',1,300,0,'/usr/bin/php -q /var/www/html/cacti1/scripts/ss_get_mysql_stats.php --host 127.0.0.1 --items cp,cq --user  --pass  --port ','',''),(13,0,1,1,'127.0.0.1','public',0,'','','MD5','','DES','',161,500,'','/var/www/html/cacti1/rra/localhost_qcache_inserts_13.rrd',1,300,0,'/usr/bin/php -q /var/www/html/cacti1/scripts/ss_get_mysql_stats.php --host 127.0.0.1 --items bv,bw,bx,by,bz --user  --pass  --port ','',''),(14,0,1,1,'127.0.0.1','public',0,'','','MD5','','DES','',161,500,'','/var/www/html/cacti1/rra/localhost_created_tmp_tables_14.rrd',1,300,0,'/usr/bin/php -q /var/www/html/cacti1/scripts/ss_get_mysql_stats.php --host 127.0.0.1 --items cm,cn,co --user  --pass  --port ','',''),(15,0,1,1,'127.0.0.1','public',0,'','','MD5','','DES','',161,500,'','/var/www/html/cacti1/rra/localhost_table_locks_immedit_15.rrd',1,300,0,'/usr/bin/php -q /var/www/html/cacti1/scripts/ss_get_mysql_stats.php --host 127.0.0.1 --items b4,b5,b6 --user  --pass  --port ','',''),(27,0,3,0,'192.168.100.48','addv-db2',1,'','','','','','',161,500,'cpu_nice','/var/www/html/cacti1/rra/db2_addventures_com_cpu_nice_27.rrd',1,300,0,'.1.3.6.1.4.1.2021.11.51.0','',''),(28,0,3,0,'192.168.100.48','addv-db2',1,'','','','','','',161,500,'cpu_system','/var/www/html/cacti1/rra/db2_addventures_com_cpu_system_28.rrd',1,300,0,'.1.3.6.1.4.1.2021.11.52.0','',''),(29,0,3,0,'192.168.100.48','addv-db2',1,'','','','','','',161,500,'cpu_user','/var/www/html/cacti1/rra/db2_addventures_com_cpu_user_29.rrd',1,300,0,'.1.3.6.1.4.1.2021.11.50.0','',''),(30,0,3,0,'192.168.100.48','addv-db2',1,'','','','','','',161,500,'load_1min','/var/www/html/cacti1/rra/db2_addventures_com_load_1min_30.rrd',1,300,0,'.1.3.6.1.4.1.2021.10.1.3.1','',''),(31,0,3,0,'192.168.100.48','addv-db2',1,'','','','','','',161,500,'load_15min','/var/www/html/cacti1/rra/db2_addventures_com_load_15min_31.rrd',1,300,0,'.1.3.6.1.4.1.2021.10.1.3.3','',''),(32,0,3,0,'192.168.100.48','addv-db2',1,'','','','','','',161,500,'load_5min','/var/www/html/cacti1/rra/db2_addventures_com_load_5min_32.rrd',1,300,0,'.1.3.6.1.4.1.2021.10.1.3.2','',''),(33,0,3,0,'192.168.100.48','addv-db2',1,'','','','','','',161,500,'mem_buffers','/var/www/html/cacti1/rra/db2_addventures_com_mem_buffers_33.rrd',1,300,0,'.1.3.6.1.4.1.2021.4.14.0','',''),(34,0,3,0,'192.168.100.48','addv-db2',1,'','','','','','',161,500,'mem_cache','/var/www/html/cacti1/rra/db2_addventures_com_mem_cache_34.rrd',1,300,0,'.1.3.6.1.4.1.2021.4.15.0','',''),(35,0,3,0,'192.168.100.48','addv-db2',1,'','','','','','',161,500,'mem_free','/var/www/html/cacti1/rra/db2_addventures_com_mem_free_35.rrd',1,300,0,'.1.3.6.1.4.1.2021.4.6.0','',''),(36,0,3,1,'192.168.100.48','addv-db2',1,'','','','','','',161,500,'','/var/www/html/cacti1/rra/db2_addventures_com_com_select_36.rrd',1,300,0,'/usr/bin/php -q /var/www/html/cacti1/scripts/ss_get_mysql_stats.php --host 192.168.100.48 --items c2,c3,c4,c5,c6,c7,c8,c9,ca,cb,cc --user  --pass  --port ','',''),(37,0,3,0,'192.168.100.48','addv-db2',1,'','','','','','',161,500,'traffic_out','/var/www/html/cacti1/rra/db2_addventures_com_traffic_in_37.rrd',2,300,0,'.1.3.6.1.2.1.2.2.1.16.3','',''),(37,0,3,0,'192.168.100.48','addv-db2',1,'','','','','','',161,500,'traffic_in','/var/www/html/cacti1/rra/db2_addventures_com_traffic_in_37.rrd',2,300,0,'.1.3.6.1.2.1.2.2.1.10.3','',''),(38,0,4,0,'192.168.100.42','webserv1-addv',1,'','','','','','',161,500,'cpu_nice','/var/www/html/cacti1/rra/webserver1-addventures_cpu_nice_38.rrd',1,300,0,'.1.3.6.1.4.1.2021.11.51.0','',''),(39,0,4,0,'192.168.100.42','webserv1-addv',1,'','','','','','',161,500,'cpu_system','/var/www/html/cacti1/rra/webserver1-addventures_cpu_system_39.rrd',1,300,0,'.1.3.6.1.4.1.2021.11.52.0','',''),(40,0,4,0,'192.168.100.42','webserv1-addv',1,'','','','','','',161,500,'cpu_user','/var/www/html/cacti1/rra/webserver1-addventures_cpu_user_40.rrd',1,300,0,'.1.3.6.1.4.1.2021.11.50.0','',''),(41,0,4,0,'192.168.100.42','webserv1-addv',1,'','','','','','',161,500,'load_1min','/var/www/html/cacti1/rra/webserver1-addventures_load_1min_41.rrd',1,300,0,'.1.3.6.1.4.1.2021.10.1.3.1','',''),(42,0,4,0,'192.168.100.42','webserv1-addv',1,'','','','','','',161,500,'load_15min','/var/www/html/cacti1/rra/webserver1-addventures_load_15min_42.rrd',1,300,0,'.1.3.6.1.4.1.2021.10.1.3.3','',''),(43,0,4,0,'192.168.100.42','webserv1-addv',1,'','','','','','',161,500,'load_5min','/var/www/html/cacti1/rra/webserver1-addventures_load_5min_43.rrd',1,300,0,'.1.3.6.1.4.1.2021.10.1.3.2','',''),(44,0,4,0,'192.168.100.42','webserv1-addv',1,'','','','','','',161,500,'mem_buffers','/var/www/html/cacti1/rra/webserver1-addventures_mem_buffers_44.rrd',1,300,0,'.1.3.6.1.4.1.2021.4.14.0','',''),(45,0,4,0,'192.168.100.42','webserv1-addv',1,'','','','','','',161,500,'mem_cache','/var/www/html/cacti1/rra/webserver1-addventures_mem_cache_45.rrd',1,300,0,'.1.3.6.1.4.1.2021.4.15.0','',''),(46,0,4,0,'192.168.100.42','webserv1-addv',1,'','','','','','',161,500,'mem_free','/var/www/html/cacti1/rra/webserver1-addventures_mem_free_46.rrd',1,300,0,'.1.3.6.1.4.1.2021.4.6.0','',''),(47,0,4,1,'192.168.100.42','webserv1-addv',1,'','','','','','',161,500,'users','/var/www/html/cacti1/rra/webserver1-addventures_users_47.rrd',1,300,0,'perl /var/www/html/cacti1/scripts/unix_users.pl ','',''),(48,0,4,0,'192.168.100.42','webserv1-addv',1,'','','','','','',161,500,'traffic_in','/var/www/html/cacti1/rra/webserver1-addventures_traffic_in_48.rrd',2,300,0,'.1.3.6.1.2.1.2.2.1.10.3','',''),(48,0,4,0,'192.168.100.42','webserv1-addv',1,'','','','','','',161,500,'traffic_out','/var/www/html/cacti1/rra/webserver1-addventures_traffic_in_48.rrd',2,300,0,'.1.3.6.1.2.1.2.2.1.16.3','',''),(49,0,5,0,'192.168.100.44','web2-addventures',1,'','','','','','',161,500,'cpu_nice','/var/www/html/cacti1/rra/web2-addventures_cpu_nice_49.rrd',1,300,0,'.1.3.6.1.4.1.2021.11.51.0','',''),(50,0,5,0,'192.168.100.44','web2-addventures',1,'','','','','','',161,500,'cpu_system','/var/www/html/cacti1/rra/web2-addventures_cpu_system_50.rrd',1,300,0,'.1.3.6.1.4.1.2021.11.52.0','',''),(51,0,5,0,'192.168.100.44','web2-addventures',1,'','','','','','',161,500,'cpu_user','/var/www/html/cacti1/rra/web2-addventures_cpu_user_51.rrd',1,300,0,'.1.3.6.1.4.1.2021.11.50.0','',''),(52,0,5,0,'192.168.100.44','web2-addventures',1,'','','','','','',161,500,'load_1min','/var/www/html/cacti1/rra/web2-addventures_load_1min_52.rrd',1,300,0,'.1.3.6.1.4.1.2021.10.1.3.1','',''),(53,0,5,0,'192.168.100.44','web2-addventures',1,'','','','','','',161,500,'load_15min','/var/www/html/cacti1/rra/web2-addventures_load_15min_53.rrd',1,300,0,'.1.3.6.1.4.1.2021.10.1.3.3','',''),(54,0,5,0,'192.168.100.44','web2-addventures',1,'','','','','','',161,500,'load_5min','/var/www/html/cacti1/rra/web2-addventures_load_5min_54.rrd',1,300,0,'.1.3.6.1.4.1.2021.10.1.3.2','',''),(55,0,5,0,'192.168.100.44','web2-addventures',1,'','','','','','',161,500,'mem_buffers','/var/www/html/cacti1/rra/web2-addventures_mem_buffers_55.rrd',1,300,0,'.1.3.6.1.4.1.2021.4.14.0','',''),(56,0,5,0,'192.168.100.44','web2-addventures',1,'','','','','','',161,500,'mem_cache','/var/www/html/cacti1/rra/web2-addventures_mem_cache_56.rrd',1,300,0,'.1.3.6.1.4.1.2021.4.15.0','',''),(57,0,5,0,'192.168.100.44','web2-addventures',1,'','','','','','',161,500,'mem_free','/var/www/html/cacti1/rra/web2-addventures_mem_free_57.rrd',1,300,0,'.1.3.6.1.4.1.2021.4.6.0','',''),(58,0,5,0,'192.168.100.44','web2-addventures',1,'','','','','','',161,500,'traffic_in','/var/www/html/cacti1/rra/web2-addventures_traffic_in_58.rrd',2,300,0,'.1.3.6.1.2.1.2.2.1.10.2','',''),(58,0,5,0,'192.168.100.44','web2-addventures',1,'','','','','','',161,500,'traffic_out','/var/www/html/cacti1/rra/web2-addventures_traffic_in_58.rrd',2,300,0,'.1.3.6.1.2.1.2.2.1.16.2','',''),(59,0,5,1,'192.168.100.44','web2-addventures',1,'','','','','','',161,500,'proc','/var/www/html/cacti1/rra/web2-addventures_proc_59.rrd',1,300,0,'perl /var/www/html/cacti1/scripts/unix_processes.pl','',''),(61,0,6,0,'192.168.100.38','dev1app-addv',1,'','','','','','',161,500,'traffic_in','/var/www/html/cacti1/rra/dev1app_addventures_com_traffic_in_61.rrd',2,300,0,'.1.3.6.1.2.1.2.2.1.10.2','',''),(61,0,6,0,'192.168.100.38','dev1app-addv',1,'','','','','','',161,500,'traffic_out','/var/www/html/cacti1/rra/dev1app_addventures_com_traffic_in_61.rrd',2,300,0,'.1.3.6.1.2.1.2.2.1.16.2','',''),(64,0,6,0,'192.168.100.38','dev1app-addv',1,'','','','','','',161,500,'cpu_nice','/var/www/html/cacti1/rra/dev1app_addventures_com_cpu_nice_64.rrd',1,300,0,'.1.3.6.1.4.1.2021.11.51.0','',''),(65,0,6,0,'192.168.100.38','dev1app-addv',1,'','','','','','',161,500,'cpu_system','/var/www/html/cacti1/rra/dev1app_addventures_com_cpu_system_65.rrd',1,300,0,'.1.3.6.1.4.1.2021.11.52.0','',''),(66,0,6,0,'192.168.100.38','dev1app-addv',1,'','','','','','',161,500,'cpu_user','/var/www/html/cacti1/rra/dev1app_addventures_com_cpu_user_66.rrd',1,300,0,'.1.3.6.1.4.1.2021.11.50.0','',''),(67,0,6,0,'192.168.100.38','dev1app-addv',1,'','','','','','',161,500,'load_1min','/var/www/html/cacti1/rra/dev1app_addventures_com_load_1min_67.rrd',1,300,0,'.1.3.6.1.4.1.2021.10.1.3.1','',''),(68,0,6,0,'192.168.100.38','dev1app-addv',1,'','','','','','',161,500,'load_15min','/var/www/html/cacti1/rra/dev1app_addventures_com_load_15min_68.rrd',1,300,0,'.1.3.6.1.4.1.2021.10.1.3.3','',''),(69,0,6,0,'192.168.100.38','dev1app-addv',1,'','','','','','',161,500,'load_5min','/var/www/html/cacti1/rra/dev1app_addventures_com_load_5min_69.rrd',1,300,0,'.1.3.6.1.4.1.2021.10.1.3.2','',''),(70,0,6,0,'192.168.100.38','dev1app-addv',1,'','','','','','',161,500,'mem_buffers','/var/www/html/cacti1/rra/dev1app_addventures_com_mem_buffers_70.rrd',1,300,0,'.1.3.6.1.4.1.2021.4.14.0','',''),(71,0,6,0,'192.168.100.38','dev1app-addv',1,'','','','','','',161,500,'mem_cache','/var/www/html/cacti1/rra/dev1app_addventures_com_mem_cache_71.rrd',1,300,0,'.1.3.6.1.4.1.2021.4.15.0','',''),(72,0,6,0,'192.168.100.38','dev1app-addv',1,'','','','','','',161,500,'mem_free','/var/www/html/cacti1/rra/dev1app_addventures_com_mem_free_72.rrd',1,300,0,'.1.3.6.1.4.1.2021.4.6.0','',''),(73,0,6,1,'192.168.100.38','dev1app-addv',1,'','','','','','',161,500,'','/var/www/html/cacti1/rra/dev1app_addventures_com_locked_transactions_73.rrd',1,300,0,'/usr/bin/php -q /var/www/html/cacti1/scripts/ss_get_mysql_stats.php --host 192.168.100.38 --items a8,a9 --user  --pass  --port ','',''),(74,0,7,0,'207.21.210.40','dev1db.addventures',1,'','','','','','',161,500,'cpu_nice','/var/www/html/cacti1/rra/dev_addventures_cpu_nice_74.rrd',1,300,0,'.1.3.6.1.4.1.2021.11.51.0','',''),(75,0,7,0,'207.21.210.40','dev1db.addventures',1,'','','','','','',161,500,'cpu_system','/var/www/html/cacti1/rra/dev_addventures_cpu_system_75.rrd',1,300,0,'.1.3.6.1.4.1.2021.11.52.0','',''),(76,0,7,0,'207.21.210.40','dev1db.addventures',1,'','','','','','',161,500,'cpu_user','/var/www/html/cacti1/rra/dev_addventures_cpu_user_76.rrd',1,300,0,'.1.3.6.1.4.1.2021.11.50.0','',''),(77,0,7,0,'207.21.210.40','dev1db.addventures',1,'','','','','','',161,500,'load_1min','/var/www/html/cacti1/rra/dev_addventures_load_1min_77.rrd',1,300,0,'.1.3.6.1.4.1.2021.10.1.3.1','',''),(78,0,7,0,'207.21.210.40','dev1db.addventures',1,'','','','','','',161,500,'load_15min','/var/www/html/cacti1/rra/dev_addventures_load_15min_78.rrd',1,300,0,'.1.3.6.1.4.1.2021.10.1.3.3','',''),(79,0,7,0,'207.21.210.40','dev1db.addventures',1,'','','','','','',161,500,'load_5min','/var/www/html/cacti1/rra/dev_addventures_load_5min_79.rrd',1,300,0,'.1.3.6.1.4.1.2021.10.1.3.2','',''),(80,0,7,0,'207.21.210.40','dev1db.addventures',1,'','','','','','',161,500,'mem_buffers','/var/www/html/cacti1/rra/dev_addventures_mem_buffers_80.rrd',1,300,0,'.1.3.6.1.4.1.2021.4.14.0','',''),(81,0,7,0,'207.21.210.40','dev1db.addventures',1,'','','','','','',161,500,'mem_cache','/var/www/html/cacti1/rra/dev_addventures_mem_cache_81.rrd',1,300,0,'.1.3.6.1.4.1.2021.4.15.0','',''),(82,0,7,0,'207.21.210.40','dev1db.addventures',1,'','','','','','',161,500,'mem_free','/var/www/html/cacti1/rra/dev_addventures_mem_free_82.rrd',1,300,0,'.1.3.6.1.4.1.2021.4.6.0','',''),(83,0,7,1,'207.21.210.40','dev1db.addventures',1,'','','','','','',161,500,'proc','/var/www/html/cacti1/rra/dev_addventures_proc_83.rrd',1,300,0,'perl /var/www/html/cacti1/scripts/unix_processes.pl','',''),(86,0,8,0,'207.21.210.52','storage.addventures',1,'','','','','','',161,500,'cpu_nice','/var/www/html/cacti1/rra/storage_addventures_com_cpu_nice_86.rrd',1,300,0,'.1.3.6.1.4.1.2021.11.51.0','',''),(87,0,8,0,'207.21.210.52','storage.addventures',1,'','','','','','',161,500,'cpu_system','/var/www/html/cacti1/rra/storage_addventures_com_cpu_system_87.rrd',1,300,0,'.1.3.6.1.4.1.2021.11.52.0','',''),(88,0,8,0,'207.21.210.52','storage.addventures',1,'','','','','','',161,500,'cpu_user','/var/www/html/cacti1/rra/storage_addventures_com_cpu_user_88.rrd',1,300,0,'.1.3.6.1.4.1.2021.11.50.0','',''),(89,0,8,0,'207.21.210.52','storage.addventures',1,'','','','','','',161,500,'load_1min','/var/www/html/cacti1/rra/storage_addventures_com_load_1min_89.rrd',1,300,0,'.1.3.6.1.4.1.2021.10.1.3.1','',''),(90,0,8,0,'207.21.210.52','storage.addventures',1,'','','','','','',161,500,'load_15min','/var/www/html/cacti1/rra/storage_addventures_com_load_15min_90.rrd',1,300,0,'.1.3.6.1.4.1.2021.10.1.3.3','',''),(91,0,8,0,'207.21.210.52','storage.addventures',1,'','','','','','',161,500,'load_5min','/var/www/html/cacti1/rra/storage_addventures_com_load_5min_91.rrd',1,300,0,'.1.3.6.1.4.1.2021.10.1.3.2','',''),(92,0,8,0,'207.21.210.52','storage.addventures',1,'','','','','','',161,500,'mem_buffers','/var/www/html/cacti1/rra/storage_addventures_com_mem_buffers_92.rrd',1,300,0,'.1.3.6.1.4.1.2021.4.14.0','',''),(93,0,8,0,'207.21.210.52','storage.addventures',1,'','','','','','',161,500,'mem_cache','/var/www/html/cacti1/rra/storage_addventures_com_mem_cache_93.rrd',1,300,0,'.1.3.6.1.4.1.2021.4.15.0','',''),(94,0,8,0,'207.21.210.52','storage.addventures',1,'','','','','','',161,500,'mem_free','/var/www/html/cacti1/rra/storage_addventures_com_mem_free_94.rrd',1,300,0,'.1.3.6.1.4.1.2021.4.6.0','',''),(95,0,8,1,'207.21.210.52','storage.addventures',1,'','','','','','',161,500,'proc','/var/www/html/cacti1/rra/storage_addventures_com_proc_95.rrd',1,300,0,'perl /var/www/html/cacti1/scripts/unix_processes.pl','','');
/*!40000 ALTER TABLE `poller_item` ENABLE KEYS */;
UNLOCK TABLES;

--
-- Table structure for table `poller_output`
--

DROP TABLE IF EXISTS `poller_output`;
SET @saved_cs_client     = @@character_set_client;
SET character_set_client = utf8;
CREATE TABLE `poller_output` (
  `local_data_id` mediumint(8) unsigned NOT NULL default '0',
  `rrd_name` varchar(19) NOT NULL default '',
  `time` datetime NOT NULL default '0000-00-00 00:00:00',
  `output` text NOT NULL,
  PRIMARY KEY  (`local_data_id`,`rrd_name`,`time`)
) ENGINE=MyISAM DEFAULT CHARSET=latin1;
SET character_set_client = @saved_cs_client;

--
-- Dumping data for table `poller_output`
--

LOCK TABLES `poller_output` WRITE;
/*!40000 ALTER TABLE `poller_output` DISABLE KEYS */;
/*!40000 ALTER TABLE `poller_output` ENABLE KEYS */;
UNLOCK TABLES;

--
-- Table structure for table `poller_reindex`
--

DROP TABLE IF EXISTS `poller_reindex`;
SET @saved_cs_client     = @@character_set_client;
SET character_set_client = utf8;
CREATE TABLE `poller_reindex` (
  `host_id` mediumint(8) unsigned NOT NULL default '0',
  `data_query_id` mediumint(8) unsigned NOT NULL default '0',
  `action` tinyint(3) unsigned NOT NULL default '0',
  `op` char(1) NOT NULL default '',
  `assert_value` varchar(100) NOT NULL default '',
  `arg1` varchar(255) NOT NULL default '',
  PRIMARY KEY  (`host_id`,`data_query_id`,`arg1`)
) ENGINE=MyISAM DEFAULT CHARSET=latin1;
SET character_set_client = @saved_cs_client;

--
-- Dumping data for table `poller_reindex`
--

LOCK TABLES `poller_reindex` WRITE;
/*!40000 ALTER TABLE `poller_reindex` DISABLE KEYS */;
INSERT INTO `poller_reindex` VALUES (3,1,0,'<','1019814234','.1.3.6.1.2.1.1.3.0'),(3,2,0,'<','1019814234','.1.3.6.1.2.1.1.3.0'),(4,1,0,'<','987071688','.1.3.6.1.2.1.1.3.0'),(4,2,0,'<','987071688','.1.3.6.1.2.1.1.3.0'),(5,1,0,'<','986514354','.1.3.6.1.2.1.1.3.0'),(5,2,0,'<','986514354','.1.3.6.1.2.1.1.3.0'),(6,1,0,'<','433521165','.1.3.6.1.2.1.1.3.0'),(6,2,0,'<','433521165','.1.3.6.1.2.1.1.3.0'),(7,1,0,'<','154431051','.1.3.6.1.2.1.1.3.0'),(7,2,0,'<','154431051','.1.3.6.1.2.1.1.3.0'),(8,1,0,'<','371017658','.1.3.6.1.2.1.1.3.0'),(8,2,0,'<','371017658','.1.3.6.1.2.1.1.3.0');
/*!40000 ALTER TABLE `poller_reindex` ENABLE KEYS */;
UNLOCK TABLES;

--
-- Table structure for table `poller_time`
--

DROP TABLE IF EXISTS `poller_time`;
SET @saved_cs_client     = @@character_set_client;
SET character_set_client = utf8;
CREATE TABLE `poller_time` (
  `id` mediumint(8) unsigned NOT NULL auto_increment,
  `pid` int(11) unsigned NOT NULL default '0',
  `poller_id` smallint(5) unsigned NOT NULL default '0',
  `start_time` datetime NOT NULL default '0000-00-00 00:00:00',
  `end_time` datetime NOT NULL default '0000-00-00 00:00:00',
  PRIMARY KEY  (`id`)
) ENGINE=MyISAM AUTO_INCREMENT=2 DEFAULT CHARSET=latin1;
SET character_set_client = @saved_cs_client;

--
-- Dumping data for table `poller_time`
--

LOCK TABLES `poller_time` WRITE;
/*!40000 ALTER TABLE `poller_time` DISABLE KEYS */;
INSERT INTO `poller_time` VALUES (1,21490,0,'2011-07-07 11:40:01','2011-07-07 11:40:07');
/*!40000 ALTER TABLE `poller_time` ENABLE KEYS */;
UNLOCK TABLES;

--
-- Table structure for table `rra`
--

DROP TABLE IF EXISTS `rra`;
SET @saved_cs_client     = @@character_set_client;
SET character_set_client = utf8;
CREATE TABLE `rra` (
  `id` mediumint(8) unsigned NOT NULL auto_increment,
  `hash` varchar(32) NOT NULL default '',
  `name` varchar(100) NOT NULL default '',
  `x_files_factor` double NOT NULL default '0.1',
  `steps` mediumint(8) default '1',
  `rows` int(12) NOT NULL default '600',
  `timespan` int(12) unsigned NOT NULL default '0',
  PRIMARY KEY  (`id`)
) ENGINE=MyISAM AUTO_INCREMENT=6 DEFAULT CHARSET=latin1;
SET character_set_client = @saved_cs_client;

--
-- Dumping data for table `rra`
--

LOCK TABLES `rra` WRITE;
/*!40000 ALTER TABLE `rra` DISABLE KEYS */;
INSERT INTO `rra` VALUES (1,'c21df5178e5c955013591239eb0afd46','Daily (5 Minute Average)',0.5,1,600,86400),(2,'0d9c0af8b8acdc7807943937b3208e29','Weekly (30 Minute Average)',0.5,6,700,604800),(3,'6fc2d038fb42950138b0ce3e9874cc60','Monthly (2 Hour Average)',0.5,24,775,2678400),(4,'e36f3adb9f152adfa5dc50fd2b23337e','Yearly (1 Day Average)',0.5,288,797,33053184),(5,'283ea2bf1634d92ce081ec82a634f513','Hourly (1 Minute Average)',0.5,1,500,14400);
/*!40000 ALTER TABLE `rra` ENABLE KEYS */;
UNLOCK TABLES;

--
-- Table structure for table `rra_cf`
--

DROP TABLE IF EXISTS `rra_cf`;
SET @saved_cs_client     = @@character_set_client;
SET character_set_client = utf8;
CREATE TABLE `rra_cf` (
  `rra_id` mediumint(8) unsigned NOT NULL default '0',
  `consolidation_function_id` smallint(5) unsigned NOT NULL default '0',
  PRIMARY KEY  (`rra_id`,`consolidation_function_id`),
  KEY `rra_id` (`rra_id`)
) ENGINE=MyISAM DEFAULT CHARSET=latin1;
SET character_set_client = @saved_cs_client;

--
-- Dumping data for table `rra_cf`
--

LOCK TABLES `rra_cf` WRITE;
/*!40000 ALTER TABLE `rra_cf` DISABLE KEYS */;
INSERT INTO `rra_cf` VALUES (1,1),(1,3),(2,1),(2,3),(3,1),(3,3),(4,1),(4,3),(5,1),(5,3);
/*!40000 ALTER TABLE `rra_cf` ENABLE KEYS */;
UNLOCK TABLES;

--
-- Table structure for table `settings`
--

DROP TABLE IF EXISTS `settings`;
SET @saved_cs_client     = @@character_set_client;
SET character_set_client = utf8;
CREATE TABLE `settings` (
  `name` varchar(50) NOT NULL default '',
  `value` varchar(255) NOT NULL default '',
  PRIMARY KEY  (`name`)
) ENGINE=MyISAM DEFAULT CHARSET=latin1;
SET character_set_client = @saved_cs_client;

--
-- Dumping data for table `settings`
--

LOCK TABLES `settings` WRITE;
/*!40000 ALTER TABLE `settings` DISABLE KEYS */;
INSERT INTO `settings` VALUES ('path_rrdtool','/usr/bin/rrdtool'),('path_php_binary','/usr/bin/php'),('path_snmpwalk','/usr/bin/snmpwalk'),('path_snmpget','/usr/bin/snmpget'),('path_snmpbulkwalk','/usr/bin/snmpbulkwalk'),('path_snmpgetnext','/usr/bin/snmpgetnext'),('path_cactilog','/usr/share/cacti/log/cacti.log'),('snmp_version','net-snmp'),('rrdtool_version','rrd-1.2.x'),('poller_lastrun','1310053201'),('path_webroot','/usr/share/cacti'),('date','2011-07-07 11:40:01'),('stats_poller','Time:6.2145 Method:cmd.php Processes:1 Threads:N/A Hosts:8 HostsPerProcess:8 DataSources:81 RRDsProcessed:57'),('stats_recache','RecacheTime:0.0 HostsRecached:0');
/*!40000 ALTER TABLE `settings` ENABLE KEYS */;
UNLOCK TABLES;

--
-- Table structure for table `settings_graphs`
--

DROP TABLE IF EXISTS `settings_graphs`;
SET @saved_cs_client     = @@character_set_client;
SET character_set_client = utf8;
CREATE TABLE `settings_graphs` (
  `user_id` smallint(8) unsigned NOT NULL default '0',
  `name` varchar(50) NOT NULL default '',
  `value` varchar(255) NOT NULL default '',
  PRIMARY KEY  (`user_id`,`name`)
) ENGINE=MyISAM DEFAULT CHARSET=latin1;
SET character_set_client = @saved_cs_client;

--
-- Dumping data for table `settings_graphs`
--

LOCK TABLES `settings_graphs` WRITE;
/*!40000 ALTER TABLE `settings_graphs` DISABLE KEYS */;
/*!40000 ALTER TABLE `settings_graphs` ENABLE KEYS */;
UNLOCK TABLES;

--
-- Table structure for table `settings_tree`
--

DROP TABLE IF EXISTS `settings_tree`;
SET @saved_cs_client     = @@character_set_client;
SET character_set_client = utf8;
CREATE TABLE `settings_tree` (
  `user_id` mediumint(8) unsigned NOT NULL default '0',
  `graph_tree_item_id` mediumint(8) unsigned NOT NULL default '0',
  `status` tinyint(1) NOT NULL default '0',
  PRIMARY KEY  (`user_id`,`graph_tree_item_id`)
) ENGINE=MyISAM DEFAULT CHARSET=latin1;
SET character_set_client = @saved_cs_client;

--
-- Dumping data for table `settings_tree`
--

LOCK TABLES `settings_tree` WRITE;
/*!40000 ALTER TABLE `settings_tree` DISABLE KEYS */;
/*!40000 ALTER TABLE `settings_tree` ENABLE KEYS */;
UNLOCK TABLES;

--
-- Table structure for table `snmp_query`
--

DROP TABLE IF EXISTS `snmp_query`;
SET @saved_cs_client     = @@character_set_client;
SET character_set_client = utf8;
CREATE TABLE `snmp_query` (
  `id` mediumint(8) unsigned NOT NULL auto_increment,
  `hash` varchar(32) NOT NULL default '',
  `xml_path` varchar(255) NOT NULL default '',
  `name` varchar(100) NOT NULL default '',
  `description` varchar(255) default NULL,
  `graph_template_id` mediumint(8) unsigned NOT NULL default '0',
  `data_input_id` mediumint(8) unsigned NOT NULL default '0',
  PRIMARY KEY  (`id`),
  KEY `name` (`name`)
) ENGINE=MyISAM AUTO_INCREMENT=10 DEFAULT CHARSET=latin1;
SET character_set_client = @saved_cs_client;

--
-- Dumping data for table `snmp_query`
--

LOCK TABLES `snmp_query` WRITE;
/*!40000 ALTER TABLE `snmp_query` DISABLE KEYS */;
INSERT INTO `snmp_query` VALUES (1,'d75e406fdeca4fcef45b8be3a9a63cbc','<path_cacti>/resource/snmp_queries/interface.xml','SNMP - Interface Statistics','Queries a host for a list of monitorable interfaces',0,2),(2,'3c1b27d94ad208a0090f293deadde753','<path_cacti>/resource/snmp_queries/net-snmp_disk.xml','ucd/net -  Get Monitored Partitions','Retrieves a list of monitored partitions/disks from a net-snmp enabled host.',0,2),(3,'59aab7b0feddc7860002ed9303085ba5','<path_cacti>/resource/snmp_queries/kbridge.xml','Karlnet - Wireless Bridge Statistics','Gets information about the wireless connectivity of each station from a Karlnet bridge.',0,2),(4,'ad06f46e22e991cb47c95c7233cfaee8','<path_cacti>/resource/snmp_queries/netware_disk.xml','Netware - Get Available Volumes','Retrieves a list of volumes from a Netware server.',0,2),(6,'8ffa36c1864124b38bcda2ae9bd61f46','<path_cacti>/resource/script_queries/unix_disk.xml','Unix - Get Mounted Partitions','Queries a list of mounted partitions on a unix-based host with the',0,11),(7,'30ec734bc0ae81a3d995be82c73f46c1','<path_cacti>/resource/snmp_queries/netware_cpu.xml','Netware - Get Processor Information','Gets information about running processors in a Netware server',0,2),(8,'9343eab1f4d88b0e61ffc9d020f35414','<path_cacti>/resource/script_server/host_disk.xml','SNMP - Get Mounted Partitions','Gets a list of partitions using SNMP',0,12),(9,'0d1ab53fe37487a5d0b9e1d3ee8c1d0d','<path_cacti>/resource/script_server/host_cpu.xml','SNMP - Get Processor Information','Gets usage for each processor in the system using the host MIB.',0,12);
/*!40000 ALTER TABLE `snmp_query` ENABLE KEYS */;
UNLOCK TABLES;

--
-- Table structure for table `snmp_query_graph`
--

DROP TABLE IF EXISTS `snmp_query_graph`;
SET @saved_cs_client     = @@character_set_client;
SET character_set_client = utf8;
CREATE TABLE `snmp_query_graph` (
  `id` mediumint(8) unsigned NOT NULL auto_increment,
  `hash` varchar(32) NOT NULL default '',
  `snmp_query_id` mediumint(8) unsigned NOT NULL default '0',
  `name` varchar(100) NOT NULL default '',
  `graph_template_id` mediumint(8) unsigned NOT NULL default '0',
  PRIMARY KEY  (`id`)
) ENGINE=MyISAM AUTO_INCREMENT=23 DEFAULT CHARSET=latin1;
SET character_set_client = @saved_cs_client;

--
-- Dumping data for table `snmp_query_graph`
--

LOCK TABLES `snmp_query_graph` WRITE;
/*!40000 ALTER TABLE `snmp_query_graph` DISABLE KEYS */;
INSERT INTO `snmp_query_graph` VALUES (2,'a4b829746fb45e35e10474c36c69c0cf',1,'In/Out Errors/Discarded Packets',22),(3,'01e33224f8b15997d3d09d6b1bf83e18',1,'In/Out Non-Unicast Packets',24),(4,'1e6edee3115c42d644dbd014f0577066',1,'In/Out Unicast Packets',23),(6,'da43655bf1f641b07579256227806977',2,'Available/Used Disk Space',3),(7,'1cc468ef92a5779d37a26349e27ef3ba',3,'Wireless Levels',5),(8,'bef2dc94bc84bf91827f45424aac8d2a',3,'Wireless Transmissions',6),(9,'ab93b588c29731ab15db601ca0bc9dec',1,'In/Out Bytes (64-bit Counters)',25),(10,'5a5ce35edb4b195cbde99fd0161dfb4e',4,'Volume Information (free, freeable space)',19),(11,'c1c2cfd33eaf5064300e92e26e20bc56',4,'Directory Information (total/available entries)',20),(13,'ae34f5f385bed8c81a158bf3030f1089',1,'In/Out Bits',2),(14,'1e16a505ddefb40356221d7a50619d91',1,'In/Out Bits (64-bit Counters)',2),(15,'a0b3e7b63c2e66f9e1ea24a16ff245fc',6,'Available Disk Space',21),(16,'d1e0d9b8efd4af98d28ce2aad81a87e7',1,'In/Out Bytes',25),(17,'f6db4151aa07efa401a0af6c9b871844',7,'Get Processor Utilization',15),(18,'46c4ee688932cf6370459527eceb8ef3',8,'Available Disk Space',26),(19,'4a515b61441ea5f27ab7dee6c3cb7818',9,'Get Processor Utilization',27),(20,'ed7f68175d7bb83db8ead332fc945720',1,'In/Out Bits with 95th Percentile',31),(21,'f85386cd2fc94634ef167c7f1e5fbcd0',1,'In/Out Bits with Total Bandwidth',32),(22,'7d309bf200b6e3cdb59a33493c2e58e0',1,'In/Out Bytes with Total Bandwidth',33);
/*!40000 ALTER TABLE `snmp_query_graph` ENABLE KEYS */;
UNLOCK TABLES;

--
-- Table structure for table `snmp_query_graph_rrd`
--

DROP TABLE IF EXISTS `snmp_query_graph_rrd`;
SET @saved_cs_client     = @@character_set_client;
SET character_set_client = utf8;
CREATE TABLE `snmp_query_graph_rrd` (
  `snmp_query_graph_id` mediumint(8) unsigned NOT NULL default '0',
  `data_template_id` mediumint(8) unsigned NOT NULL default '0',
  `data_template_rrd_id` mediumint(8) unsigned NOT NULL default '0',
  `snmp_field_name` varchar(50) NOT NULL default '0',
  PRIMARY KEY  (`snmp_query_graph_id`,`data_template_id`,`data_template_rrd_id`),
  KEY `data_template_rrd_id` (`data_template_rrd_id`),
  KEY `snmp_query_graph_id` (`snmp_query_graph_id`)
) ENGINE=MyISAM DEFAULT CHARSET=latin1;
SET character_set_client = @saved_cs_client;

--
-- Dumping data for table `snmp_query_graph_rrd`
--

LOCK TABLES `snmp_query_graph_rrd` WRITE;
/*!40000 ALTER TABLE `snmp_query_graph_rrd` DISABLE KEYS */;
INSERT INTO `snmp_query_graph_rrd` VALUES (2,38,47,'ifInDiscards'),(3,40,52,'ifOutNUcastPkts'),(3,40,53,'ifInNUcastPkts'),(4,39,48,'ifInUcastPkts'),(2,38,51,'ifOutErrors'),(6,3,3,'dskAvail'),(6,3,4,'dskUsed'),(7,7,8,'kbWirelessStationExclHellos'),(7,8,9,'kbWirelessStationExclHellos'),(8,10,11,'kbWirelessStationExclHellos'),(8,9,10,'kbWirelessStationExclHellos'),(9,41,55,'ifHCOutOctets'),(9,41,54,'ifHCInOctets'),(10,35,38,'nwVolSize'),(10,35,40,'nwVolFreeable'),(10,35,39,'nwVolFree'),(11,36,42,'nwVolTotalDirEntries'),(11,36,43,'nwVolUsedDirEntries'),(2,38,50,'ifOutDiscards'),(2,38,46,'ifInErrors'),(13,41,54,'ifInOctets'),(14,41,54,'ifHCInOctets'),(14,41,55,'ifHCOutOctets'),(13,41,55,'ifOutOctets'),(4,39,49,'ifOutUcastPkts'),(15,37,44,'dskAvailable'),(16,41,54,'ifInOctets'),(16,41,55,'ifOutOctets'),(15,37,56,'dskUsed'),(17,42,76,'nwhrProcessorUtilization'),(18,43,78,'hrStorageUsed'),(18,43,92,'hrStorageSize'),(19,44,79,'hrProcessorLoad'),(20,41,55,'ifOutOctets'),(20,41,54,'ifInOctets'),(21,41,55,'ifOutOctets'),(21,41,54,'ifInOctets'),(22,41,55,'ifOutOctets'),(22,41,54,'ifInOctets');
/*!40000 ALTER TABLE `snmp_query_graph_rrd` ENABLE KEYS */;
UNLOCK TABLES;

--
-- Table structure for table `snmp_query_graph_rrd_sv`
--

DROP TABLE IF EXISTS `snmp_query_graph_rrd_sv`;
SET @saved_cs_client     = @@character_set_client;
SET character_set_client = utf8;
CREATE TABLE `snmp_query_graph_rrd_sv` (
  `id` mediumint(8) unsigned NOT NULL auto_increment,
  `hash` varchar(32) NOT NULL default '',
  `snmp_query_graph_id` mediumint(8) unsigned NOT NULL default '0',
  `data_template_id` mediumint(8) unsigned NOT NULL default '0',
  `sequence` mediumint(8) unsigned NOT NULL default '0',
  `field_name` varchar(100) NOT NULL default '',
  `text` varchar(255) NOT NULL default '',
  PRIMARY KEY  (`id`),
  KEY `snmp_query_graph_id` (`snmp_query_graph_id`),
  KEY `data_template_id` (`data_template_id`)
) ENGINE=MyISAM AUTO_INCREMENT=110 DEFAULT CHARSET=latin1;
SET character_set_client = @saved_cs_client;

--
-- Dumping data for table `snmp_query_graph_rrd_sv`
--

LOCK TABLES `snmp_query_graph_rrd_sv` WRITE;
/*!40000 ALTER TABLE `snmp_query_graph_rrd_sv` DISABLE KEYS */;
INSERT INTO `snmp_query_graph_rrd_sv` VALUES (10,'5d3a8b2f4a454e5b0a1494e00fe7d424',6,3,1,'name','|host_description| - Partition - |query_dskDevice|'),(11,'d0b49af67a83c258ef1eab3780f7b3dc',7,7,1,'name','|host_description| - Wireless Noise Level - |query_kbWirelessStationName|'),(12,'bf6b966dc369f3df2ea640a90845e94c',7,8,1,'name','|host_description| - Wireless Signal Level - |query_kbWirelessStationName|'),(13,'5c3616603a7ac9d0c1cb9556b377a74f',8,10,1,'name','|host_description| - Wireless Re-Transmissions - |query_kbWirelessStationName|'),(14,'080f0022f77044a512b083e3a8304e8b',8,9,1,'name','|host_description| - Wireless Transmissions - |query_kbWirelessStationName|'),(30,'8132fa9c446e199732f0102733cb1714',11,36,1,'name','|host_description| - Directories - |query_nwVolPhysicalName|'),(29,'8fc9a94a5f6ef902a3de0fa7549e7476',10,35,1,'name','|host_description| - Volumes - |query_nwVolPhysicalName|'),(80,'27eb220995925e1a5e0e41b2582a2af6',16,41,1,'rrd_maximum','|query_ifSpeed|'),(85,'e85ddc56efa677b70448f9e931360b77',14,41,1,'rrd_maximum','|query_ifSpeed|'),(84,'37bb8c5b38bb7e89ec88ea7ccacf44d4',14,41,4,'name','|host_description| - Traffic - |query_ifDescr|'),(83,'62a47c18be10f273a5f5a13a76b76f54',14,41,3,'name','|host_description| - Traffic - |query_ifIP|/|query_ifDescr|'),(32,'',12,37,1,'name','|host_description| - Partition - |query_dskDevice|'),(49,'6537b3209e0697fbec278e94e7317b52',2,38,1,'name','|host_description| - Errors - |query_ifIP| - |query_ifName|'),(50,'6d3f612051016f48c951af8901720a1c',2,38,2,'name','|host_description| - Errors - |query_ifName|'),(51,'62bc981690576d0b2bd0041ec2e4aa6f',2,38,3,'name','|host_description| - Errors - |query_ifIP|/|query_ifDescr|'),(52,'adb270d55ba521d205eac6a21478804a',2,38,4,'name','|host_description| - Errors - |query_ifDescr|'),(54,'77065435f3bbb2ff99bc3b43b81de8fe',3,40,1,'name','|host_description| - Non-Unicast Packets - |query_ifIP| - |query_ifName|'),(55,'240d8893092619c97a54265e8d0b86a1',3,40,2,'name','|host_description| - Non-Unicast Packets - |query_ifName|'),(56,'4b200ecf445bdeb4c84975b74991df34',3,40,3,'name','|host_description| - Non-Unicast Packets - |query_ifIP|/|query_ifDescr|'),(57,'d6da3887646078e4d01fe60a123c2179',3,40,4,'name','|host_description| - Non-Unicast Packets - |query_ifDescr|'),(59,'ce7769b97d80ca31d21f83dc18ba93c2',4,39,1,'name','|host_description| - Unicast Packets - |query_ifIP| - |query_ifName|'),(60,'1ee1f9717f3f4771f7f823ca5a8b83dd',4,39,2,'name','|host_description| - Unicast Packets - |query_ifName|'),(61,'a7dbd54604533b592d4fae6e67587e32',4,39,3,'name','|host_description| - Unicast Packets - |query_ifIP|/|query_ifDescr|'),(62,'b148fa7199edcf06cd71c89e5c5d7b63',4,39,4,'name','|host_description| - Unicast Packets - |query_ifDescr|'),(69,'cb09784ba05e401a3f1450126ed1e395',15,37,1,'name','|host_description| - Free Space - |query_dskDevice|'),(70,'87a659326af8c75158e5142874fd74b0',13,41,1,'name','|host_description| - Traffic - |query_ifIP| - |query_ifName|'),(72,'14aa2dead86bbad0f992f1514722c95e',13,41,2,'name','|host_description| - Traffic - |query_ifName|'),(73,'70390712158c3c5052a7d830fb456489',13,41,3,'name','|host_description| - Traffic - |query_ifIP|/|query_ifDescr|'),(74,'084efd82bbddb69fb2ac9bd0b0f16ac6',13,41,4,'name','|host_description| - Traffic - |query_ifDescr|'),(75,'7e093c535fa3d810fa76fc3d8c80c94b',13,41,1,'rrd_maximum','|query_ifSpeed|'),(76,'c7ee2110bf81639086d2da03d9d88286',16,41,1,'name','|host_description| - Traffic - |query_ifIP| - |query_ifName|'),(77,'8ef8ae2ef548892ab95bb6c9f0b3170e',16,41,2,'name','|host_description| - Traffic - |query_ifName|'),(78,'3a0f707d1c8fd0e061b70241541c7e2e',16,41,3,'name','|host_description| - Traffic - |query_ifIP|/|query_ifDescr|'),(79,'2347e9f53564a54d43f3c00d4b60040d',16,41,4,'name','|host_description| - Traffic - |query_ifDescr|'),(81,'2e8b27c63d98249096ad5bc320787f43',14,41,1,'name','|host_description| - Traffic - |query_ifIP| - |query_ifName|'),(82,'8d820d091ec1a9683cfa74a462f239ee',14,41,2,'name','|host_description| - Traffic - |query_ifName|'),(86,'c582d3b37f19e4a703d9bf4908dc6548',9,41,1,'name','|host_description| - Traffic - |query_ifIP| - |query_ifName|'),(88,'e1be83d708ed3c0b8715ccb6517a0365',9,41,2,'name','|host_description| - Traffic - |query_ifName|'),(89,'57a9ae1f197498ca8dcde90194f61cbc',9,41,3,'name','|host_description| - Traffic - |query_ifIP|/|query_ifDescr|'),(90,'0110e120981c7ff15304e4a85cb42cbe',9,41,4,'name','|host_description| - Traffic - |query_ifDescr|'),(91,'ce0b9c92a15759d3ddbd7161d26a98b7',9,41,1,'rrd_maximum','|query_ifSpeed|'),(92,'42277993a025f1bfd85374d6b4deeb60',17,42,1,'name','|host_description| - CPU Utilization - CPU|query_nwhrProcessorNum|'),(93,'a3f280327b1592a1a948e256380b544f',18,43,1,'name','|host_description| - Used Space - |query_hrStorageDescr|'),(94,'b5a724edc36c10891fa2a5c370d55b6f',19,44,1,'name','|host_description| - CPU Utilization - CPU|query_hrProcessorFrwID|'),(95,'7e87efd0075caba9908e2e6e569b25b0',20,41,1,'name','|host_description| - Traffic - |query_ifIP| - |query_ifName|'),(96,'dd28d96a253ab86846aedb25d1cca712',20,41,2,'name','|host_description| - Traffic - |query_ifName|'),(97,'ce425fed4eb3174e4f1cde9713eeafa0',20,41,3,'name','|host_description| - Traffic - |query_ifIP|/|query_ifDescr|'),(98,'d0d05156ddb2c65181588db4b64d3907',20,41,4,'name','|host_description| - Traffic - |query_ifDescr|'),(99,'3b018f789ff72cc5693ef79e3a794370',20,41,1,'rrd_maximum','|query_ifSpeed|'),(100,'b225229dbbb48c1766cf90298674ceed',21,41,1,'name','|host_description| - Traffic - |query_ifIP| - |query_ifName|'),(101,'c79248ddbbd195907260887b021a055d',21,41,2,'name','|host_description| - Traffic - |query_ifName|'),(102,'12a6750d973b7f14783f205d86220082',21,41,3,'name','|host_description| - Traffic - |query_ifIP|/|query_ifDescr|'),(103,'25b151fcfe093812cb5c208e36dd697e',21,41,4,'name','|host_description| - Traffic - |query_ifDescr|'),(104,'e9ab404a294e406c20fdd30df766161f',21,41,1,'rrd_maximum','|query_ifSpeed|'),(105,'119578a4f01ab47e820b0e894e5e5bb3',22,41,1,'name','|host_description| - Traffic - |query_ifIP| - |query_ifName|'),(106,'940e57d24b2623849c77b59ed05931b9',22,41,2,'name','|host_description| - Traffic - |query_ifName|'),(107,'0f045eab01bbc4437b30da568ed5cb03',22,41,3,'name','|host_description| - Traffic - |query_ifIP|/|query_ifDescr|'),(108,'bd70bf71108d32f0bf91b24c85b87ff0',22,41,4,'name','|host_description| - Traffic - |query_ifDescr|'),(109,'fdc4cb976c4b9053bfa2af791a21c5b5',22,41,1,'rrd_maximum','|query_ifSpeed|');
/*!40000 ALTER TABLE `snmp_query_graph_rrd_sv` ENABLE KEYS */;
UNLOCK TABLES;

--
-- Table structure for table `snmp_query_graph_sv`
--

DROP TABLE IF EXISTS `snmp_query_graph_sv`;
SET @saved_cs_client     = @@character_set_client;
SET character_set_client = utf8;
CREATE TABLE `snmp_query_graph_sv` (
  `id` mediumint(8) unsigned NOT NULL auto_increment,
  `hash` varchar(32) NOT NULL default '',
  `snmp_query_graph_id` mediumint(8) unsigned NOT NULL default '0',
  `sequence` mediumint(8) unsigned NOT NULL default '0',
  `field_name` varchar(100) NOT NULL default '',
  `text` varchar(255) NOT NULL default '',
  PRIMARY KEY  (`id`),
  KEY `snmp_query_graph_id` (`snmp_query_graph_id`)
) ENGINE=MyISAM AUTO_INCREMENT=50 DEFAULT CHARSET=latin1;
SET character_set_client = @saved_cs_client;

--
-- Dumping data for table `snmp_query_graph_sv`
--

LOCK TABLES `snmp_query_graph_sv` WRITE;
/*!40000 ALTER TABLE `snmp_query_graph_sv` DISABLE KEYS */;
INSERT INTO `snmp_query_graph_sv` VALUES (7,'437918b8dcd66a64625c6cee481fff61',6,1,'title','|host_description| - Disk Space - |query_dskPath|'),(5,'2ddc61ff4bd9634f33aedce9524b7690',7,1,'title','|host_description| - Wireless Levels (|query_kbWirelessStationName|)'),(6,'c72e2da7af2cdbd6b44a5eb42c5b4758',8,1,'title','|host_description| - Wireless Transmissions (|query_kbWirelessStationName|)'),(11,'a412c5dfa484b599ec0f570979fdbc9e',10,1,'title','|host_description| - Volume Information - |query_nwVolPhysicalName|'),(12,'48f4792dd49fefd7d640ec46b1d7bdb3',11,1,'title','|host_description| - Directory Information - |query_nwVolPhysicalName|'),(14,'',12,1,'title','|host_description| - Disk Space - |query_dskDevice|'),(15,'49dca5592ac26ff149a4fbd18d690644',13,1,'title','|host_description| - Traffic - |query_ifName|'),(16,'bda15298139ad22bdc8a3b0952d4e3ab',13,2,'title','|host_description| - Traffic - |query_ifIP| (|query_ifDescr|)'),(17,'29e48483d0471fcd996bfb702a5960aa',13,3,'title','|host_description| - Traffic - |query_ifDescr|/|query_ifIndex|'),(18,'3f42d358965cb94ce4f708b59e04f82b',14,1,'title','|host_description| - Traffic - |query_ifName|'),(19,'45f44b2f811ea8a8ace1cbed8ef906f1',14,2,'title','|host_description| - Traffic - |query_ifIP| (|query_ifDescr|)'),(20,'69c14fbcc23aecb9920b3cdad7f89901',14,3,'title','|host_description| - Traffic - |query_ifDescr|/|query_ifIndex|'),(21,'299d3434851fc0d5c0e105429069709d',2,1,'title','|host_description| - Errors - |query_ifName|'),(22,'8c8860b17fd67a9a500b4cb8b5e19d4b',2,2,'title','|host_description| - Errors - |query_ifIP| (|query_ifDescr|)'),(23,'d96360ae5094e5732e7e7496ceceb636',2,3,'title','|host_description| - Errors - |query_ifDescr|/|query_ifIndex|'),(24,'750a290cadc3dc60bb682a5c5f47df16',3,1,'title','|host_description| - Non-Unicast Packets - |query_ifName|'),(25,'bde195eecc256c42ca9725f1f22c1dc0',3,2,'title','|host_description| - Non-Unicast Packets - |query_ifIP| (|query_ifDescr|)'),(26,'d9e97d22689e4ffddaca23b46f2aa306',3,3,'title','|host_description| - Non-Unicast Packets - |query_ifDescr|/|query_ifIndex|'),(27,'48ceaba62e0c2671a810a7f1adc5f751',4,1,'title','|host_description| - Unicast Packets - |query_ifName|'),(28,'d6258884bed44abe46d264198adc7c5d',4,2,'title','|host_description| - Unicast Packets - |query_ifIP| (|query_ifDescr|)'),(29,'6eb58d9835b2b86222306d6ced9961d9',4,3,'title','|host_description| - Unicast Packets - |query_ifDescr|/|query_ifIndex|'),(30,'f21b23df740bc4a2d691d2d7b1b18dba',15,1,'title','|host_description| - Disk Space - |query_dskDevice|'),(31,'7fb4a267065f960df81c15f9022cd3a4',16,1,'title','|host_description| - Traffic - |query_ifName|'),(32,'e403f5a733bf5c8401a110609683deb3',16,2,'title','|host_description| - Traffic - |query_ifIP| (|query_ifDescr|)'),(33,'809c2e80552d56b65ca496c1c2fff398',16,3,'title','|host_description| - Traffic - |query_ifDescr|/|query_ifIndex|'),(34,'0a5eb36e98c04ad6be8e1ef66caeed3c',9,1,'title','|host_description| - Traffic - |query_ifName|'),(35,'4c4386a96e6057b7bd0b78095209ddfa',9,2,'title','|host_description| - Traffic - |query_ifIP| (|query_ifDescr|)'),(36,'fd3a384768b0388fa64119fe2f0cc113',9,3,'title','|host_description| - Traffic - |query_ifDescr|/|query_ifIndex|'),(38,'9852782792ede7c0805990e506ac9618',18,1,'title','|host_description| - Used Space - |query_hrStorageDescr|'),(39,'fa2f07ab54fce72eea684ba893dd9c95',19,1,'title','|host_description| - CPU Utilization - CPU|query_hrProcessorFrwID|'),(40,'d99f8db04fd07bcd2260d246916e03da',17,1,'title','|host_description| - CPU Utilization - CPU|query_nwhrProcessorNum|'),(41,'f434ec853c479d424276f367e9806a75',20,1,'title','|host_description| - Traffic - |query_ifName|'),(42,'9b085245847444c5fb90ebbf4448e265',20,2,'title','|host_description| - Traffic - |query_ifIP| (|query_ifDescr|)'),(43,'5977863f28629bd8eb93a2a9cbc3e306',20,3,'title','|host_description| - Traffic - |query_ifDescr|/|query_ifIndex|'),(44,'37b6711af3930c56309cf8956d8bbf14',21,1,'title','|host_description| - Traffic - |query_ifName|'),(45,'cc435c5884a75421329a9b08207c1c90',21,2,'title','|host_description| - Traffic - |query_ifIP| (|query_ifDescr|)'),(46,'82edeea1ec249c9818773e3145836492',21,3,'title','|host_description| - Traffic - |query_ifDescr|/|query_ifIndex|'),(47,'87522150ee8a601b4d6a1f6b9e919c47',22,1,'title','|host_description| - Traffic - |query_ifName|'),(48,'993a87c04f550f1209d689d584aa8b45',22,2,'title','|host_description| - Traffic - |query_ifIP| (|query_ifDescr|)'),(49,'183bb486c92a566fddcb0585ede37865',22,3,'title','|host_description| - Traffic - |query_ifDescr|/|query_ifIndex|');
/*!40000 ALTER TABLE `snmp_query_graph_sv` ENABLE KEYS */;
UNLOCK TABLES;

--
-- Table structure for table `user_auth`
--

DROP TABLE IF EXISTS `user_auth`;
SET @saved_cs_client     = @@character_set_client;
SET character_set_client = utf8;
CREATE TABLE `user_auth` (
  `id` mediumint(8) unsigned NOT NULL auto_increment,
  `username` varchar(50) NOT NULL default '0',
  `password` varchar(50) NOT NULL default '0',
  `realm` mediumint(8) NOT NULL default '0',
  `full_name` varchar(100) default '0',
  `must_change_password` char(2) default NULL,
  `show_tree` char(2) default 'on',
  `show_list` char(2) default 'on',
  `show_preview` char(2) NOT NULL default 'on',
  `graph_settings` char(2) default NULL,
  `login_opts` tinyint(1) NOT NULL default '1',
  `policy_graphs` tinyint(1) unsigned NOT NULL default '1',
  `policy_trees` tinyint(1) unsigned NOT NULL default '1',
  `policy_hosts` tinyint(1) unsigned NOT NULL default '1',
  `policy_graph_templates` tinyint(1) unsigned NOT NULL default '1',
  `enabled` char(2) NOT NULL default 'on',
  PRIMARY KEY  (`id`),
  KEY `username` (`username`),
  KEY `realm` (`realm`),
  KEY `enabled` (`enabled`)
) ENGINE=MyISAM AUTO_INCREMENT=4 DEFAULT CHARSET=latin1;
SET character_set_client = @saved_cs_client;

--
-- Dumping data for table `user_auth`
--

LOCK TABLES `user_auth` WRITE;
/*!40000 ALTER TABLE `user_auth` DISABLE KEYS */;
INSERT INTO `user_auth` VALUES (1,'admin','af100d7d88768a3b87189ad0f1f0a64e',0,'Administrator','','on','on','on','on',1,1,1,1,1,'on');
/*!40000 ALTER TABLE `user_auth` ENABLE KEYS */;
UNLOCK TABLES;

--
-- Table structure for table `user_auth_perms`
--

DROP TABLE IF EXISTS `user_auth_perms`;
SET @saved_cs_client     = @@character_set_client;
SET character_set_client = utf8;
CREATE TABLE `user_auth_perms` (
  `user_id` mediumint(8) unsigned NOT NULL default '0',
  `item_id` mediumint(8) unsigned NOT NULL default '0',
  `type` tinyint(2) unsigned NOT NULL default '0',
  PRIMARY KEY  (`user_id`,`item_id`,`type`),
  KEY `user_id` (`user_id`,`type`)
) ENGINE=MyISAM DEFAULT CHARSET=latin1;
SET character_set_client = @saved_cs_client;

--
-- Dumping data for table `user_auth_perms`
--

LOCK TABLES `user_auth_perms` WRITE;
/*!40000 ALTER TABLE `user_auth_perms` DISABLE KEYS */;
/*!40000 ALTER TABLE `user_auth_perms` ENABLE KEYS */;
UNLOCK TABLES;

--
-- Table structure for table `user_auth_realm`
--

DROP TABLE IF EXISTS `user_auth_realm`;
SET @saved_cs_client     = @@character_set_client;
SET character_set_client = utf8;
CREATE TABLE `user_auth_realm` (
  `realm_id` mediumint(8) unsigned NOT NULL default '0',
  `user_id` mediumint(8) unsigned NOT NULL default '0',
  PRIMARY KEY  (`realm_id`,`user_id`),
  KEY `user_id` (`user_id`)
) ENGINE=MyISAM DEFAULT CHARSET=latin1;
SET character_set_client = @saved_cs_client;

--
-- Dumping data for table `user_auth_realm`
--

LOCK TABLES `user_auth_realm` WRITE;
/*!40000 ALTER TABLE `user_auth_realm` DISABLE KEYS */;
INSERT INTO `user_auth_realm` VALUES (1,1),(2,1),(3,1),(4,1),(5,1),(7,1),(7,3),(8,1),(9,1),(10,1),(11,1),(12,1),(13,1),(14,1),(15,1),(16,1),(17,1);
/*!40000 ALTER TABLE `user_auth_realm` ENABLE KEYS */;
UNLOCK TABLES;

--
-- Table structure for table `user_log`
--

DROP TABLE IF EXISTS `user_log`;
SET @saved_cs_client     = @@character_set_client;
SET character_set_client = utf8;
CREATE TABLE `user_log` (
  `username` varchar(50) NOT NULL default '0',
  `user_id` mediumint(8) NOT NULL default '0',
  `time` datetime NOT NULL default '0000-00-00 00:00:00',
  `result` tinyint(1) NOT NULL default '0',
  `ip` varchar(40) NOT NULL default '',
  PRIMARY KEY  (`username`,`user_id`,`time`),
  KEY `username` (`username`)
) ENGINE=MyISAM DEFAULT CHARSET=latin1;
SET character_set_client = @saved_cs_client;

--
-- Dumping data for table `user_log`
--

LOCK TABLES `user_log` WRITE;
/*!40000 ALTER TABLE `user_log` DISABLE KEYS */;
INSERT INTO `user_log` VALUES ('admin',1,'2010-10-26 12:33:19',1,'66.223.57.109'),('admin',0,'0000-00-00 00:00:00',3,'66.223.57.109'),('admin',1,'2010-12-02 14:53:23',1,'66.223.56.48'),('admin',1,'2010-12-03 10:14:34',1,'66.223.57.8'),('',0,'2010-12-05 07:20:26',0,'209.213.117.44'),('1291551832 OR 1 1 ',0,'2010-12-05 07:20:28',0,'209.213.117.44'),('',0,'2010-12-05 07:20:28',0,'209.213.117.44'),('1291551834 OR 1 1 ',0,'2010-12-05 07:20:28',0,'209.213.117.44'),('',0,'2010-12-18 13:21:14',0,'209.213.117.235'),('1292696477 OR 1 1 ',0,'2010-12-18 13:21:14',0,'209.213.117.235'),('1292696477 OR 1 1 ',0,'2010-12-18 13:21:15',0,'209.213.117.235'),('',0,'2010-12-21 09:58:19',0,'209.213.117.235'),('1292943514 OR 1 1 ',0,'2010-12-21 09:58:19',0,'209.213.117.235'),('',0,'2011-01-04 08:17:55',0,'209.213.117.235'),('1294147146 OR 1 1 ',0,'2011-01-04 08:17:55',0,'209.213.117.235'),('1294147147 OR 1 1 ',0,'2011-01-04 08:17:55',0,'209.213.117.235'),('root',0,'2011-01-12 10:34:47',0,'122.174.212.191'),('prem',0,'2011-01-12 10:36:18',0,'122.174.212.191'),('prem',0,'2011-01-12 10:36:24',0,'122.174.212.191'),('prem',0,'2011-01-12 10:36:28',0,'122.174.212.191'),('admin',0,'2011-01-12 10:39:17',0,'122.174.212.191'),('cacti',0,'2011-01-12 10:39:32',0,'122.174.212.191'),('',0,'2011-01-18 07:06:26',0,'209.213.117.235'),('1295352515 OR 1 1 ',0,'2011-01-18 07:06:26',0,'209.213.117.235'),('',0,'2011-02-01 06:28:50',0,'209.213.117.235'),('1296559917 OR 1 1 ',0,'2011-02-01 06:28:50',0,'209.213.117.235'),('',0,'2011-02-15 08:50:26',0,'209.213.117.235'),('1297778072 OR 1 1 ',0,'2011-02-15 08:50:26',0,'209.213.117.235'),('admin',0,'2011-02-16 08:39:22',0,'122.174.170.90'),('admin',0,'2011-02-16 08:39:28',0,'122.174.170.90'),('admin',0,'2011-02-16 08:39:34',0,'122.174.170.90'),('admin',1,'2011-02-16 08:42:06',1,'122.174.170.90'),('admin',1,'2011-02-16 09:04:42',1,'122.174.170.90'),('admin',0,'2011-02-16 09:05:09',0,'122.174.170.90'),('admin',1,'2011-02-16 09:05:14',1,'122.174.170.90'),('admin',0,'2011-02-24 06:02:49',0,'122.174.81.149'),('admin',1,'2011-02-24 06:02:52',1,'122.174.81.149'),('admin',1,'2011-02-24 09:25:20',1,'122.174.81.149'),('admin',0,'2011-02-28 08:55:11',0,'122.174.159.142'),('admin',1,'2011-02-28 08:55:33',1,'122.174.159.142'),('admin',1,'2011-02-28 11:59:37',1,'122.174.159.142'),('admin',1,'2011-02-28 14:46:58',1,'96.238.37.6'),('',0,'2011-03-01 07:38:30',0,'209.213.117.235'),('1298983413 OR 1 1 ',0,'2011-03-01 07:38:30',0,'209.213.117.235'),('1298983414 OR 1 1 ',0,'2011-03-01 07:38:30',0,'209.213.117.235'),('admin',1,'2011-03-02 09:21:35',1,'122.174.159.142'),('admin',1,'2011-03-03 07:04:41',1,'122.174.101.119'),('admin',0,'2011-03-03 08:33:32',0,'115.252.134.7'),('admin',0,'2011-03-03 08:33:51',0,'115.252.134.7'),('admin',1,'2011-03-03 08:35:11',1,'115.252.134.7'),('admin',1,'2011-03-05 08:57:07',1,'122.174.171.163'),('admin',0,'2011-03-11 09:21:46',0,'122.174.156.40'),('admin',1,'2011-03-11 09:24:06',1,'122.174.156.40'),('admin',1,'2011-03-11 11:51:01',1,'68.223.149.51'),('admin',1,'2011-03-14 11:27:20',1,'96.238.37.6'),('admin',1,'2011-03-15 05:50:18',1,'122.174.211.180'),('',0,'2011-03-15 09:15:58',0,'209.213.117.235'),('1300195319 OR 1 1 ',0,'2011-03-15 09:15:58',0,'209.213.117.235'),('admin',0,'2011-03-15 16:04:14',0,'122.174.211.180'),('admin',1,'2011-03-15 16:04:27',1,'122.174.211.180'),('admin',1,'2011-03-16 09:07:16',1,'96.238.37.6'),('',0,'2011-03-29 07:42:36',0,'209.213.117.235'),('1301399374 OR 1 1 ',0,'2011-03-29 07:42:36',0,'209.213.117.235'),('admin',1,'2011-03-30 08:55:00',1,'122.174.88.211'),('admin',0,'2011-03-30 15:22:51',0,'122.174.88.211'),('admin',1,'2011-03-30 15:23:32',1,'122.174.88.211'),('',0,'2011-04-12 07:32:31',0,'209.213.117.235'),('1302608425 OR 1 1 ',0,'2011-04-12 07:32:31',0,'209.213.117.235'),('1302608425 OR 1 1 ',0,'2011-04-12 07:32:32',0,'209.213.117.235'),('admin',1,'2011-04-12 09:14:11',1,'96.238.37.6'),('admin',1,'2011-04-12 09:57:27',1,'96.238.37.6'),('admin',1,'2011-04-12 09:58:39',1,'115.252.134.7'),('admin',1,'2011-04-19 06:52:23',1,'122.174.109.80'),('',0,'2011-04-26 07:52:44',0,'209.213.117.235'),('1303819295 OR 1 1 ',0,'2011-04-26 07:52:44',0,'209.213.117.235'),('',0,'2011-05-10 09:12:03',0,'209.213.117.235'),('1305033709 OR 1 1 ',0,'2011-05-10 09:12:03',0,'209.213.117.235'),('1305033710 OR 1 1 ',0,'2011-05-10 09:12:03',0,'209.213.117.235'),('admin',1,'2011-05-18 07:32:42',1,'122.174.126.102'),('admin',0,'2011-05-19 07:54:21',0,'122.174.156.20'),('admin',1,'2011-05-19 07:54:24',1,'122.174.156.20'),('admin',1,'2011-05-23 08:25:12',1,'122.174.105.219'),('',0,'2011-05-24 08:04:53',0,'209.213.117.235'),('1306239334 OR 1 1 ',0,'2011-05-24 08:04:53',0,'209.213.117.235'),('admin',1,'2011-05-24 08:30:28',1,'122.174.109.148'),('',0,'2011-06-07 07:31:41',0,'209.213.117.235'),('1307446997 OR 1 1 ',0,'2011-06-07 07:31:41',0,'209.213.117.235'),('admin',1,'2011-06-23 07:26:19',1,'122.174.109.188'),('admin',1,'2011-06-23 07:34:57',1,'122.174.109.188'),('',0,'2011-07-05 08:27:10',0,'209.213.117.235'),('1309869637 OR 1 1 ',0,'2011-07-05 08:27:10',0,'209.213.117.235'),('admin',0,'2011-07-07 10:26:01',0,'66.223.56.9'),('admin',0,'2011-07-07 10:26:11',0,'66.223.56.9'),('admin',0,'2011-07-07 10:26:20',0,'66.223.56.9'),('admin',0,'2011-07-07 10:26:29',0,'66.223.56.9'),('admin',0,'2011-07-07 10:26:39',0,'66.223.56.9'),('cacti',0,'2011-07-07 10:26:45',0,'66.223.56.9'),('cacti',0,'2011-07-07 10:26:54',0,'66.223.56.9'),('cacti',0,'2011-07-07 10:27:01',0,'66.223.56.9'),('cacti',0,'2011-07-07 10:27:09',0,'66.223.56.9'),('comixaddv',0,'2011-07-07 10:30:57',0,'66.223.56.9'),('admin',0,'2011-07-07 10:31:06',0,'66.223.56.9');
/*!40000 ALTER TABLE `user_log` ENABLE KEYS */;
UNLOCK TABLES;

--
-- Table structure for table `version`
--

DROP TABLE IF EXISTS `version`;
SET @saved_cs_client     = @@character_set_client;
SET character_set_client = utf8;
CREATE TABLE `version` (
  `cacti` char(20) default NULL
) ENGINE=MyISAM DEFAULT CHARSET=latin1;
SET character_set_client = @saved_cs_client;

--
-- Dumping data for table `version`
--

LOCK TABLES `version` WRITE;
/*!40000 ALTER TABLE `version` DISABLE KEYS */;
INSERT INTO `version` VALUES ('0.8.7g');
/*!40000 ALTER TABLE `version` ENABLE KEYS */;
UNLOCK TABLES;
/*!40103 SET TIME_ZONE=@OLD_TIME_ZONE */;

/*!40101 SET SQL_MODE=@OLD_SQL_MODE */;
/*!40014 SET FOREIGN_KEY_CHECKS=@OLD_FOREIGN_KEY_CHECKS */;
/*!40014 SET UNIQUE_CHECKS=@OLD_UNIQUE_CHECKS */;
/*!40101 SET CHARACTER_SET_CLIENT=@OLD_CHARACTER_SET_CLIENT */;
/*!40101 SET CHARACTER_SET_RESULTS=@OLD_CHARACTER_SET_RESULTS */;
/*!40101 SET COLLATION_CONNECTION=@OLD_COLLATION_CONNECTION */;
/*!40111 SET SQL_NOTES=@OLD_SQL_NOTES */;

-- Dump completed on 2011-07-07 15:40:53
